username,max_buzzer_prob,mean_buzzer_prob,n_tweets,n_buzzer_tweets,content_dup_score_max,lexical_similarity_score_mean,temporal_burst_score_max,posting_freq_per_hour_max,sna_out_deg_max,sna_in_deg_max,sna_betweenness_max,buzzer_label
rahayu49384,0.9990552,0.9922094,6,6,0.6666,0.023716666666666664,1.0,6,5.0,0.0,0.0,Buzzer
PutriRahma32820,0.9990345,0.98718625,6,6,0.6709,0.0232,0.8333333333333334,5,5.0,0.0,0.0,Buzzer
ayoitsmoy,0.99892384,0.87803,4,3,0.5994,0.018175,0.75,3,3.0,0.0,0.0,Buzzer
andybalala19,0.9988514,0.71965796,6,4,0.7314,0.025366666666666666,0.6666666666666666,4,5.0,0.0,0.0,Buzzer
Ginanadia67421,0.9988255,0.968507,4,4,0.7017,0.02005,0.75,3,3.0,0.0,0.0,Buzzer
NganjukSun23590,0.9988171,0.997893,5,5,0.8445,0.026600000000000002,0.8,4,4.0,0.0,0.0,Buzzer
Adiety333,0.99880755,0.8341727,6,5,0.6536,0.02413333333333333,0.8333333333333334,5,5.0,0.0,0.0,Buzzer
Ranti130920,0.99877256,0.7804502,4,3,0.8088,0.018325,0.75,3,3.0,0.0,0.0,Buzzer
rpramestaa12,0.9987544,0.99304694,6,6,0.7423,0.02576666666666667,0.6666666666666666,4,5.0,0.0,0.0,Buzzer
JancokAsu893230,0.9987393,0.99258953,6,6,1.0,0.020216666666666668,0.8333333333333334,5,5.0,0.0,0.0,Buzzer
MRidhonew16179,0.9987066,0.9956959,5,5,1.0,0.02402,0.8,4,4.0,0.0,0.0,Buzzer
indahsarii54648,0.99868935,0.5159761,4,2,0.7025,0.01985,0.75,3,3.0,0.0,0.0,Buzzer
VinaAmelia33281,0.99860555,0.9956527,3,3,0.6895,0.022633333333333335,1.0,3,3.0,0.0,0.0,Buzzer
dvrtlngi,0.9984584,0.99788684,4,4,0.7017,0.021175,1.0,4,3.0,0.0,0.0,Buzzer
carapaklek,0.9984559,0.9116652,9,8,1.0,0.020733333333333336,0.7777777777777778,7,8.0,0.0,0.0,Buzzer
dh74169970,0.99811363,0.9800162,3,3,0.6324,0.02363333333333333,1.0,3,3.0,0.0,0.0,Buzzer
ikaikuikok,0.99806565,0.9429407,3,3,0.5278,0.0151,0.6666666666666666,2,2.0,0.0,0.0,Buzzer
hilyazu,0.9979394,0.5049821,5,2,0.7613,0.017759999999999998,0.8,4,4.0,0.0,0.0,Buzzer
EndiD21883,0.9979145,0.9938108,2,2,0.7017,0.01535,1.0,2,1.0,0.0,0.0,Buzzer
AlinGibroez,0.99790895,0.9858289,6,6,1.0,0.023583333333333335,0.8333333333333334,5,5.0,0.0,0.0,Buzzer
Deewwiiiii,0.9978388,0.88483477,10,9,1.0,0.015590000000000001,0.7,7,9.0,0.0,0.0,Buzzer
noviarguna72100,0.997769,0.7857538,9,7,1.0,0.019455555555555556,0.6666666666666666,6,7.0,0.0,0.0,Buzzer
Alizazaina94321,0.99733317,0.9834145,6,6,0.5851,0.017633333333333334,1.0,6,5.0,0.0,0.0,Buzzer
rinimaulida008,0.9973097,0.994766,2,2,0.6822,0.02215,1.0,2,1.0,0.0,0.0,Buzzer
Nisarahman2327,0.9972262,0.97239214,3,3,1.0,0.016066666666666667,0.6666666666666666,2,1.0,0.0,0.0,Buzzer
AbcDef38782297,0.99703133,0.99703133,1,1,0.5746,0.0155,1.0,1,0.0,0.0,0.0,Buzzer
Fatiyazean,0.9968966,0.6648826,3,2,0.7423,0.0192,0.6666666666666666,2,2.0,0.0,0.0,Buzzer
racunserudotcom,0.9966131,0.5058037,2,1,0.5896,0.021449999999999997,0.5,1,1.0,0.0,0.0,Buzzer
Alvaro734877,0.9966079,0.9861946,4,4,0.8778,0.020175,1.0,4,4.0,0.0,0.0,Buzzer
Bbiyaku,0.9965892,0.9965892,1,1,0.6551,0.0173,1.0,1,0.0,0.0,0.0,Buzzer
yuka_riza,0.9965312,0.9965312,1,1,0.6551,0.0174,1.0,1,0.0,0.0,0.0,Buzzer
stefanyreza2000,0.99614465,0.99614465,1,1,0.6334,0.0131,1.0,1,0.0,0.0,0.0,Buzzer
DazzZulia,0.996088,0.7374568,4,3,0.783,0.021475,0.5,2,3.0,0.0,0.0,Buzzer
asep2b,0.99528027,0.9943263,2,2,0.5131,0.01435,0.5,1,1.0,0.0,0.0,Buzzer
FitriyaniT15600,0.99471825,0.99471825,1,1,0.4592,0.0164,1.0,1,0.0,0.0,0.0,Buzzer
SPayanadi,0.9946567,0.9946567,1,1,0.5693,0.0163,1.0,1,0.0,0.0,0.0,Buzzer
mintozaki75,0.9946485,0.7226817,3,1,0.5565,0.021133333333333334,1.0,3,2.0,0.0,0.0,Buzzer
bobbymenra,0.99389476,0.50667495,2,1,0.4896,0.014100000000000001,1.0,2,1.0,0.0,0.0,Buzzer
Reejanuari,0.99378526,0.99378526,1,1,0.7847,0.0164,1.0,1,0.0,0.0,0.0,Buzzer
mrplent21,0.9932499,0.9932499,1,1,0.5709,0.0137,1.0,1,0.0,0.0,0.0,Buzzer
RizkyArdia29527,0.993236,0.993236,1,1,0.5896,0.0155,1.0,1,0.0,0.0,0.0,Buzzer
Florestone16736,0.99304813,0.87689745,2,1,1.0,0.0118,1.0,2,1.0,0.0,0.0,Buzzer
odeng9222,0.9926319,0.9926319,1,1,0.604,0.0153,1.0,1,0.0,0.0,0.0,Buzzer
yani09842577669,0.9926311,0.99029255,2,2,0.7017,0.0288,1.0,2,1.0,0.0,0.0,Buzzer
yolaisabella,0.99214524,0.99214524,1,1,0.5668,0.0177,1.0,1,0.0,0.0,0.0,Buzzer
Emmeliachr59881,0.99140877,0.9388454,2,2,0.6666,0.021900000000000003,0.5,1,1.0,0.0,0.0,Buzzer
annisanurf23196,0.9903453,0.9903453,1,1,0.6626,0.0138,1.0,1,0.0,0.0,0.0,Buzzer
refiandryy,0.990324,0.990324,1,1,0.7847,0.0138,1.0,1,0.0,0.0,0.0,Buzzer
Giskaelvina,0.9898594,0.9732061,3,3,1.0,0.015600000000000001,0.6666666666666666,2,2.0,0.0,0.0,Buzzer
sunshin53314704,0.98809963,0.98809963,1,1,0.48,0.0154,1.0,1,0.0,0.0,0.0,Buzzer
Dadangsutrisn0,0.9878655,0.49624658,2,1,0.4847,0.0224,1.0,2,2.0,0.0,0.0,Buzzer
Extra7399,0.9872465,0.9872465,1,1,0.604,0.0135,1.0,1,0.0,0.0,0.0,Buzzer
mpandu_nky,0.98642504,0.95539397,2,2,0.3798,0.01345,1.0,2,2.0,0.0,0.0,Buzzer
Tessa44ut,0.9860071,0.49409837,2,1,0.4714,0.013850000000000001,0.5,1,1.0,0.0,0.0,Buzzer
dapa442,0.98518616,0.98518616,1,1,0.5715,0.0295,1.0,1,0.0,0.0,0.0,Buzzer
ZaskiaZask2031,0.9845717,0.9810413,2,2,0.5945,0.02015,1.0,2,1.0,0.0,0.0,Buzzer
IraAsri325610,0.9833301,0.49247974,2,1,0.5658,0.0151,0.5,1,1.0,0.0,0.0,Buzzer
InfoPublikIP,0.98235035,0.4924705,2,1,0.5549,0.01805,1.0,2,0.0,0.0,0.0,Buzzer
arsiamalia,0.9822925,0.9822925,1,1,0.4566,0.0147,1.0,1,0.0,0.0,0.0,Buzzer
bantalkusam_id,0.9811137,0.40170202,3,1,0.4613,0.02266666666666667,1.0,3,0.0,0.0,0.0,Buzzer
DinaPur468,0.98085517,0.9072771,2,1,0.6324,0.0132,1.0,2,1.0,0.0,0.0,Buzzer
indonesiago_id,0.9778187,0.48958707,2,1,0.5965,0.01625,1.0,2,0.0,0.0,0.0,Buzzer
Bagus_Media7,0.97735184,0.5730338,2,1,1.0,0.021249999999999998,1.0,2,1.0,0.0,0.0,Buzzer
ilikeAK_47,0.9771741,0.9771741,1,1,0.9376,0.0158,1.0,1,0.0,0.0,0.0,Buzzer
dwi_wahyu007,0.97571,0.97571,1,1,0.5062,0.0252,1.0,1,1.0,0.0,0.0,Buzzer
MohQym68316,0.9748122,0.9748122,1,1,0.8088,0.0111,1.0,1,0.0,0.0,0.0,Buzzer
Bambang65635601,0.9724963,0.9724963,1,1,0.5986,0.0113,1.0,1,0.0,0.0,0.0,Buzzer
delik_store,0.97233486,0.97233486,1,1,0.4159,0.0109,1.0,1,0.0,0.0,0.0,Buzzer
SidikHamdani96,0.96837693,0.96837693,3,3,1.0,0.0199,1.0,3,2.0,0.0,0.0,Buzzer
anggtakhsturia,0.96661925,0.96661925,1,1,0.5799,0.015,1.0,1,0.0,0.0,0.0,Buzzer
ReisaAmeli42101,0.9640484,0.9640484,1,1,0.7113,0.021,1.0,1,1.0,0.0,0.0,Buzzer
mniirtjak,0.954272,0.954272,1,1,1.0,0.0154,1.0,1,0.0,0.0,0.0,Buzzer
marufin865168,0.9400003,0.9400003,1,1,0.9527,0.014,1.0,1,0.0,0.0,0.0,Buzzer
AdhietyaTh33187,0.9369701,0.4748617,2,1,0.7368,0.01675,1.0,2,0.0,0.0,0.0,Buzzer
detikinet,0.93372864,0.3138542,3,1,1.0,0.009433333333333334,0.3333333333333333,1,0.0,0.0,0.0,Buzzer
KomariahKo26005,0.93188864,0.93188864,1,1,1.0,0.0157,1.0,1,0.0,0.0,0.0,Buzzer
DokoMadeMo,0.9307682,0.9307682,1,1,1.0,0.0173,1.0,1,0.0,0.0,0.0,Buzzer
Ryand2727,0.9182326,0.9182326,1,1,0.9539,0.0139,1.0,1,0.0,0.0,0.0,Buzzer
triedhi888,0.91764975,0.91764975,1,1,0.4519,0.0068,1.0,1,0.0,0.0,0.0,Buzzer
tauvik1212,0.9126028,0.8279264,2,1,0.7368,0.01715,0.5,1,1.0,0.0,0.0,Buzzer
EvyNurlaili,0.9113509,0.9113509,1,1,1.0,0.0137,1.0,1,0.0,0.0,0.0,Buzzer
Inara234,0.9113509,0.9113509,1,1,1.0,0.0137,1.0,1,0.0,0.0,0.0,Buzzer
Reonyree,0.90776056,0.90776056,1,1,1.0,0.0157,1.0,1,0.0,0.0,0.0,Buzzer
kerjosurvey,0.9062096,0.9062096,1,1,0.9539,0.0141,1.0,1,0.0,0.0,0.0,Buzzer
Alfiatunisah,0.9042737,0.9042737,1,1,0.3762,0.0157,1.0,1,0.0,0.0,0.0,Buzzer
alwiiihasan,0.8996893,0.7940068,2,1,0.5799,0.02205,0.5,1,1.0,0.0,0.0,Buzzer
ssigitpermana98,0.8981513,0.8981513,1,1,0.6144,0.0226,1.0,1,1.0,0.0,0.0,Buzzer
sbjagal74,0.8934554,0.8934554,1,1,0.8281,0.0172,1.0,1,0.0,0.0,0.0,Buzzer
nrlfadila_,0.8875885,0.8875885,1,1,0.4796,0.0114,1.0,1,0.0,0.0,0.0,Buzzer
BosRQ_,0.8858451,0.47131023,3,1,0.5364,0.025033333333333335,1.0,3,0.0,0.0,0.0,Buzzer
Baliho821,0.88567156,0.88567156,1,1,0.3557,0.0176,1.0,1,1.0,0.0,0.0,Buzzer
grok,0.8793786,0.47936028,2,1,0.5305,0.0299,0.5,1,2.0,0.0,0.0,Buzzer
setsundere,0.87918645,0.44311818,2,1,0.3715,0.02325,0.5,1,0.0,0.0,0.0,Buzzer
99propaganda,0.87873095,0.87873095,1,1,0.3804,0.017,1.0,1,0.0,0.0,0.0,Buzzer
PPopurii,0.8611599,0.8611599,1,1,1.0,0.0131,1.0,1,0.0,0.0,0.0,Buzzer
lina_fajri737,0.8611599,0.8611599,1,1,1.0,0.0131,1.0,1,0.0,0.0,0.0,Buzzer
wijayawilliam31,0.85990983,0.4373232,2,1,0.7933,0.0133,0.5,1,2.0,1.0,0.0,Buzzer
etisulastr17672,0.85324115,0.85324115,1,1,0.4181,0.0121,1.0,1,0.0,0.0,0.0,Buzzer
masgah_,0.84846175,0.29185915,3,0,0.5364,0.019166666666666665,0.6666666666666666,2,0.0,0.0,0.0,Non-Buzzer
fraviato,0.84263366,0.42491624,2,0,0.3312,0.01475,0.5,1,2.0,1.0,4.0160642570281125e-05,Non-Buzzer
yousuffer_why,0.8307365,0.8307365,1,0,0.4943,0.0252,1.0,1,1.0,0.0,0.0,Non-Buzzer
opusabiemanyu23,0.827706,0.827706,1,0,0.7978,0.017,1.0,1,0.0,0.0,0.0,Non-Buzzer
idlanyer_erdna,0.81597054,0.81597054,1,0,0.435,0.0157,1.0,1,0.0,0.0,0.0,Non-Buzzer
SuryanaAja13,0.8139177,0.77884406,2,0,0.4447,0.01665,1.0,2,2.0,0.0,0.0,Non-Buzzer
dianasrirahay,0.8036392,0.8036392,1,0,0.6019,0.0186,1.0,1,0.0,0.0,0.0,Non-Buzzer
01nm2_,0.778688,0.778688,1,0,0.771,0.0131,1.0,1,0.0,0.0,0.0,Non-Buzzer
p0litrick,0.76691264,0.29388657,3,0,0.7759,0.015666666666666666,1.0,3,2.0,0.0,0.0,Non-Buzzer
dantexvergil999,0.7350361,0.7350361,1,0,0.5071,0.0176,1.0,1,0.0,0.0,0.0,Non-Buzzer
erwinhbr9us,0.72122556,0.72122556,1,0,0.3866,0.0062,1.0,1,0.0,0.0,0.0,Non-Buzzer
uchihagaming321,0.7187233,0.7187233,1,0,0.4132,0.022,1.0,1,0.0,0.0,0.0,Non-Buzzer
15sketsa,0.6968214,0.6968214,1,0,0.8293,0.0124,1.0,1,0.0,0.0,0.0,Non-Buzzer
adi_wahyu35,0.6956726,0.6956726,1,0,0.2547,0.0124,1.0,1,0.0,0.0,0.0,Non-Buzzer
freshsqueezeorg,0.6848065,0.23963161,3,0,0.447,0.016766666666666666,0.3333333333333333,1,2.0,0.0,0.0,Non-Buzzer
ShoNakanoVtuber,0.62566787,0.2596422,3,0,0.4556,0.024233333333333332,0.6666666666666666,2,1.0,0.0,0.0,Non-Buzzer
ratihzatil1993,0.62284434,0.62284434,1,0,0.4237,0.0118,1.0,1,1.0,0.0,0.0,Non-Buzzer
HSBITTA,0.6223242,0.6223242,2,0,1.0,0.0171,1.0,2,0.0,0.0,0.0,Non-Buzzer
FilekRhino45516,0.6158434,0.6158434,1,0,1.0,0.0139,1.0,1,1.0,0.0,0.0,Non-Buzzer
paijokuro169599,0.6158434,0.6158434,1,0,1.0,0.0139,1.0,1,1.0,0.0,0.0,Non-Buzzer
bananaefootball,0.5858337,0.13833752,7,0,0.7978,0.017371428571428572,1.0,7,0.0,0.0,0.0,Non-Buzzer
neitee,0.5840398,0.29264966,2,0,0.3735,0.010700000000000001,0.5,1,1.0,0.0,0.0,Non-Buzzer
MasJawaNinja,0.5372166,0.5372166,1,0,0.368,0.0173,1.0,1,1.0,0.0,0.0,Non-Buzzer
Harurowrr,0.46517116,0.46517116,1,0,0.4633,0.0165,1.0,1,1.0,0.0,0.0,Non-Buzzer
ferrykoto,0.46397066,0.23360194,2,0,1.0,0.01025,0.5,1,0.0,23.0,0.0,Non-Buzzer
CNNIndonesia,0.4321347,0.4321347,1,0,1.0,0.0111,1.0,1,0.0,0.0,0.0,Non-Buzzer
SabethAnge12086,0.4229985,0.4229985,1,0,0.5161,0.0198,1.0,1,0.0,0.0,0.0,Non-Buzzer
hydarnus,0.36658114,0.19201456,2,0,0.5321,0.0276,0.5,1,0.0,0.0,0.0,Non-Buzzer
fuckchmstry,0.36534518,0.13083223,3,0,0.448,0.018333333333333333,0.6666666666666666,2,1.0,0.0,0.0,Non-Buzzer
dude_bukan,0.36486316,0.36486316,1,0,0.3596,0.019,1.0,1,0.0,0.0,0.0,Non-Buzzer
noone_n_nobody_,0.35717466,0.18886161,2,0,0.6978,0.0169,0.5,1,2.0,0.0,0.0,Non-Buzzer
gerbongbagasi,0.34166548,0.34166548,1,0,1.0,0.0418,1.0,1,1.0,0.0,0.0,Non-Buzzer
Howie3D,0.3163615,0.16770114,2,0,0.4457,0.0221,0.5,1,0.0,0.0,0.0,Non-Buzzer
ardhikaluth28,0.29277888,0.29277888,1,0,0.4213,0.0168,1.0,1,1.0,0.0,0.0,Non-Buzzer
AnimindoNet,0.28750753,0.1449332,2,0,0.4881,0.011099999999999999,0.5,1,0.0,0.0,0.0,Non-Buzzer
Kayn77159766,0.28442317,0.28442317,1,0,0.714,0.0193,1.0,1,1.0,0.0,0.0,Non-Buzzer
YusrilEka411,0.2715842,0.2715842,1,0,0.5419,0.0077,1.0,1,0.0,0.0,0.0,Non-Buzzer
5adnile8,0.26966652,0.13835375,2,0,0.6108,0.012199999999999999,0.5,1,2.0,1.0,0.0,Non-Buzzer
si4riNew,0.26668286,0.26668286,1,0,0.3145,0.0294,1.0,1,1.0,0.0,0.0,Non-Buzzer
marcenalius,0.25366774,0.25366774,1,0,0.4775,0.0235,1.0,1,1.0,0.0,0.0,Non-Buzzer
SerMorningstar,0.25129706,0.25129706,1,0,0.3915,0.0136,1.0,1,0.0,0.0,0.0,Non-Buzzer
Lipssszzz____,0.24472125,0.18925399,2,0,0.595,0.015099999999999999,0.5,1,2.0,0.0,0.0,Non-Buzzer
shimoneta1601,0.24425763,0.24425763,1,0,0.3283,0.0101,1.0,1,1.0,0.0,0.0,Non-Buzzer
Serenz0_,0.22655332,0.22655332,1,0,0.4706,0.0124,1.0,1,0.0,0.0,0.0,Non-Buzzer
hakeruuu,0.22488886,0.22488886,1,0,0.5763,0.0114,1.0,1,0.0,0.0,0.0,Non-Buzzer
mochf_,0.22194275,0.22194275,1,0,0.4475,0.0226,1.0,1,1.0,0.0,0.0,Non-Buzzer
SenaRedo,0.21619228,0.10874839,2,0,0.4878,0.01285,1.0,2,0.0,0.0,0.0,Non-Buzzer
bmawjy,0.20758776,0.11203621,2,0,0.3555,0.01575,1.0,2,2.0,0.0,0.0,Non-Buzzer
KumekaGenzo77,0.1980022,0.06750561,9,0,0.6653,0.00981111111111111,1.0,9,1.0,0.0,0.0,Non-Buzzer
DokutahLianSyah,0.19018948,0.045026086,5,0,0.8302,0.01234,0.4,2,2.0,0.0,0.0,Non-Buzzer
kerissakti,0.18740445,0.12693237,3,0,1.0,0.016966666666666668,0.6666666666666666,2,2.0,24.0,0.0001606425702811245,Non-Buzzer
Alex_Brigz,0.18395333,0.110275336,3,0,0.628,0.014766666666666666,1.0,3,3.0,1.0,8.032128514056225e-05,Non-Buzzer
yeojinwibu,0.18180461,0.18180461,1,0,0.629,0.0099,1.0,1,0.0,0.0,0.0,Non-Buzzer
zai25452114159,0.18131705,0.18131705,1,0,0.6052,0.0029,1.0,1,1.0,0.0,0.0,Non-Buzzer
NicknationGames,0.16409354,0.16409354,1,0,0.7087,0.0068,1.0,1,0.0,1.0,0.0,Non-Buzzer
WitheredShulker,0.16401096,0.16401096,1,0,0.4754,0.0044,1.0,1,0.0,0.0,0.0,Non-Buzzer
WibuPsikopatDes,0.1592506,0.1592506,1,0,1.0,0.0215,1.0,1,1.0,0.0,0.0,Non-Buzzer
dandibudiman262,0.15909438,0.15909438,1,0,0.4444,0.0083,1.0,1,1.0,0.0,0.0,Non-Buzzer
tsanyqudsi,0.15647726,0.15647726,1,0,0.4057,0.0214,1.0,1,1.0,0.0,0.0,Non-Buzzer
0p_py,0.15344328,0.10535902,2,0,1.0,0.01375,0.5,1,0.0,0.0,0.0,Non-Buzzer
zakisemma,0.14997864,0.14997864,1,0,0.5419,0.014,1.0,1,0.0,0.0,0.0,Non-Buzzer
no_octis,0.14045204,0.14045204,1,0,0.5384,0.0109,1.0,1,0.0,0.0,0.0,Non-Buzzer
jamal8204,0.1376356,0.1376356,1,0,0.3141,0.0139,1.0,1,1.0,0.0,0.0,Non-Buzzer
naufalfauzan,0.13696305,0.13696305,1,0,0.5159,0.0088,1.0,1,0.0,0.0,0.0,Non-Buzzer
ParkBowie,0.13242973,0.13242973,1,0,0.4226,0.0281,1.0,1,1.0,0.0,0.0,Non-Buzzer
MuchBsyrry,0.10443085,0.056098036,2,0,0.3198,0.01565,0.5,1,0.0,0.0,0.0,Non-Buzzer
TarantikaA93671,0.102993935,0.102993935,1,0,0.3812,0.0158,1.0,1,1.0,0.0,0.0,Non-Buzzer
ChouSenka,0.10269332,0.10269332,1,0,0.4437,0.0172,1.0,1,1.0,3.0,0.0,Non-Buzzer
reinardstar,0.099503584,0.056882404,2,0,0.7475,0.00975,1.0,2,0.0,0.0,0.0,Non-Buzzer
rayestu,0.09865344,0.052102275,2,0,0.3715,0.0176,0.5,1,0.0,1.0,0.0,Non-Buzzer
danrrrrrrr,0.09856776,0.09856776,1,0,1.0,0.0215,1.0,1,0.0,0.0,0.0,Non-Buzzer
mirfan_16,0.09835635,0.09835635,1,0,0.4249,0.0088,1.0,1,1.0,0.0,0.0,Non-Buzzer
nonmicin_,0.09523687,0.09523687,1,0,0.2801,0.0128,1.0,1,1.0,0.0,0.0,Non-Buzzer
dadarjiwoo,0.09166168,0.09166168,1,0,0.7475,0.013,1.0,1,0.0,0.0,0.0,Non-Buzzer
inimahjapran,0.08940736,0.08940736,1,0,0.5353,0.0094,1.0,1,1.0,0.0,0.0,Non-Buzzer
purityringgu,0.08651808,0.08651808,1,0,0.5988,0.02,1.0,1,1.0,0.0,0.0,Non-Buzzer
ONarsen,0.086126044,0.086126044,1,0,0.3469,0.0065,1.0,1,0.0,0.0,0.0,Non-Buzzer
scr3t1y,0.083305724,0.083305724,1,0,0.3891,0.0119,1.0,1,1.0,0.0,0.0,Non-Buzzer
Official_Yanuar,0.08215659,0.08215659,1,0,0.4928,0.021,1.0,1,1.0,0.0,0.0,Non-Buzzer
Sunoo_dFox,0.07993354,0.028412178,3,0,0.5733,0.009433333333333334,1.0,3,2.0,0.0,0.0,Non-Buzzer
salengkarden,0.079431064,0.079431064,1,0,0.8346,0.0136,1.0,1,0.0,0.0,0.0,Non-Buzzer
ichaciing,0.07890636,0.07890636,1,0,0.3589,0.023,1.0,1,0.0,0.0,0.0,Non-Buzzer
DaniSplatKing,0.07570312,0.04006193,5,0,0.3753,0.015220000000000001,0.8,4,3.0,0.0,0.0,Non-Buzzer
bsrebahan,0.07509582,0.07509582,1,0,0.3454,0.0137,1.0,1,1.0,0.0,0.0,Non-Buzzer
b3rsetubuh,0.07133009,0.07133009,1,0,0.3191,0.0292,1.0,1,0.0,0.0,0.0,Non-Buzzer
Qilogram2420,0.070742,0.070742,1,0,1.0,0.0035,1.0,1,0.0,0.0,0.0,Non-Buzzer
ianrswld,0.06894618,0.039091587,2,0,0.4157,0.01685,0.5,1,1.0,0.0,0.0,Non-Buzzer
Indie_S_Orilly,0.068842255,0.025198134,4,0,0.3871,0.01505,0.5,2,3.0,2.0,0.0,Non-Buzzer
RiRuPizza,0.06789846,0.06789846,1,0,0.5208,0.0255,1.0,1,0.0,0.0,0.0,Non-Buzzer
sssssidiq,0.06551463,0.06551463,1,0,0.3968,0.0203,1.0,1,0.0,0.0,0.0,Non-Buzzer
debugwithcare,0.06363863,0.06363863,1,0,0.5378,0.01,1.0,1,1.0,0.0,0.0,Non-Buzzer
OpiniRakyatID,0.062633656,0.032390945,2,0,0.7555,0.01145,0.5,1,2.0,0.0,0.0,Non-Buzzer
anda_winata,0.06233256,0.03260836,2,0,0.6455,0.0114,1.0,2,1.0,1.0,0.0,Non-Buzzer
badakmeledak_,0.062129054,0.032647956,2,0,0.4941,0.02075,1.0,2,0.0,8.0,0.0,Non-Buzzer
RodzaAkbar_JpId,0.059298884,0.0392676,2,0,0.6603,0.01245,0.5,1,2.0,0.0,0.0,Non-Buzzer
futuretecnokrat,0.058828663,0.058828663,1,0,0.2637,0.0133,1.0,1,0.0,0.0,0.0,Non-Buzzer
peter_parkour12,0.05731109,0.024400545,3,0,0.628,0.015733333333333335,1.0,3,0.0,0.0,0.0,Non-Buzzer
ap398_,0.05552603,0.05552603,1,0,0.653,0.0091,1.0,1,0.0,0.0,0.0,Non-Buzzer
Bram_no3,0.05283646,0.021713251,3,0,0.7044,0.013833333333333335,0.3333333333333333,1,3.0,5.0,0.0,Non-Buzzer
AHROOMEE,0.051257264,0.03463051,3,0,0.3898,0.014199999999999999,1.0,3,0.0,0.0,0.0,Non-Buzzer
riyoxreaper,0.04726803,0.04726803,1,0,0.3394,0.0143,1.0,1,0.0,0.0,0.0,Non-Buzzer
fareasy96,0.046766955,0.02071947,5,0,0.4357,0.012379999999999999,0.4,2,3.0,2.0,0.0,Non-Buzzer
dvtrhx,0.04642479,0.04642479,1,0,0.5125,0.0255,1.0,1,1.0,0.0,0.0,Non-Buzzer
zzaysmine,0.04503629,0.04503629,1,0,0.4303,0.0214,1.0,1,1.0,0.0,0.0,Non-Buzzer
BurningCoffee0,0.04453656,0.02828368,3,0,0.5678,0.0122,0.3333333333333333,1,3.0,1.0,0.0,Non-Buzzer
rosyidsmile_net,0.043479748,0.043479748,1,0,0.3969,0.0232,1.0,1,0.0,0.0,0.0,Non-Buzzer
ShinadeVT,0.043251656,0.043251656,1,0,0.4183,0.0211,1.0,1,0.0,0.0,0.0,Non-Buzzer
itsgenky,0.04003146,0.04003146,1,0,1.0,0.0125,1.0,1,0.0,0.0,0.0,Non-Buzzer
Arkanwoilah,0.04003146,0.04003146,1,0,1.0,0.0125,1.0,1,0.0,0.0,0.0,Non-Buzzer
ibnukazuyal,0.039697576,0.020467656,4,0,0.4424,0.01705,0.5,2,2.0,0.0,0.0,Non-Buzzer
martedws,0.039321605,0.039321605,1,0,0.6124,0.0083,1.0,1,0.0,0.0,0.0,Non-Buzzer
__byyyyyy,0.03784255,0.03784255,1,0,0.8302,0.0088,1.0,1,0.0,0.0,0.0,Non-Buzzer
dazaaruu_,0.036537133,0.036537133,1,0,0.2515,0.0132,1.0,1,0.0,0.0,0.0,Non-Buzzer
istrinyanaga,0.03616825,0.03616825,1,0,0.467,0.0038,1.0,1,0.0,0.0,0.0,Non-Buzzer
AlFD_Fajarid,0.035743676,0.035743676,1,0,0.4819,0.0075,1.0,1,0.0,0.0,0.0,Non-Buzzer
ErvinBalboa089,0.035235815,0.035235815,1,0,0.4898,0.0212,1.0,1,1.0,0.0,0.0,Non-Buzzer
_ZyZ_Z,0.03498813,0.03498813,1,0,1.0,0.0092,1.0,1,0.0,0.0,0.0,Non-Buzzer
00w011,0.03474139,0.018459123,2,0,0.6597,0.012199999999999999,1.0,2,2.0,0.0,0.0,Non-Buzzer
black_k00k33,0.034574047,0.034574047,1,0,0.3652,0.0255,1.0,1,1.0,0.0,0.0,Non-Buzzer
Rikaa_key,0.03391063,0.03391063,1,0,0.5137,0.0034,1.0,1,0.0,0.0,0.0,Non-Buzzer
detikjatengcom,0.033224847,0.033224847,1,0,0.5135,0.0154,1.0,1,0.0,0.0,0.0,Non-Buzzer
tigor_na70,0.033096317,0.033096317,1,0,0.4263,0.0146,1.0,1,0.0,0.0,0.0,Non-Buzzer
GojoIrengg,0.032281213,0.032281213,1,0,0.5657,0.0167,1.0,1,1.0,0.0,0.0,Non-Buzzer
ahmedfahrizal_,0.032252863,0.032252863,1,0,0.4189,0.0046,1.0,1,0.0,0.0,0.0,Non-Buzzer
SircuTrito,0.032193653,0.01703528,2,0,0.3985,0.0098,1.0,2,0.0,0.0,0.0,Non-Buzzer
FlwrmnShiragiku,0.03148171,0.03148171,1,0,0.4715,0.019,1.0,1,0.0,0.0,0.0,Non-Buzzer
MangAgus_10,0.03122245,0.03122245,1,0,0.4973,0.0062,1.0,1,1.0,3.0,0.0,Non-Buzzer
SylentSevenstar,0.031040661,0.019179624,2,0,0.502,0.01925,0.5,1,2.0,1.0,0.0,Non-Buzzer
Mohha_haha,0.03069827,0.03069827,1,0,0.7313,0.0086,1.0,1,1.0,0.0,0.0,Non-Buzzer
koounde,0.030644303,0.030644303,1,0,0.3063,0.0123,1.0,1,0.0,0.0,0.0,Non-Buzzer
OxygenSunshinee,0.030600926,0.017869659,2,0,0.5877,0.0137,1.0,2,0.0,0.0,0.0,Non-Buzzer
tilehopper,0.030398576,0.0133678485,5,0,0.7025,0.014879999999999999,0.6,3,2.0,3.0,0.0,Non-Buzzer
AkuilaOpo,0.029942207,0.029942207,1,0,1.0,0.0035,1.0,1,1.0,0.0,0.0,Non-Buzzer
Andradeva001,0.029332126,0.029332126,1,0,1.0,0.0125,1.0,1,1.0,0.0,0.0,Non-Buzzer
wildanfird15,0.029304635,0.017325226,2,0,0.3753,0.02725,1.0,2,2.0,0.0,0.0,Non-Buzzer
_hendrasusanto,0.029036887,0.011615648,3,0,0.3384,0.021599999999999998,0.6666666666666666,2,1.0,1.0,0.0,Non-Buzzer
mencaridaratan,0.028448189,0.01622185,2,0,0.6022,0.01365,1.0,2,0.0,0.0,0.0,Non-Buzzer
dombolord,0.028330982,0.028330982,1,0,0.4878,0.0056,1.0,1,0.0,0.0,0.0,Non-Buzzer
TirpitzRtx,0.028263167,0.028263167,1,0,1.0,0.0125,1.0,1,1.0,1.0,0.0,Non-Buzzer
chaaphrodite,0.028151121,0.01119718,3,0,0.3896,0.015266666666666666,0.6666666666666666,2,1.0,1.0,0.0,Non-Buzzer
z___vyi,0.027430825,0.027430825,1,0,0.6021,0.0089,1.0,1,0.0,0.0,0.0,Non-Buzzer
HaYoYo86,0.027157752,0.027157752,1,0,0.2681,0.0138,1.0,1,0.0,0.0,0.0,Non-Buzzer
knightmuro,0.026999392,0.021690106,2,0,0.4865,0.0135,0.5,1,2.0,0.0,0.0,Non-Buzzer
Leefan_arashi,0.026868291,0.026868291,1,0,0.4696,0.0175,1.0,1,0.0,0.0,0.0,Non-Buzzer
orang_ngumpet,0.026865317,0.026865317,2,0,1.0,0.0127,0.5,1,1.0,0.0,0.0,Non-Buzzer
DViolett_,0.026273368,0.022606067,2,0,0.5888,0.00715,1.0,2,0.0,0.0,0.0,Non-Buzzer
dieformealice,0.026089318,0.026089318,1,0,0.7798,0.006,1.0,1,0.0,0.0,0.0,Non-Buzzer
TouriHaganashi,0.02550652,0.02550652,1,0,0.3704,0.0038,1.0,1,1.0,0.0,0.0,Non-Buzzer
The_Discomafia,0.02441427,0.013161807,2,0,0.3423,0.01395,0.5,1,2.0,0.0,0.0,Non-Buzzer
RashkaLLC,0.024220932,0.024220932,1,0,0.6226,0.0029,1.0,1,1.0,1.0,0.0,Non-Buzzer
adangRP,0.024047049,0.024047049,1,0,0.5965,0.0158,1.0,1,0.0,0.0,0.0,Non-Buzzer
fredywaw,0.02385153,0.02385153,1,0,0.5522,0.0165,1.0,1,0.0,0.0,0.0,Non-Buzzer
bayiajaib,0.023628043,0.01309297,2,0,0.5146,0.022850000000000002,1.0,2,1.0,1.0,0.0,Non-Buzzer
daniddarmawan15,0.02361483,0.02361483,1,0,0.6069,0.0154,1.0,1,0.0,0.0,0.0,Non-Buzzer
galtzarr,0.023504922,0.012858297,2,0,0.4457,0.012799999999999999,1.0,2,0.0,0.0,0.0,Non-Buzzer
gillsevensense,0.023146946,0.023146946,1,0,0.6607,0.0094,1.0,1,0.0,0.0,0.0,Non-Buzzer
kopikasir,0.023007238,0.023007238,1,0,0.8577,0.006,1.0,1,0.0,0.0,0.0,Non-Buzzer
Kotaro_4844,0.023007238,0.023007238,1,0,0.8577,0.0059,1.0,1,0.0,0.0,0.0,Non-Buzzer
RuuRirina,0.022612875,0.013046315,2,0,0.605,0.0060999999999999995,0.5,1,0.0,0.0,0.0,Non-Buzzer
gunnersbald,0.022380367,0.01896534,2,0,0.5431,0.0215,1.0,2,0.0,0.0,0.0,Non-Buzzer
FKRSM_,0.022139743,0.022139743,1,0,0.4762,0.0074,1.0,1,0.0,0.0,0.0,Non-Buzzer
FaeezEmpire,0.022087015,0.012571564,2,0,0.6978,0.0144,0.5,1,1.0,0.0,0.0,Non-Buzzer
joyminzip,0.021733105,0.021733105,1,0,0.4806,0.0061,1.0,1,0.0,0.0,0.0,Non-Buzzer
xxmryyx,0.021586645,0.021586645,1,0,1.0,0.0092,1.0,1,0.0,0.0,0.0,Non-Buzzer
PaulERS89,0.021498505,0.021498505,1,0,0.2616,0.0192,1.0,1,1.0,0.0,0.0,Non-Buzzer
wibi_januar,0.021479994,0.021479994,1,0,0.5246,0.0153,1.0,1,1.0,0.0,0.0,Non-Buzzer
azurestasera,0.021316968,0.012154881,2,0,0.4651,0.01405,1.0,2,0.0,0.0,0.0,Non-Buzzer
hanadee_20,0.021197908,0.021197908,1,0,0.5877,0.0017,1.0,1,0.0,0.0,0.0,Non-Buzzer
karz_sept,0.020981047,0.011568334,2,0,0.373,0.014950000000000001,1.0,2,2.0,0.0,0.0,Non-Buzzer
WahyuAr19799578,0.020975307,0.020975307,1,0,0.467,0.001,1.0,1,1.0,0.0,0.0,Non-Buzzer
3000inuniverse,0.020471852,0.020471852,1,0,0.5555,0.0037,1.0,1,0.0,0.0,0.0,Non-Buzzer
wonvoyager,0.020379022,0.020379022,1,0,0.6022,0.0025,1.0,1,0.0,0.0,0.0,Non-Buzzer
1RONiC_,0.020285694,0.020285694,1,0,0.2817,0.0225,1.0,1,1.0,0.0,0.0,Non-Buzzer
suirets,0.020217365,0.011361572,3,0,0.5767,0.016666666666666666,0.6666666666666666,2,3.0,0.0,0.0,Non-Buzzer
KRathalos97,0.019735457,0.019735457,1,0,0.3983,0.0135,1.0,1,1.0,0.0,0.0,Non-Buzzer
ryoyabunap,0.019722925,0.019722925,1,0,0.5624,0.0159,1.0,1,1.0,0.0,0.0,Non-Buzzer
nipoonie,0.019715713,0.010848245,2,0,0.6214,0.014450000000000001,1.0,2,0.0,0.0,0.0,Non-Buzzer
arnoediad,0.019580353,0.019580353,1,0,0.4016,0.0117,1.0,1,0.0,0.0,0.0,Non-Buzzer
dennyrd,0.019438135,0.019438135,1,0,0.7528,0.0022,1.0,1,1.0,0.0,0.0,Non-Buzzer
adityamnugraha,0.019363679,0.019363679,1,0,0.0,0.0,1.0,1,0.0,0.0,0.0,Non-Buzzer
melekmedia,0.019282876,0.009366999,3,0,0.4489,0.0128,0.3333333333333333,1,0.0,0.0,0.0,Non-Buzzer
rezatri07,0.019120486,0.019120486,1,0,0.2783,0.0247,1.0,1,1.0,0.0,0.0,Non-Buzzer
hrenyue,0.019088332,0.019088332,1,0,0.6665,0.0032,1.0,1,0.0,0.0,0.0,Non-Buzzer
hiseyyno,0.01899122,0.01899122,1,0,0.5726,0.0083,1.0,1,0.0,0.0,0.0,Non-Buzzer
AsthiSagitta,0.01853643,0.01853643,1,0,0.4491,0.011,1.0,1,0.0,0.0,0.0,Non-Buzzer
mtiarasptika,0.018352693,0.018352693,1,0,0.7266,0.0158,1.0,1,0.0,0.0,0.0,Non-Buzzer
d1rrtbagg,0.01772875,0.01772875,1,0,0.6163,0.0139,1.0,1,0.0,0.0,0.0,Non-Buzzer
Raaaxer,0.0177084,0.0177084,1,0,0.5888,0.0021,1.0,1,0.0,0.0,0.0,Non-Buzzer
8120_DAF,0.01763678,0.01763678,1,0,0.6978,0.0182,1.0,1,0.0,0.0,0.0,Non-Buzzer
swtpty,0.01762936,0.01762936,1,0,0.6335,0.0062,1.0,1,0.0,0.0,0.0,Non-Buzzer
mefuri_k,0.017503865,0.017503865,1,0,0.4067,0.0372,1.0,1,0.0,0.0,0.0,Non-Buzzer
Xhareza,0.017315837,0.017315837,1,0,0.5603,0.0026,1.0,1,0.0,0.0,0.0,Non-Buzzer
adzumanga,0.017231727,0.017231727,1,0,0.7798,0.0016,1.0,1,0.0,0.0,0.0,Non-Buzzer
VincDigiArt,0.017084636,0.017084636,1,0,0.6226,0.0036,1.0,1,1.0,0.0,0.0,Non-Buzzer
harist_ixcents,0.016634084,0.006148774,4,0,0.3701,0.0095,0.5,2,1.0,1.0,0.0,Non-Buzzer
gusaaarrr,0.016376136,0.016376136,1,0,0.531,0.0331,1.0,1,1.0,0.0,0.0,Non-Buzzer
stelleturu,0.016353752,0.016353752,1,0,0.7087,0.0036,1.0,1,0.0,0.0,0.0,Non-Buzzer
KEMO_HUNZ,0.015524884,0.00919837,2,0,0.2794,0.0083,0.5,1,2.0,0.0,0.0,Non-Buzzer
Thegood_fa,0.015498975,0.015498975,1,0,0.6372,0.0164,1.0,1,1.0,0.0,0.0,Non-Buzzer
pathethickidd,0.0153760305,0.008137139,2,0,0.6794,0.0061,1.0,2,0.0,0.0,0.0,Non-Buzzer
ashaabull,0.0149479285,0.0149479285,1,0,0.7038,0.0146,1.0,1,0.0,0.0,0.0,Non-Buzzer
zerothenforcer,0.014813496,0.008178388,2,0,0.371,0.0113,0.5,1,1.0,0.0,0.0,Non-Buzzer
feliscxtus,0.014781304,0.014781304,1,0,0.7725,0.0059,1.0,1,0.0,0.0,0.0,Non-Buzzer
kukuhya,0.0147267245,0.0147267245,1,0,0.4833,0.0053,1.0,1,0.0,28.0,0.0,Non-Buzzer
AneshMadyantara,0.014544175,0.008003918,2,0,0.7955,0.0062,0.5,1,1.0,0.0,0.0,Non-Buzzer
Kunyah_renyah,0.014445761,0.014445761,1,0,0.6662,0.0179,1.0,1,1.0,1.0,0.0,Non-Buzzer
fleurishism,0.0144244395,0.0144244395,1,0,0.469,0.0149,1.0,1,0.0,0.0,0.0,Non-Buzzer
yo__di,0.014327982,0.014327982,1,0,0.6117,0.0047,1.0,1,1.0,0.0,0.0,Non-Buzzer
chudjawa,0.014159021,0.014159021,1,0,0.714,0.0171,1.0,1,0.0,0.0,0.0,Non-Buzzer
SaintSpectra,0.014157663,0.014157663,1,0,0.4434,0.0169,1.0,1,0.0,0.0,0.0,Non-Buzzer
_sennav,0.013968045,0.0076338784,2,0,0.5156,0.0062,0.5,1,1.0,0.0,0.0,Non-Buzzer
KEVINNGW808,0.013789897,0.013789897,1,0,0.4446,0.0162,1.0,1,0.0,0.0,0.0,Non-Buzzer
Segagoreng1107,0.01374969,0.01374969,1,0,0.5431,0.0045,1.0,1,1.0,0.0,0.0,Non-Buzzer
Barri_2410,0.013679637,0.013679637,1,0,0.4697,0.0155,1.0,1,1.0,0.0,0.0,Non-Buzzer
GhaneshRM,0.01365963,0.01365963,1,0,0.6229,0.019,1.0,1,1.0,0.0,0.0,Non-Buzzer
mldlyc,0.013551519,0.013551519,1,0,0.4907,0.0047,1.0,1,0.0,0.0,0.0,Non-Buzzer
DaunBawang17,0.013247197,0.013247197,1,0,0.4605,0.0168,1.0,1,1.0,0.0,0.0,Non-Buzzer
xx6riku,0.013227712,0.013227712,1,0,0.5653,0.0159,1.0,1,0.0,0.0,0.0,Non-Buzzer
pajarsidik_,0.012822059,0.00748692,2,0,0.4358,0.00145,0.5,1,1.0,0.0,0.0,Non-Buzzer
CuntofMadrid,0.012767148,0.010338043,2,0,0.6987,0.01615,0.5,1,1.0,0.0,0.0,Non-Buzzer
IzumoSarut7893,0.012555629,0.012555629,1,0,1.0,0.016,1.0,1,0.0,0.0,0.0,Non-Buzzer
fragmentedraven,0.012555629,0.012555629,1,0,1.0,0.016,1.0,1,0.0,0.0,0.0,Non-Buzzer
Rafi09210,0.0124265645,0.006189804,3,0,0.4164,0.010666666666666666,0.3333333333333333,1,1.0,0.0,0.0,Non-Buzzer
Apanjelio,0.012306425,0.012306425,1,0,0.4953,0.0147,1.0,1,0.0,0.0,0.0,Non-Buzzer
rizkionalisme,0.012269247,0.0070291874,2,0,0.3886,0.0139,1.0,2,2.0,0.0,0.0,Non-Buzzer
tsngnugadhm,0.012221757,0.012221757,1,0,1.0,0.0011,1.0,1,1.0,0.0,0.0,Non-Buzzer
theycallmee_G,0.012221757,0.012221757,1,0,1.0,0.0011,1.0,1,1.0,0.0,0.0,Non-Buzzer
chrissdhon,0.012212377,0.012212377,1,0,0.0,0.0,1.0,1,0.0,0.0,0.0,Non-Buzzer
Excyde_,0.01219604,0.0066828164,2,0,0.3316,0.0072,1.0,2,2.0,0.0,0.0,Non-Buzzer
FahrezaMahendr,0.012131125,0.012131125,1,0,0.6335,0.0055,1.0,1,1.0,0.0,0.0,Non-Buzzer
SAHRY013,0.012019768,0.012019768,1,0,0.4866,0.0142,1.0,1,1.0,0.0,0.0,Non-Buzzer
cherrya72836061,0.011491535,0.0072366707,2,0,0.6303,0.02515,1.0,2,0.0,0.0,0.0,Non-Buzzer
Raza420691,0.011389804,0.011389804,1,0,0.4929,0.0055,1.0,1,0.0,0.0,0.0,Non-Buzzer
kenarpramodana,0.011310858,0.011310858,1,0,0.6158,0.0044,1.0,1,0.0,0.0,0.0,Non-Buzzer
maulanazhrn,0.010910398,0.010910398,1,0,0.4439,0.0124,1.0,1,0.0,0.0,0.0,Non-Buzzer
NVT58232209,0.010781205,0.0072153388,2,0,0.523,0.01505,1.0,2,1.0,0.0,0.0,Non-Buzzer
wongkongenekok,0.010635388,0.006163209,2,0,0.666,0.006,1.0,2,2.0,0.0,0.0,Non-Buzzer
Rei_OnZ,0.010303671,0.0064641386,2,0,0.5539,0.00955,0.5,1,1.0,0.0,0.0,Non-Buzzer
ObiWan_Catnobi,0.010158691,0.010158691,1,0,0.44,0.0112,1.0,1,0.0,0.0,0.0,Non-Buzzer
lezmanaandhika,0.010088015,0.010088015,1,0,0.4308,0.0162,1.0,1,1.0,0.0,0.0,Non-Buzzer
NomerSi_ali,0.010085368,0.010085368,1,0,0.3657,0.0233,1.0,1,1.0,0.0,0.0,Non-Buzzer
enjzuu,0.010041797,0.010041797,1,0,0.5687,0.0127,1.0,1,0.0,0.0,0.0,Non-Buzzer
miyoomiyoo7,0.010010537,0.010010537,1,0,0.5047,0.0044,1.0,1,1.0,0.0,0.0,Non-Buzzer
EliasSanSan,0.010008462,0.0070539457,6,0,0.3772,0.016666666666666666,0.6666666666666666,4,1.0,1.0,0.0,Non-Buzzer
esp_sevens,0.009972665,0.009972665,1,0,0.4866,0.0113,1.0,1,0.0,0.0,0.0,Non-Buzzer
nikiritsu,0.009937808,0.009937808,1,0,0.5796,0.0233,1.0,1,0.0,0.0,0.0,Non-Buzzer
honglungitis,0.009779854,0.009779854,1,0,0.0,0.0,1.0,1,1.0,0.0,0.0,Non-Buzzer
clawhs02,0.009761104,0.006182655,3,0,0.3656,0.014366666666666666,1.0,3,0.0,0.0,0.0,Non-Buzzer
Neogen176,0.009645036,0.006181422,2,0,0.351,0.0063999999999999994,1.0,2,1.0,0.0,0.0,Non-Buzzer
ramagedd0n,0.009638398,0.007834362,2,0,0.5796,0.015300000000000001,0.5,1,1.0,0.0,0.0,Non-Buzzer
NSaysInX,0.009600308,0.009600308,1,0,1.0,0.016,1.0,1,1.0,0.0,0.0,Non-Buzzer
Orang_Tuwa,0.009582298,0.009582298,1,0,0.625,0.0119,1.0,1,0.0,0.0,0.0,Non-Buzzer
jeki_the_pirate,0.009412007,0.009412007,1,0,0.3396,0.0076,1.0,1,0.0,0.0,0.0,Non-Buzzer
GamerwkID,0.009294597,0.009294597,1,0,0.431,0.0154,1.0,1,0.0,0.0,0.0,Non-Buzzer
yorha_y0,0.0091498755,0.0091498755,1,0,0.4947,0.0151,1.0,1,1.0,0.0,0.0,Non-Buzzer
adnbwta,0.009125448,0.009125448,1,0,0.4619,0.0189,1.0,1,1.0,0.0,0.0,Non-Buzzer
Arazoors,0.00911439,0.00911439,1,0,0.6389,0.0114,1.0,1,1.0,0.0,0.0,Non-Buzzer
RaisShawer,0.009065812,0.005769435,2,0,0.4249,0.011949999999999999,1.0,2,2.0,0.0,0.0,Non-Buzzer
nanovond,0.009052967,0.008440474,2,0,0.328,0.0199,0.5,1,0.0,0.0,0.0,Non-Buzzer
fadhilnhaa,0.00903524,0.00903524,1,0,0.6668,0.0101,1.0,1,1.0,0.0,0.0,Non-Buzzer
melonacake,0.008873158,0.008873158,1,0,0.6679,0.0017,1.0,1,0.0,0.0,0.0,Non-Buzzer
PCM56DAC,0.008861119,0.008861119,1,0,0.528,0.012,1.0,1,1.0,0.0,0.0,Non-Buzzer
SetiawanGab,0.008839431,0.008839431,1,0,0.0,0.0,1.0,1,1.0,0.0,0.0,Non-Buzzer
FareyDonch501,0.008803783,0.008803783,1,0,0.502,0.0191,1.0,1,1.0,0.0,0.0,Non-Buzzer
Albert2844,0.008654347,0.007635048,2,0,1.0,0.0032,1.0,2,1.0,0.0,0.0,Non-Buzzer
myshawti,0.008616444,0.008616444,1,0,0.4279,0.013,1.0,1,0.0,0.0,0.0,Non-Buzzer
dafeennn,0.008590134,0.007380759,2,0,0.5849,0.0119,1.0,2,0.0,0.0,0.0,Non-Buzzer
gygaamerta,0.008447348,0.0062222984,2,0,0.5047,0.010199999999999999,0.5,1,0.0,0.0,0.0,Non-Buzzer
fibraaaay,0.008347766,0.008347766,1,0,1.0,0.007,1.0,1,1.0,0.0,0.0,Non-Buzzer
Kyloren86166601,0.008347766,0.008347766,1,0,1.0,0.007,1.0,1,1.0,0.0,0.0,Non-Buzzer
BudiBukanIntel,0.008347766,0.008347766,1,0,1.0,0.007,1.0,1,1.0,4.0,0.0,Non-Buzzer
EulaSimp69,0.008300641,0.008300641,1,0,0.4332,0.0153,1.0,1,1.0,0.0,0.0,Non-Buzzer
Mirwanovich,0.008300562,0.008300562,1,0,0.4444,0.0154,1.0,1,0.0,0.0,0.0,Non-Buzzer
akunsiyahutt,0.008218539,0.008218539,1,0,0.5306,0.011,1.0,1,1.0,0.0,0.0,Non-Buzzer
HaniB1220,0.008181348,0.008181348,1,0,0.6019,0.021,1.0,1,0.0,0.0,0.0,Non-Buzzer
KalanaraDika,0.008173576,0.008173576,1,0,0.2794,0.0213,1.0,1,0.0,0.0,0.0,Non-Buzzer
vevelynnnn,0.008079712,0.008079712,1,0,0.4475,0.0222,1.0,1,0.0,0.0,0.0,Non-Buzzer
slavoury,0.007940739,0.007940739,1,0,0.5186,0.0119,1.0,1,0.0,0.0,0.0,Non-Buzzer
ivanws88,0.007668636,0.007668636,1,0,0.5029,0.0301,1.0,1,1.0,0.0,0.0,Non-Buzzer
orchaew,0.0076481034,0.0076481034,1,0,0.6389,0.0104,1.0,1,0.0,0.0,0.0,Non-Buzzer
R4ZESKY,0.0075884294,0.0075884294,1,0,0.5641,0.004,1.0,1,0.0,0.0,0.0,Non-Buzzer
Lifanterra,0.0073895818,0.0073895818,1,0,1.0,0.0418,1.0,1,0.0,0.0,0.0,Non-Buzzer
Sincan_cos,0.007373978,0.007373978,1,0,0.4633,0.0293,1.0,1,0.0,0.0,0.0,Non-Buzzer
Tetrotir,0.0072614956,0.0072614956,1,0,0.3733,0.0098,1.0,1,0.0,0.0,0.0,Non-Buzzer
Homuboil7,0.007213868,0.007213868,1,0,0.4506,0.0121,1.0,1,1.0,0.0,0.0,Non-Buzzer
ivosdementia,0.007173567,0.007173567,1,0,0.455,0.0122,1.0,1,0.0,0.0,0.0,Non-Buzzer
AndiniPutr79305,0.0071272976,0.0071272976,1,0,0.3866,0.0104,1.0,1,0.0,0.0,0.0,Non-Buzzer
ikanterbang663,0.007036516,0.007036516,1,0,0.4332,0.0147,1.0,1,0.0,0.0,0.0,Non-Buzzer
Rifqyhazard,0.0069836904,0.0069836904,1,0,0.4928,0.0085,1.0,1,0.0,0.0,0.0,Non-Buzzer
sentriellesche,0.0069167707,0.0044565746,2,0,0.5061,0.0097,0.5,1,1.0,0.0,0.0,Non-Buzzer
leonthecatto,0.006901112,0.0044283266,2,0,0.5475,0.01375,0.5,1,1.0,0.0,0.0,Non-Buzzer
MFRcapture,0.0068290113,0.0054679317,2,0,0.336,0.02535,1.0,2,2.0,0.0,0.0,Non-Buzzer
KenapeAje,0.006816216,0.006816216,1,0,0.3759,0.0166,1.0,1,1.0,0.0,0.0,Non-Buzzer
chudvette,0.006758657,0.006758657,1,0,0.0,0.0,1.0,1,0.0,0.0,0.0,Non-Buzzer
textcbnkuningan,0.006758657,0.006758657,1,0,0.0,0.0,1.0,1,0.0,0.0,0.0,Non-Buzzer
emulapor,0.0067332755,0.0062606987,2,0,0.6021,0.00575,0.5,1,0.0,0.0,0.0,Non-Buzzer
nenganchi,0.0067312415,0.0067312415,1,0,0.3344,0.0239,1.0,1,1.0,0.0,0.0,Non-Buzzer
supernovatuna,0.0066577517,0.0066577517,1,0,0.4833,0.0122,1.0,1,0.0,0.0,0.0,Non-Buzzer
unicornxback,0.006654218,0.006654218,1,0,0.3881,0.0172,1.0,1,0.0,0.0,0.0,Non-Buzzer
cve20251202,0.0066167437,0.006206435,2,0,0.4381,0.0199,0.5,1,1.0,3.0,0.0,Non-Buzzer
HollowMelody_1,0.006604218,0.006604218,1,0,0.4882,0.0316,1.0,1,0.0,0.0,0.0,Non-Buzzer
nakanom42,0.006537716,0.006537716,1,0,0.2305,0.0174,1.0,1,0.0,0.0,0.0,Non-Buzzer
EmbyGarvail,0.006514554,0.006514554,1,0,0.4278,0.0055,1.0,1,0.0,0.0,0.0,Non-Buzzer
RosyiYi,0.0064607807,0.0064607807,1,0,0.5878,0.015,1.0,1,1.0,0.0,0.0,Non-Buzzer
meimeiajadeh,0.0064535337,0.0038707699,2,0,0.595,0.011250000000000001,1.0,2,0.0,0.0,0.0,Non-Buzzer
Greywing20,0.0064006397,0.0064006397,1,0,0.5446,0.0131,1.0,1,1.0,0.0,0.0,Non-Buzzer
steven20260934,0.0063746125,0.0063347155,2,0,0.4323,0.02195,1.0,2,0.0,0.0,0.0,Non-Buzzer
Otaku_Anime_Ind,0.0063240714,0.0063240714,1,0,0.4088,0.0277,1.0,1,0.0,4.0,0.0,Non-Buzzer
KasetMu25909,0.0062345047,0.0062345047,1,0,0.7933,0.014,1.0,1,1.0,0.0,0.0,Non-Buzzer
aomi__san,0.006104982,0.006104982,1,0,0.0,0.0,1.0,1,1.0,0.0,0.0,Non-Buzzer
Panathinatikos,0.006041374,0.006041374,1,0,0.3321,0.0195,1.0,1,0.0,0.0,0.0,Non-Buzzer
bleubei,0.0060258433,0.0060258433,1,0,0.0,0.0,1.0,1,0.0,0.0,0.0,Non-Buzzer
makanindomie3,0.0059855366,0.0059855366,1,0,0.4305,0.0124,1.0,1,0.0,0.0,0.0,Non-Buzzer
ekawicaksana,0.0059159263,0.005380235,3,0,0.4644,0.0208,0.3333333333333333,1,1.0,8.0,0.0,Non-Buzzer
Tsuraracchi,0.005913224,0.0049241893,2,0,0.5862,0.00975,1.0,2,0.0,0.0,0.0,Non-Buzzer
Mercatman_,0.0058605494,0.003927318,2,0,0.7171,0.0113,0.5,1,2.0,0.0,0.0,Non-Buzzer
morpiggg,0.0058564115,0.0058564115,1,0,0.5562,0.0225,1.0,1,1.0,0.0,0.0,Non-Buzzer
trelrANartsA,0.005847715,0.005847715,1,0,0.3363,0.0303,1.0,1,1.0,0.0,0.0,Non-Buzzer
hrdbacot,0.005829815,0.005829815,1,0,0.3782,0.0109,1.0,1,1.0,0.0,0.0,Non-Buzzer
allatonve,0.0058128894,0.0058128894,1,0,0.0,0.0,1.0,1,0.0,0.0,0.0,Non-Buzzer
ferrdihidayat,0.0058023916,0.0058023916,1,0,0.7287,0.0139,1.0,1,1.0,0.0,0.0,Non-Buzzer
saxophonistkawe,0.005778819,0.005778819,1,0,0.5603,0.0042,1.0,1,0.0,0.0,0.0,Non-Buzzer
Cyclops_Ray,0.005696217,0.0040716156,3,0,0.511,0.012466666666666668,0.6666666666666666,2,2.0,0.0,0.0,Non-Buzzer
quantaaa_,0.005663809,0.005663809,1,0,0.4447,0.0115,1.0,1,1.0,0.0,0.0,Non-Buzzer
iam__stanis,0.0055834213,0.0055834213,1,0,0.6021,0.0107,1.0,1,0.0,0.0,0.0,Non-Buzzer
ianalvan95,0.0055675376,0.0055675376,1,0,0.4357,0.0123,1.0,1,1.0,0.0,0.0,Non-Buzzer
curiousfangs_,0.0055373437,0.0055373437,1,0,0.4472,0.0271,1.0,1,0.0,0.0,0.0,Non-Buzzer
tekarok007,0.005488059,0.003619535,3,0,0.4895,0.011533333333333333,0.6666666666666666,2,0.0,1.0,0.0,Non-Buzzer
nurizkaf96,0.005469269,0.005469269,1,0,0.3901,0.0051,1.0,1,0.0,0.0,0.0,Non-Buzzer
madeltangapung,0.0054569375,0.004488011,2,0,0.4817,0.012,0.5,1,0.0,2.0,0.0,Non-Buzzer
hosjou,0.0054558194,0.0054558194,1,0,0.2524,0.0169,1.0,1,0.0,0.0,0.0,Non-Buzzer
rendrafrizal,0.0053211725,0.0040522655,2,0,0.528,0.022350000000000002,1.0,2,1.0,0.0,0.0,Non-Buzzer
13_zae,0.0052528232,0.0052528232,1,0,0.3214,0.0118,1.0,1,0.0,0.0,0.0,Non-Buzzer
KholiqArRazan,0.0052468795,0.0052468795,1,0,0.3529,0.0276,1.0,1,1.0,0.0,0.0,Non-Buzzer
hklrzki,0.0052417372,0.0030762793,2,0,0.3828,0.0138,1.0,2,1.0,0.0,0.0,Non-Buzzer
OrbitSyndrome,0.005199594,0.0036701164,2,0,0.4294,0.007549999999999999,0.5,1,2.0,0.0,0.0,Non-Buzzer
Rinto_edy,0.005180964,0.0034269763,3,0,0.3871,0.016333333333333335,0.6666666666666666,2,2.0,1.0,0.0,Non-Buzzer
SOLDIERB00y,0.0051790224,0.0051790224,1,0,0.5034,0.0096,1.0,1,0.0,0.0,0.0,Non-Buzzer
nd_haryo,0.0050952425,0.0050952425,1,0,0.4184,0.0153,1.0,1,1.0,1.0,0.0,Non-Buzzer
Zahran31157,0.004975426,0.004975426,1,0,0.4162,0.0291,1.0,1,0.0,0.0,0.0,Non-Buzzer
CakraKjaerbye,0.004913354,0.0029313832,2,0,0.4475,0.013049999999999999,1.0,2,0.0,0.0,0.0,Non-Buzzer
nikonikoknee_,0.004838246,0.004838246,1,0,0.5972,0.0107,1.0,1,1.0,0.0,0.0,Non-Buzzer
fialamsyah,0.0048326245,0.0048326245,1,0,0.4221,0.0148,1.0,1,0.0,0.0,0.0,Non-Buzzer
fireplayblaze,0.004823929,0.004823929,1,0,0.4605,0.0135,1.0,1,0.0,0.0,0.0,Non-Buzzer
Al_Khuarizmi,0.0047695218,0.0047695218,1,0,0.3792,0.0272,1.0,1,1.0,0.0,0.0,Non-Buzzer
adiyaadiya,0.0047376887,0.0047376887,1,0,0.3083,0.0116,1.0,1,0.0,0.0,0.0,Non-Buzzer
Internetsurver,0.0047163856,0.0047163856,1,0,0.432,0.0143,1.0,1,1.0,0.0,0.0,Non-Buzzer
asyi_i,0.0046745576,0.0046745576,1,0,0.2781,0.0297,1.0,1,0.0,0.0,0.0,Non-Buzzer
caelumphrince,0.004668753,0.004668753,1,0,0.2099,0.0178,1.0,1,0.0,0.0,0.0,Non-Buzzer
keisukeiblue,0.0045700707,0.0045700707,1,0,0.2834,0.0115,1.0,1,1.0,0.0,0.0,Non-Buzzer
yourlulllaby,0.004534192,0.004534192,1,0,0.6113,0.0181,1.0,1,0.0,0.0,0.0,Non-Buzzer
RaisaFAl1329,0.004523503,0.004523503,1,0,0.3031,0.0122,1.0,1,1.0,0.0,0.0,Non-Buzzer
reiikooooooo,0.004472824,0.004472824,1,0,0.3275,0.0163,1.0,1,0.0,0.0,0.0,Non-Buzzer
0xfrsmln,0.004364493,0.004364493,1,0,0.3849,0.017,1.0,1,1.0,0.0,0.0,Non-Buzzer
mini_niwdir,0.004361249,0.004361249,1,0,0.2742,0.0175,1.0,1,1.0,0.0,0.0,Non-Buzzer
bayoeoe,0.004339229,0.004339229,1,0,0.0,0.0,1.0,1,1.0,0.0,0.0,Non-Buzzer
Claey_simpuru,0.0043382174,0.0043382174,1,0,0.2807,0.0258,1.0,1,1.0,0.0,0.0,Non-Buzzer
Shihan047,0.0043323496,0.00342248,2,0,0.4107,0.01755,1.0,2,1.0,0.0,0.0,Non-Buzzer
Arii765,0.0043267254,0.0029212525,2,0,0.413,0.0127,0.5,1,1.0,2.0,0.0,Non-Buzzer
paling_anonim,0.004306696,0.004306696,1,0,0.4041,0.0159,1.0,1,1.0,0.0,0.0,Non-Buzzer
BriantAditya,0.0042992756,0.0042992756,1,0,0.4638,0.0201,1.0,1,0.0,0.0,0.0,Non-Buzzer
aryabahar_,0.004287752,0.004287752,1,0,0.8306,0.0118,1.0,1,0.0,0.0,0.0,Non-Buzzer
feelingfluky,0.0042649424,0.0042649424,1,0,0.8368,0.0069,1.0,1,0.0,0.0,0.0,Non-Buzzer
ariomalv,0.0042349324,0.0042349324,1,0,0.3137,0.0174,1.0,1,0.0,0.0,0.0,Non-Buzzer
kaikurogane25,0.004219291,0.00299979,3,0,0.4078,0.0163,0.6666666666666666,2,0.0,0.0,0.0,Non-Buzzer
NUGreenFlag,0.0042123725,0.0042123725,1,0,0.531,0.0231,1.0,1,1.0,0.0,0.0,Non-Buzzer
arcticmonsieur,0.0042049964,0.0042049964,1,0,0.4091,0.0159,1.0,1,0.0,0.0,0.0,Non-Buzzer
andikaGoGo86,0.004200843,0.004200843,1,0,0.2772,0.017,1.0,1,0.0,0.0,0.0,Non-Buzzer
Gif_Said,0.004182419,0.002687555,2,0,0.3336,0.00955,0.5,1,0.0,0.0,0.0,Non-Buzzer
Jiraz13,0.004176211,0.004176211,1,0,0.6229,0.0185,1.0,1,1.0,0.0,0.0,Non-Buzzer
phoquebylife,0.004133393,0.004133393,1,0,0.3652,0.0249,1.0,1,0.0,0.0,0.0,Non-Buzzer
gbfonry,0.0041242703,0.0041242703,1,0,0.0,0.0,1.0,1,1.0,0.0,0.0,Non-Buzzer
AzaelKyoukoCh,0.004108829,0.004108829,1,0,0.4447,0.0084,1.0,1,0.0,0.0,0.0,Non-Buzzer
GhamerXYZ,0.004093583,0.004093583,1,0,0.4715,0.0115,1.0,1,1.0,0.0,0.0,Non-Buzzer
javafeedsss,0.0040675,0.0036205885,2,0,0.4021,0.01435,0.5,1,2.0,0.0,0.0,Non-Buzzer
naarawikuY,0.0040544556,0.0040544556,1,0,0.2618,0.016,1.0,1,0.0,0.0,0.0,Non-Buzzer
Nidech_E30,0.0040456,0.0040456,1,0,0.4506,0.0056,1.0,1,1.0,0.0,0.0,Non-Buzzer
goldensunfyre,0.00403644,0.00403644,1,0,0.4052,0.0122,1.0,1,0.0,0.0,0.0,Non-Buzzer
adrianchakab13,0.0039902935,0.0039902935,1,0,0.2616,0.0114,1.0,1,0.0,0.0,0.0,Non-Buzzer
Firmandanny,0.0039750175,0.0039750175,1,0,0.3184,0.0266,1.0,1,0.0,0.0,0.0,Non-Buzzer
azkiiofifteen96,0.003973598,0.003973598,1,0,0.0,0.0,1.0,1,1.0,0.0,0.0,Non-Buzzer
impulsivelymee,0.003947409,0.003947409,1,0,1.0,0.0111,1.0,1,0.0,0.0,0.0,Non-Buzzer
dayakdiluc,0.003944462,0.003944462,1,0,0.4483,0.0126,1.0,1,0.0,0.0,0.0,Non-Buzzer
tenderousy,0.0038983354,0.0038983354,1,0,0.3968,0.0292,1.0,1,0.0,0.0,0.0,Non-Buzzer
pixelutep,0.0038863868,0.0038863868,1,0,0.6333,0.0112,1.0,1,0.0,0.0,0.0,Non-Buzzer
Ridho262,0.0038783413,0.0038783413,1,0,0.3114,0.0178,1.0,1,0.0,0.0,0.0,Non-Buzzer
yudsky,0.0038727394,0.0026056503,2,0,0.3925,0.00915,0.5,1,1.0,1.0,0.0,Non-Buzzer
sn_0_z_,0.0038658583,0.0033175056,2,0,0.4973,0.010450000000000001,0.5,1,2.0,0.0,0.0,Non-Buzzer
reinofmiracle,0.003830596,0.003830596,1,0,0.327,0.0164,1.0,1,0.0,0.0,0.0,Non-Buzzer
MerahLarva,0.0037929327,0.0037929327,1,0,0.5076,0.022,1.0,1,1.0,0.0,0.0,Non-Buzzer
ferryandka,0.003792295,0.003792295,1,0,0.277,0.0169,1.0,1,1.0,0.0,0.0,Non-Buzzer
Arachnic_,0.0037890035,0.0037890035,1,0,0.4199,0.0128,1.0,1,0.0,0.0,0.0,Non-Buzzer
awkwardsodium,0.003727484,0.003727484,1,0,0.7209,0.0128,1.0,1,0.0,0.0,0.0,Non-Buzzer
seigeenomeekata,0.003675838,0.003675838,1,0,0.3154,0.0168,1.0,1,0.0,0.0,0.0,Non-Buzzer
albarmerik27,0.0036702259,0.0036702259,1,0,0.4606,0.0128,1.0,1,1.0,0.0,0.0,Non-Buzzer
rpr_zero2,0.0036688086,0.0036688086,1,0,0.3648,0.0262,1.0,1,1.0,0.0,0.0,Non-Buzzer
thmsky,0.0036641436,0.0036641436,1,0,0.4199,0.0097,1.0,1,1.0,0.0,0.0,Non-Buzzer
Ferdians789,0.0036414913,0.0036414913,1,0,0.282,0.0123,1.0,1,0.0,0.0,0.0,Non-Buzzer
Pirangunter21,0.0036032675,0.0036032675,1,0,0.425,0.0105,1.0,1,0.0,0.0,0.0,Non-Buzzer
bttlen1x_,0.0035680432,0.0035680432,1,0,0.2464,0.0161,1.0,1,0.0,0.0,0.0,Non-Buzzer
KenapaGwWNI,0.0035334122,0.0035334122,1,0,0.5509,0.0077,1.0,1,1.0,0.0,0.0,Non-Buzzer
dadarkeju,0.0035310558,0.0035310558,1,0,0.3546,0.016,1.0,1,0.0,0.0,0.0,Non-Buzzer
esbique_,0.0035256222,0.0035256222,1,0,0.3703,0.0131,1.0,1,1.0,0.0,0.0,Non-Buzzer
SevensRoad77,0.0035132857,0.0035132857,1,0,0.406,0.017,1.0,1,1.0,0.0,0.0,Non-Buzzer
Capt_Gizmodon,0.0034968692,0.0034968692,1,0,0.2676,0.0142,1.0,1,1.0,0.0,0.0,Non-Buzzer
grieuver,0.0034732476,0.0034732476,1,0,0.4928,0.0106,1.0,1,0.0,0.0,0.0,Non-Buzzer
Vanverz,0.0034630813,0.0034630813,1,0,0.4874,0.0207,1.0,1,0.0,0.0,0.0,Non-Buzzer
Psychelockes,0.003454103,0.003454103,1,0,0.2501,0.0214,1.0,1,0.0,0.0,0.0,Non-Buzzer
ariesu__,0.0034439364,0.0034439364,1,0,0.4258,0.0192,1.0,1,1.0,0.0,0.0,Non-Buzzer
uray_z,0.0033973064,0.0033973064,1,0,0.3408,0.0179,1.0,1,0.0,0.0,0.0,Non-Buzzer
SorajimaAnzu,0.0033853785,0.0025342586,2,0,0.3591,0.01,0.5,1,0.0,0.0,0.0,Non-Buzzer
natsuhikoaki,0.003374721,0.003374721,1,0,0.4656,0.0107,1.0,1,0.0,0.0,0.0,Non-Buzzer
kusaritari,0.0033354373,0.0033354373,1,0,0.5246,0.0205,1.0,1,1.0,0.0,0.0,Non-Buzzer
KrispyWater5,0.0033324033,0.0033324033,1,0,0.3036,0.0168,1.0,1,0.0,0.0,0.0,Non-Buzzer
fathanmsatria,0.00332116,0.00332116,1,0,0.6662,0.0059,1.0,1,1.0,0.0,0.0,Non-Buzzer
jneejin,0.0033063074,0.0033063074,1,0,1.0,0.0111,1.0,1,0.0,0.0,0.0,Non-Buzzer
cryofantasia,0.003279937,0.003279937,1,0,0.3469,0.0163,1.0,1,1.0,12.0,4.0160642570281125e-05,Non-Buzzer
alverizki,0.003260712,0.003260712,1,0,0.4938,0.0128,1.0,1,1.0,0.0,0.0,Non-Buzzer
atheon24,0.0032588914,0.0032588914,1,0,0.3447,0.0159,1.0,1,0.0,0.0,0.0,Non-Buzzer
Neibiiru,0.0032321527,0.0032321527,1,0,0.3617,0.0119,1.0,1,0.0,0.0,0.0,Non-Buzzer
Reshidayu,0.0032221703,0.0032221703,1,0,0.5146,0.0112,1.0,1,1.0,0.0,0.0,Non-Buzzer
Pintu_Macet,0.0032120172,0.0032120172,1,0,0.4278,0.0216,1.0,1,0.0,0.0,0.0,Non-Buzzer
eatalot23,0.0031954555,0.0031954555,1,0,0.3496,0.0162,1.0,1,1.0,0.0,0.0,Non-Buzzer
Luthfimbaihaqi,0.003193802,0.003193802,1,0,0.2705,0.0134,1.0,1,1.0,0.0,0.0,Non-Buzzer
quatrevightdix,0.0031896147,0.0031896147,1,0,0.3109,0.019,1.0,1,0.0,0.0,0.0,Non-Buzzer
Red_Rackham87,0.0031748067,0.0031748067,1,0,0.4041,0.0166,1.0,1,1.0,0.0,0.0,Non-Buzzer
sutaduatiga,0.0031425343,0.0023750486,2,0,0.5884,0.009000000000000001,0.5,1,1.0,0.0,0.0,Non-Buzzer
thefallenpea,0.0030893865,0.0030893865,1,0,0.4091,0.0154,1.0,1,1.0,0.0,0.0,Non-Buzzer
kikkawa_kinji84,0.0030892617,0.0030892617,1,0,0.2794,0.0161,1.0,1,1.0,0.0,0.0,Non-Buzzer
asheonlk,0.003060852,0.003060852,1,0,0.265,0.0175,1.0,1,1.0,0.0,0.0,Non-Buzzer
ridwanadit,0.00302491,0.00302491,1,0,0.2975,0.0178,1.0,1,0.0,0.0,0.0,Non-Buzzer
NavriW,0.0029857985,0.0029857985,1,0,0.3454,0.0156,1.0,1,0.0,0.0,0.0,Non-Buzzer
hotgamer132,0.0029857985,0.0029857985,1,0,0.3566,0.0156,1.0,1,0.0,0.0,0.0,Non-Buzzer
efenerr,0.0029820888,0.0029820888,1,0,0.3668,0.0167,1.0,1,0.0,0.0,0.0,Non-Buzzer
Ioroiisme,0.0029819966,0.002014588,2,0,0.2907,0.01235,1.0,2,0.0,0.0,0.0,Non-Buzzer
azraelcode,0.0029679788,0.0029679788,1,0,0.4556,0.0109,1.0,1,0.0,0.0,0.0,Non-Buzzer
AoOkami5,0.0029551466,0.0029551466,1,0,0.5225,0.0093,1.0,1,1.0,0.0,0.0,Non-Buzzer
YinkoKaelandra,0.002920249,0.0024037012,3,0,0.5903,0.015399999999999999,0.6666666666666666,2,1.0,0.0,0.0,Non-Buzzer
GlazedLight,0.002918818,0.002918818,1,0,0.3746,0.0181,1.0,1,0.0,0.0,0.0,Non-Buzzer
IwanMuhRidwan,0.0029123041,0.0029123041,1,0,0.7671,0.0067,1.0,1,1.0,0.0,0.0,Non-Buzzer
foolyyn,0.0029113726,0.0029113726,1,0,0.628,0.0016,1.0,1,0.0,0.0,0.0,Non-Buzzer
AbyanMakarim,0.0029080552,0.0029080552,1,0,0.307,0.0198,1.0,1,0.0,0.0,0.0,Non-Buzzer
geicilikechips,0.0029080135,0.0029080135,1,0,0.2774,0.0122,1.0,1,0.0,0.0,0.0,Non-Buzzer
regredt,0.0029024745,0.0029024745,1,0,0.4649,0.001,1.0,1,0.0,0.0,0.0,Non-Buzzer
ShaniBudi,0.002901604,0.002901604,1,0,0.4305,0.0095,1.0,1,0.0,2.0,0.0,Non-Buzzer
earlyguilty,0.002876769,0.002876769,1,0,0.4172,0.0135,1.0,1,0.0,0.0,0.0,Non-Buzzer
novocannez,0.0028652942,0.0028652942,1,0,0.7287,0.0136,1.0,1,0.0,0.0,0.0,Non-Buzzer
toshimema,0.0028635454,0.0028635454,1,0,0.6958,0.0038,1.0,1,0.0,0.0,0.0,Non-Buzzer
ikanhane,0.0028573,0.0028573,1,0,0.292,0.0023,1.0,1,0.0,0.0,0.0,Non-Buzzer
freqtions,0.0028488445,0.0028488445,1,0,0.3962,0.0175,1.0,1,1.0,0.0,0.0,Non-Buzzer
rizaatta,0.0028454196,0.0028454196,1,0,0.6978,0.0129,1.0,1,0.0,0.0,0.0,Non-Buzzer
scandal_dante,0.0028218506,0.0028218506,1,0,1.0,0.0215,1.0,1,0.0,0.0,0.0,Non-Buzzer
cloplerr,0.0028164617,0.0028164617,1,0,0.6214,0.0038,1.0,1,1.0,1.0,0.0,Non-Buzzer
Zee_Takegami59,0.0027726225,0.0027726225,1,0,0.5638,0.0057,1.0,1,0.0,0.0,0.0,Non-Buzzer
feromonguy,0.0027502482,0.0027502482,1,0,0.4797,0.0213,1.0,1,0.0,0.0,0.0,Non-Buzzer
riverbenderr,0.0027485015,0.0027485015,1,0,0.5137,0.008,1.0,1,1.0,0.0,0.0,Non-Buzzer
mirasupermii,0.0027267518,0.0027267518,1,0,0.5888,0.0103,1.0,1,0.0,0.0,0.0,Non-Buzzer
_iorih,0.0027189532,0.0027189532,1,0,0.5778,0.0128,1.0,1,0.0,0.0,0.0,Non-Buzzer
abahgaming_,0.0026950585,0.0026950585,1,0,0.605,0.0069,1.0,1,1.0,0.0,0.0,Non-Buzzer
exewriyan,0.0026904934,0.0026904934,1,0,0.3269,0.0257,1.0,1,0.0,0.0,0.0,Non-Buzzer
kopisusu73,0.002685186,0.002685186,1,0,0.7671,0.0206,1.0,1,0.0,0.0,0.0,Non-Buzzer
H4ydon,0.0026804004,0.001931731,2,0,0.2937,0.0105,0.5,1,0.0,0.0,0.0,Non-Buzzer
IKKIttebayo,0.0026772665,0.0026772665,1,0,0.4788,0.0071,1.0,1,1.0,0.0,0.0,Non-Buzzer
Kentato_3,0.0026697195,0.0026697195,1,0,0.2388,0.0245,1.0,1,1.0,0.0,0.0,Non-Buzzer
CDWolfReal,0.0026688525,0.0026688525,1,0,0.4756,0.0095,1.0,1,1.0,0.0,0.0,Non-Buzzer
tizaki09,0.002666375,0.002666375,1,0,0.4081,0.0156,1.0,1,0.0,0.0,0.0,Non-Buzzer
BatasAir,0.0026512584,0.0026512584,1,0,0.8368,0.0052,1.0,1,1.0,0.0,0.0,Non-Buzzer
ogyw1n,0.0026413566,0.0026413566,1,0,0.2907,0.0012,1.0,1,0.0,0.0,0.0,Non-Buzzer
ah_azamuddin,0.002636388,0.002636388,1,0,0.3467,0.0118,1.0,1,0.0,0.0,0.0,Non-Buzzer
pikachuasbun,0.0026319055,0.0026319055,1,0,0.3557,0.0188,1.0,1,0.0,0.0,0.0,Non-Buzzer
101107mma,0.00262437,0.00262437,1,0,0.2627,0.014,1.0,1,1.0,0.0,0.0,Non-Buzzer
iambayu48,0.002615976,0.002615976,1,0,0.3697,0.0153,1.0,1,1.0,0.0,0.0,Non-Buzzer
yoruisnightt,0.0026078061,0.0026078061,1,0,0.5232,0.0017,1.0,1,1.0,0.0,0.0,Non-Buzzer
stristy_,0.0026032657,0.0026032657,1,0,0.405,0.0233,1.0,1,0.0,0.0,0.0,Non-Buzzer
azmnesahi,0.0025943592,0.0025943592,1,0,0.4881,0.0057,1.0,1,0.0,0.0,0.0,Non-Buzzer
Hay_yatto9,0.0025735581,0.0025735581,1,0,0.3537,0.0153,1.0,1,0.0,0.0,0.0,Non-Buzzer
sinyalkartuntv,0.002569335,0.002569335,1,0,0.6958,0.0029,1.0,1,0.0,0.0,0.0,Non-Buzzer
ckfoakas,0.0025571305,0.002239596,2,0,0.5638,0.0123,1.0,2,1.0,0.0,0.0,Non-Buzzer
HlfBloodPr1nce,0.0025540227,0.0025540227,1,0,0.3282,0.018,1.0,1,0.0,0.0,0.0,Non-Buzzer
misterx_9945613,0.0025477866,0.00248694,2,0,0.4057,0.0139,1.0,2,1.0,0.0,0.0,Non-Buzzer
Neoleone3,0.0025313003,0.0025313003,1,0,0.4007,0.005,1.0,1,0.0,0.0,0.0,Non-Buzzer
A11Kiky,0.0025258835,0.0025258835,1,0,0.3713,0.0118,1.0,1,0.0,0.0,0.0,Non-Buzzer
rahmi_syahid,0.0025235957,0.0025235957,1,0,0.7613,0.0103,1.0,1,0.0,0.0,0.0,Non-Buzzer
dedirmdani,0.0025219303,0.0025219303,1,0,0.3073,0.0184,1.0,1,0.0,0.0,0.0,Non-Buzzer
eesu_ace,0.0025160918,0.0025160918,1,0,0.2211,0.0121,1.0,1,0.0,0.0,0.0,Non-Buzzer
rezimkeparatt,0.0025145726,0.0025145726,1,0,0.5269,0.0069,1.0,1,0.0,0.0,0.0,Non-Buzzer
AthallahriqMS,0.0025077322,0.0025077322,1,0,0.6157,0.0088,1.0,1,1.0,1.0,0.0,Non-Buzzer
Lost_Ataraxia,0.0025045972,0.0025045972,1,0,0.3586,0.0179,1.0,1,0.0,0.0,0.0,Non-Buzzer
whereisnono,0.002501065,0.002501065,1,0,0.3661,0.0118,1.0,1,0.0,0.0,0.0,Non-Buzzer
skrrttttttskrtt,0.002500857,0.002500857,1,0,0.5186,0.0099,1.0,1,0.0,0.0,0.0,Non-Buzzer
mediaindonesia,0.0025004228,0.0025004228,1,0,0.4148,0.0147,1.0,1,0.0,0.0,0.0,Non-Buzzer
kejoraseruni,0.0024997531,0.0024997531,1,0,0.4,0.012,1.0,1,0.0,0.0,0.0,Non-Buzzer
BoGameDo,0.0024798738,0.0024798738,1,0,0.3607,0.0248,1.0,1,0.0,0.0,0.0,Non-Buzzer
nabawhy,0.0024724407,0.0024724407,1,0,0.3668,0.005,1.0,1,1.0,0.0,0.0,Non-Buzzer
dabluewd,0.0024642833,0.0024642833,1,0,0.5144,0.0056,1.0,1,0.0,0.0,0.0,Non-Buzzer
MengolianBeef,0.0024396507,0.0018004532,2,0,0.7982,0.0126,1.0,2,1.0,0.0,0.0,Non-Buzzer
kocakterus88,0.0024366053,0.0024366053,1,0,0.357,0.0118,1.0,1,0.0,0.0,0.0,Non-Buzzer
donisuzaku,0.0024072349,0.0024072349,1,0,0.5587,0.0018,1.0,1,1.0,0.0,0.0,Non-Buzzer
SEAGamethetic,0.0023843835,0.0023843835,1,0,0.3827,0.0191,1.0,1,0.0,2.0,0.0,Non-Buzzer
eonoeonoe,0.0023749527,0.0017310479,2,0,0.4036,0.00975,1.0,2,0.0,0.0,0.0,Non-Buzzer
AchmadUmar17,0.002347248,0.002347248,1,0,0.3533,0.0224,1.0,1,1.0,0.0,0.0,Non-Buzzer
zzz25k,0.0023428916,0.0023428916,1,0,0.3221,0.0144,1.0,1,1.0,0.0,0.0,Non-Buzzer
LewatTolJORR,0.0023313654,0.0023313654,1,0,0.3314,0.0123,1.0,1,0.0,0.0,0.0,Non-Buzzer
DimasRamdhan_,0.002327395,0.002327395,1,0,0.2764,0.0139,1.0,1,0.0,1.0,0.0,Non-Buzzer
galih_dea,0.0023265823,0.0023265823,1,0,0.3148,0.0204,1.0,1,0.0,0.0,0.0,Non-Buzzer
bebeksnorkling,0.002324738,0.002324738,1,0,0.3733,0.0145,1.0,1,0.0,0.0,0.0,Non-Buzzer
langitsenayan,0.0023148607,0.0023148607,1,0,0.4705,0.0007,1.0,1,0.0,0.0,0.0,Non-Buzzer
8isul,0.0023138423,0.0023138423,1,0,0.351,0.012,1.0,1,0.0,0.0,0.0,Non-Buzzer
HabibiFuad,0.0023138423,0.0023138423,1,0,0.3403,0.0123,1.0,1,0.0,0.0,0.0,Non-Buzzer
samminustakes,0.002310959,0.002310959,1,0,0.5986,0.013,1.0,1,1.0,0.0,0.0,Non-Buzzer
cesyii_,0.0023075917,0.0023075917,1,0,0.3719,0.0115,1.0,1,0.0,0.0,0.0,Non-Buzzer
Undeirtale,0.0023040352,0.0023040352,1,0,0.2967,0.0198,1.0,1,0.0,0.0,0.0,Non-Buzzer
darangsc,0.0022982813,0.0022982813,1,0,0.3274,0.012,1.0,1,0.0,0.0,0.0,Non-Buzzer
Asep_Shelby,0.0022924992,0.0022924992,1,0,0.2976,0.0179,1.0,1,1.0,0.0,0.0,Non-Buzzer
HGrezex,0.002288597,0.002288597,1,0,0.3087,0.0216,1.0,1,1.0,0.0,0.0,Non-Buzzer
Pito35386217,0.0022737181,0.0022737181,1,0,0.3433,0.0249,1.0,1,1.0,0.0,0.0,Non-Buzzer
Andiiian,0.002260871,0.002260871,1,0,0.266,0.0049,1.0,1,0.0,0.0,0.0,Non-Buzzer
vicyrchm,0.002258175,0.002258175,1,0,0.333,0.0245,1.0,1,1.0,0.0,0.0,Non-Buzzer
mgyanm,0.002253324,0.002253324,1,0,0.3463,0.0041,1.0,1,1.0,0.0,0.0,Non-Buzzer
quis_alexi15970,0.0022475661,0.0022475661,1,0,0.2863,0.01,1.0,1,1.0,2.0,0.0,Non-Buzzer
xenoshroomer,0.0022454518,0.0022454518,1,0,0.2863,0.0113,1.0,1,0.0,0.0,0.0,Non-Buzzer
Trixtar__,0.0022400762,0.0017163837,2,0,0.2822,0.007050000000000001,0.5,1,0.0,0.0,0.0,Non-Buzzer
SKspammer,0.0022333357,0.0022333357,1,0,0.5238,0.021,1.0,1,0.0,0.0,0.0,Non-Buzzer
Claudio_sigit,0.0021883692,0.0021883692,1,0,0.7352,0.0037,1.0,1,1.0,0.0,0.0,Non-Buzzer
bobihart,0.0021878611,0.0021878611,1,0,0.2476,0.0198,1.0,1,1.0,0.0,0.0,Non-Buzzer
reprimantum,0.002185778,0.002185778,1,0,0.3423,0.024,1.0,1,1.0,0.0,0.0,Non-Buzzer
Yafie_A_Raihan,0.002175762,0.002175762,1,0,0.3749,0.0118,1.0,1,0.0,0.0,0.0,Non-Buzzer
samarotsaha,0.0021735127,0.0021735127,1,0,0.253,0.0146,1.0,1,0.0,0.0,0.0,Non-Buzzer
kuda_melenting,0.0021728023,0.0021728023,1,0,0.3885,0.0127,1.0,1,0.0,0.0,0.0,Non-Buzzer
1q5_nungha,0.0021723702,0.0021723702,1,0,0.4337,0.0216,1.0,1,1.0,0.0,0.0,Non-Buzzer
ngepetskuy,0.002168084,0.002168084,1,0,0.3625,0.0207,1.0,1,0.0,0.0,0.0,Non-Buzzer
girumon16,0.002153668,0.002153668,1,0,0.7725,0.0071,1.0,1,0.0,0.0,0.0,Non-Buzzer
YuriAndriyanto,0.0021434024,0.0021434024,1,0,0.2572,0.014,1.0,1,1.0,0.0,0.0,Non-Buzzer
Turu748392,0.0021425814,0.0021425814,1,0,0.3814,0.0121,1.0,1,1.0,0.0,0.0,Non-Buzzer
dwxnda,0.0021424652,0.0021424652,1,0,0.3572,0.0113,1.0,1,0.0,0.0,0.0,Non-Buzzer
gaptekbet,0.0021395455,0.0021395455,1,0,0.3877,0.0119,1.0,1,0.0,0.0,0.0,Non-Buzzer
fizzzzyyyyyyy,0.0021384433,0.0020940085,2,0,0.3844,0.0081,0.5,1,2.0,1.0,0.0,Non-Buzzer
mas_ittou,0.0021335576,0.0021335576,1,0,0.2416,0.0147,1.0,1,0.0,0.0,0.0,Non-Buzzer
Angelina_S_S,0.002132419,0.002114501,2,0,0.4337,0.0098,0.5,1,0.0,0.0,0.0,Non-Buzzer
mhn_ziziz,0.002116228,0.002116228,1,0,0.4754,0.004,1.0,1,0.0,0.0,0.0,Non-Buzzer
_mabskuy,0.002099577,0.002099577,1,0,0.3367,0.0152,1.0,1,1.0,0.0,0.0,Non-Buzzer
r_oneand1,0.002094808,0.002094808,1,0,0.2892,0.024,1.0,1,0.0,0.0,0.0,Non-Buzzer
enilesram,0.002091358,0.002091358,1,0,0.2671,0.0187,1.0,1,1.0,0.0,0.0,Non-Buzzer
RhendySpine,0.002084497,0.002084497,1,0,0.3367,0.0122,1.0,1,1.0,0.0,0.0,Non-Buzzer
soulsinders,0.00206019,0.00206019,1,0,0.3174,0.0216,1.0,1,0.0,0.0,0.0,Non-Buzzer
GemaShowIndo,0.0020564054,0.0016391805,3,0,0.456,0.0062,0.6666666666666666,2,1.0,4.0,0.0,Non-Buzzer
Kurirputaw,0.0020483092,0.0020483092,1,0,0.3879,0.0182,1.0,1,0.0,0.0,0.0,Non-Buzzer
sripraba95,0.0020418502,0.0020418502,1,0,0.442,0.0214,1.0,1,1.0,0.0,0.0,Non-Buzzer
sikoom,0.0020055405,0.0020055405,1,0,0.2547,0.0153,1.0,1,0.0,0.0,0.0,Non-Buzzer
xathrya,0.001980776,0.0016420489,2,0,0.3146,0.01065,1.0,2,0.0,0.0,0.0,Non-Buzzer
someeothrthing,0.001980677,0.001980677,1,0,0.3747,0.0076,1.0,1,0.0,0.0,0.0,Non-Buzzer
Syarp29,0.0019794097,0.0019794097,1,0,0.2555,0.0068,1.0,1,1.0,0.0,0.0,Non-Buzzer
Voxastros,0.0019774155,0.0019774155,1,0,0.238,0.018,1.0,1,1.0,0.0,0.0,Non-Buzzer
tahuangkasa,0.001977345,0.001977345,1,0,0.4158,0.0125,1.0,1,1.0,0.0,0.0,Non-Buzzer
onyourtabs,0.001948558,0.001948558,1,0,0.3495,0.011,1.0,1,1.0,0.0,0.0,Non-Buzzer
bonboninsegna,0.001937649,0.001937649,1,0,0.3201,0.0109,1.0,1,1.0,0.0,0.0,Non-Buzzer
itsfbpr89,0.0019357816,0.0019357816,1,0,0.3384,0.018,1.0,1,1.0,0.0,0.0,Non-Buzzer
rdagung_,0.0019357816,0.0019357816,1,0,0.3415,0.0184,1.0,1,1.0,0.0,0.0,Non-Buzzer
Sanskertar,0.0019241065,0.0019241065,1,0,0.281,0.0213,1.0,1,0.0,0.0,0.0,Non-Buzzer
__hanaeruu,0.0019206501,0.0019206501,1,0,0.2975,0.0187,1.0,1,0.0,0.0,0.0,Non-Buzzer
mhuseinali,0.0019133796,0.0019133796,1,0,0.2464,0.014,1.0,1,0.0,6.0,0.0,Non-Buzzer
orpheuskaze,0.0019079153,0.0019079153,1,0,1.0,0.0061,1.0,1,0.0,0.0,0.0,Non-Buzzer
kararynn,0.0019068072,0.0019068072,1,0,0.3069,0.0224,1.0,1,0.0,0.0,0.0,Non-Buzzer
Hey_Ivan,0.001906524,0.001906524,1,0,0.3546,0.0205,1.0,1,0.0,0.0,0.0,Non-Buzzer
boiebe,0.0019036671,0.0019036671,1,0,0.2648,0.0118,1.0,1,0.0,0.0,0.0,Non-Buzzer
fayn57,0.0018885273,0.0018885273,1,0,0.2241,0.0111,1.0,1,1.0,0.0,0.0,Non-Buzzer
cookiesmaungga,0.001874503,0.001874503,1,0,0.4349,0.0093,1.0,1,0.0,0.0,0.0,Non-Buzzer
SageWoody46573,0.001874503,0.001874503,1,0,0.44,0.0097,1.0,1,0.0,0.0,0.0,Non-Buzzer
arekekesel,0.0018682791,0.0018682791,1,0,0.386,0.0074,1.0,1,0.0,0.0,0.0,Non-Buzzer
Shirogatana_,0.001863589,0.001863589,1,0,0.3599,0.0191,1.0,1,1.0,0.0,0.0,Non-Buzzer
Shikikan_Neko08,0.0018490427,0.0018490427,1,0,0.3113,0.0208,1.0,1,0.0,0.0,0.0,Non-Buzzer
hi_bagus,0.0018380904,0.0018380904,1,0,0.3518,0.0142,1.0,1,1.0,0.0,0.0,Non-Buzzer
FarrelFranqois,0.0018358573,0.0018358573,1,0,0.2417,0.0144,1.0,1,1.0,0.0,0.0,Non-Buzzer
Vanour394663,0.0018342355,0.0018342355,1,0,0.4652,0.0106,1.0,1,0.0,0.0,0.0,Non-Buzzer
RastianRizki,0.001833956,0.001833956,1,0,0.2915,0.0196,1.0,1,1.0,0.0,0.0,Non-Buzzer
mamooarts,0.0018326901,0.0018326901,1,0,0.3228,0.0122,1.0,1,0.0,0.0,0.0,Non-Buzzer
mas_panas70450,0.0018237656,0.0018237656,1,0,0.338,0.0194,1.0,1,0.0,0.0,0.0,Non-Buzzer
Delazdukedom,0.0018232412,0.0018232412,1,0,0.3182,0.0109,1.0,1,1.0,0.0,0.0,Non-Buzzer
luctvie,0.0018187229,0.0018187229,2,0,0.8165,0.0015999999999999999,0.5,1,0.0,0.0,0.0,Non-Buzzer
nomnom382,0.0018155513,0.0018155513,1,0,0.3443,0.0139,1.0,1,1.0,0.0,0.0,Non-Buzzer
tondatona,0.0018136521,0.0018136521,1,0,0.3713,0.0149,1.0,1,1.0,0.0,0.0,Non-Buzzer
risatonul,0.0018012372,0.0018012372,1,0,0.2432,0.0129,1.0,1,0.0,0.0,0.0,Non-Buzzer
effendiilham,0.0017969068,0.0017969068,1,0,0.432,0.0096,1.0,1,0.0,0.0,0.0,Non-Buzzer
rvbaharktik,0.0017892716,0.0017892716,1,0,0.3712,0.0111,1.0,1,1.0,0.0,0.0,Non-Buzzer
wordfangs,0.0017862243,0.0017862243,1,0,0.3846,0.0112,1.0,1,0.0,5.0,0.0,Non-Buzzer
Hoomanine,0.0017851909,0.0017851909,1,0,0.3588,0.0151,1.0,1,0.0,0.0,0.0,Non-Buzzer
wandgerer,0.0017756603,0.0017756603,1,0,0.353,0.012,1.0,1,0.0,0.0,0.0,Non-Buzzer
sulistia2323,0.0017749615,0.0017749615,1,0,0.3918,0.0189,1.0,1,0.0,0.0,0.0,Non-Buzzer
Kritzkrieg__,0.0017698085,0.0017698085,1,0,0.3294,0.0129,1.0,1,0.0,0.0,0.0,Non-Buzzer
Mahisa_Aspartam,0.0017691675,0.0017691675,1,0,0.2797,0.015,1.0,1,0.0,0.0,0.0,Non-Buzzer
LXVCXXXLIXLVI,0.0017675487,0.0017675487,1,0,0.3851,0.0127,1.0,1,1.0,0.0,0.0,Non-Buzzer
safriearr,0.0017636839,0.0017636839,1,0,0.3656,0.0189,1.0,1,1.0,0.0,0.0,Non-Buzzer
kenjay_,0.0017571243,0.0017571243,1,0,0.4139,0.0101,1.0,1,0.0,0.0,0.0,Non-Buzzer
rajesh_maliwal,0.0017525428,0.0017525428,1,0,0.381,0.0188,1.0,1,1.0,0.0,0.0,Non-Buzzer
its_me_zhafran,0.001751446,0.001751446,1,0,0.3634,0.0108,1.0,1,1.0,0.0,0.0,Non-Buzzer
MistharOzhima,0.0017508593,0.0017508593,1,0,0.3656,0.0138,1.0,1,1.0,0.0,0.0,Non-Buzzer
VGTimes,0.0017397245,0.0017397245,1,0,0.2763,0.0192,1.0,1,0.0,0.0,0.0,Non-Buzzer
WahyuAdiguna,0.001725161,0.001725161,1,0,0.4082,0.0115,1.0,1,1.0,0.0,0.0,Non-Buzzer
boyguling,0.0017231223,0.0017231223,1,0,0.4363,0.0102,1.0,1,0.0,0.0,0.0,Non-Buzzer
sennzebub,0.0017164561,0.0017164561,1,0,0.4521,0.0041,1.0,1,0.0,0.0,0.0,Non-Buzzer
its_arleigh,0.0017155085,0.0017155085,1,0,0.447,0.0008,1.0,1,1.0,0.0,0.0,Non-Buzzer
Naelep261,0.0017135041,0.0017135041,1,0,0.3897,0.0185,1.0,1,1.0,0.0,0.0,Non-Buzzer
Christyandi_R,0.0017000813,0.0017000813,1,0,0.3528,0.0206,1.0,1,1.0,1.0,0.0,Non-Buzzer
Ravness_,0.0016885044,0.0016885044,1,0,0.3684,0.019,1.0,1,1.0,0.0,0.0,Non-Buzzer
RioCvn,0.0016872734,0.0016872734,1,0,0.406,0.0189,1.0,1,1.0,0.0,0.0,Non-Buzzer
Al38819917,0.0016762256,0.0016082181,2,0,0.3118,0.00795,0.5,1,2.0,0.0,0.0,Non-Buzzer
stamped_e,0.0016631734,0.0016631734,1,0,0.2767,0.0117,1.0,1,1.0,0.0,0.0,Non-Buzzer
DPanglewai15679,0.0016535005,0.0016535005,1,0,0.2856,0.0129,1.0,1,1.0,0.0,0.0,Non-Buzzer
Noireism,0.0016516864,0.0016516864,1,0,0.4597,0.0032,1.0,1,0.0,0.0,0.0,Non-Buzzer
susahberaq,0.0016444214,0.0016444214,1,0,0.4317,0.0076,1.0,1,0.0,0.0,0.0,Non-Buzzer
jawapos,0.0016400925,0.0016400925,1,0,0.3576,0.0083,1.0,1,0.0,0.0,0.0,Non-Buzzer
boy_qalam,0.0016367035,0.0016367035,1,0,0.4078,0.0113,1.0,1,1.0,0.0,0.0,Non-Buzzer
Duren___,0.0016357945,0.0016357945,1,0,0.4619,0.0088,1.0,1,0.0,0.0,0.0,Non-Buzzer
wWinecell,0.0016327245,0.0016327245,1,0,0.4656,0.0067,1.0,1,1.0,0.0,0.0,Non-Buzzer
Beckerzine,0.0016318845,0.0016318845,1,0,0.4041,0.0132,1.0,1,1.0,0.0,0.0,Non-Buzzer
BigABust7,0.0016313602,0.0016313602,1,0,0.3572,0.0053,1.0,1,0.0,0.0,0.0,Non-Buzzer
BukanKennyG,0.0016271448,0.0016271448,1,0,0.3011,0.0135,1.0,1,0.0,0.0,0.0,Non-Buzzer
NurdienAsslm,0.0016155744,0.0016155744,1,0,0.3778,0.0088,1.0,1,0.0,0.0,0.0,Non-Buzzer
_16553,0.0015960003,0.0015960003,1,0,0.4264,0.0089,1.0,1,0.0,0.0,0.0,Non-Buzzer
HilalBilal,0.0015881116,0.0015881116,1,0,0.3201,0.013,1.0,1,1.0,0.0,0.0,Non-Buzzer
itsD_037,0.0015833082,0.0015833082,1,0,0.4298,0.0069,1.0,1,0.0,0.0,0.0,Non-Buzzer
aliffurqonasdya,0.0015833082,0.0015833082,1,0,0.4298,0.0043,1.0,1,0.0,0.0,0.0,Non-Buzzer
Religuary,0.0015833082,0.0015833082,1,0,0.4312,0.0038,1.0,1,0.0,0.0,0.0,Non-Buzzer
IBigbal,0.0015832991,0.0015832991,1,0,0.4597,0.0033,1.0,1,0.0,0.0,0.0,Non-Buzzer
yurayurei,0.001574368,0.001574368,1,0,0.3069,0.013,1.0,1,1.0,0.0,0.0,Non-Buzzer
emptyspacerant,0.0015652888,0.0015652888,1,0,0.3886,0.0181,1.0,1,0.0,0.0,0.0,Non-Buzzer
absoluthardbass,0.0015626365,0.0015626365,1,0,0.4483,0.0103,1.0,1,0.0,0.0,0.0,Non-Buzzer
TirtoID,0.0015607391,0.0015607391,1,0,0.8111,0.0086,1.0,1,0.0,0.0,0.0,Non-Buzzer
8issleekest,0.0015579521,0.0015579521,1,0,0.378,0.0075,1.0,1,1.0,0.0,0.0,Non-Buzzer
kazuugi,0.0015467022,0.0015467022,1,0,0.4199,0.0105,1.0,1,0.0,0.0,0.0,Non-Buzzer
indomiegrgsate,0.001542175,0.001542175,1,0,0.2967,0.0128,1.0,1,1.0,0.0,0.0,Non-Buzzer
PseudoMonious,0.0015385156,0.0015385156,1,0,0.3452,0.019,1.0,1,0.0,0.0,0.0,Non-Buzzer
BauPity70gBalik,0.001532825,0.001532825,1,0,0.4137,0.0063,1.0,1,0.0,0.0,0.0,Non-Buzzer
ItsmeMauwi,0.0015303334,0.0015303334,1,0,0.3186,0.0182,1.0,1,1.0,0.0,0.0,Non-Buzzer
TAdiwiguno,0.0015303334,0.0015303334,1,0,0.3231,0.0183,1.0,1,1.0,0.0,0.0,Non-Buzzer
renggastoic,0.0015289774,0.0015289774,1,0,0.304,0.0189,1.0,1,1.0,0.0,0.0,Non-Buzzer
1ladytypeofguy,0.0015169574,0.0015169574,1,0,0.3641,0.0127,1.0,1,0.0,0.0,0.0,Non-Buzzer
yayyahyn,0.0015108451,0.0015108451,1,0,0.2697,0.0145,1.0,1,1.0,0.0,0.0,Non-Buzzer
istriphainon5,0.0015108451,0.0015108451,1,0,0.2719,0.0142,1.0,1,1.0,0.0,0.0,Non-Buzzer
AriefPurs,0.001510384,0.001510384,1,0,0.2514,0.0102,1.0,1,0.0,0.0,0.0,Non-Buzzer
tapdibdab,0.0014955015,0.0014955015,1,0,0.0,0.0,1.0,1,0.0,0.0,0.0,Non-Buzzer
mingdinkiw,0.0014923129,0.0014923129,1,0,0.2786,0.0139,1.0,1,1.0,0.0,0.0,Non-Buzzer
HarishChengaiah,0.001487096,0.001487096,1,0,0.367,0.0148,1.0,1,1.0,0.0,0.0,Non-Buzzer
groflokash,0.0014845782,0.0014845782,1,0,0.3969,0.0058,1.0,1,0.0,0.0,0.0,Non-Buzzer
Marchelmar3,0.0014844502,0.0014844502,1,0,0.388,0.0079,1.0,1,0.0,0.0,0.0,Non-Buzzer
Y012KI,0.0014683756,0.0014683756,1,0,0.4597,0.0042,1.0,1,1.0,0.0,0.0,Non-Buzzer
Nymeryion,0.0014398702,0.0014398702,1,0,0.3611,0.0135,1.0,1,0.0,0.0,0.0,Non-Buzzer
Cameliatty,0.0014309598,0.0014309598,1,0,0.3449,0.0139,1.0,1,1.0,0.0,0.0,Non-Buzzer
Lord_Mudcrab95,0.0014106056,0.0014106056,1,0,0.4712,0.0085,1.0,1,1.0,1.0,0.0,Non-Buzzer
lilwrenchz,0.0013991419,0.0013991419,1,0,0.7111,0.0028,1.0,1,0.0,0.0,0.0,Non-Buzzer
ya2nk_dheophe,0.0013975825,0.0013975825,1,0,0.4841,0.0075,1.0,1,1.0,0.0,0.0,Non-Buzzer
verstalie,0.0013816304,0.0013816304,1,0,0.4553,0.0057,1.0,1,0.0,0.0,0.0,Non-Buzzer
aresterisk,0.0013816304,0.0013816304,1,0,0.4553,0.0051,1.0,1,0.0,0.0,0.0,Non-Buzzer
azosarchive,0.0013708834,0.0013708834,1,0,0.3173,0.013,1.0,1,0.0,0.0,0.0,Non-Buzzer
inabujank,0.0013701937,0.0013701937,1,0,0.9098,0.0063,1.0,1,0.0,0.0,0.0,Non-Buzzer
dihydroxyestra,0.0013696684,0.0013696684,1,0,0.2803,0.0125,1.0,1,0.0,0.0,0.0,Non-Buzzer
madshiraa,0.0013685452,0.0013685452,1,0,0.3831,0.0033,1.0,1,0.0,0.0,0.0,Non-Buzzer
arubigoreng,0.0013685452,0.0013685452,1,0,0.388,0.0014,1.0,1,0.0,0.0,0.0,Non-Buzzer
skepticaladhit,0.0013671968,0.0013671968,1,0,0.3999,0.0182,1.0,1,1.0,0.0,0.0,Non-Buzzer
The_Takank,0.0013620587,0.0013620587,1,0,0.3161,0.01,1.0,1,1.0,0.0,0.0,Non-Buzzer
goeli3,0.0013607563,0.0013607563,1,0,0.3316,0.0137,1.0,1,0.0,0.0,0.0,Non-Buzzer
purwarupa3,0.0013504268,0.0013504268,1,0,0.3052,0.0136,1.0,1,1.0,0.0,0.0,Non-Buzzer
wh0isHanna,0.0013472487,0.0013472487,1,0,0.7111,0.0075,1.0,1,0.0,0.0,0.0,Non-Buzzer
rzyfzyfzyf,0.0013317309,0.0013317309,1,0,0.3747,0.005,1.0,1,0.0,0.0,0.0,Non-Buzzer
selaluPromo09,0.0013210161,0.0013210161,1,0,0.3994,0.0131,1.0,1,0.0,0.0,0.0,Non-Buzzer
godbusycanihelp,0.0013163472,0.0013163472,1,0,0.6158,0.01,1.0,1,0.0,0.0,0.0,Non-Buzzer
AlxndrieJeremia,0.0013162663,0.0013162663,1,0,0.3162,0.0137,1.0,1,0.0,0.0,0.0,Non-Buzzer
Ekokucayy,0.0013149625,0.0013149625,1,0,0.5972,0.0072,1.0,1,1.0,0.0,0.0,Non-Buzzer
ranggaprp,0.0013078338,0.0013078338,1,0,0.3909,0.0092,1.0,1,1.0,0.0,0.0,Non-Buzzer
Whl_27,0.0012943847,0.0012943847,1,0,0.5232,0.007,1.0,1,1.0,0.0,0.0,Non-Buzzer
tokyomotret,0.0012927406,0.0012927406,1,0,0.0,0.0,1.0,1,0.0,0.0,0.0,Non-Buzzer
Chichi_X_Mune,0.0012908826,0.0012908826,1,0,0.3544,0.0099,1.0,1,0.0,0.0,0.0,Non-Buzzer
yourpadawann,0.00129034,0.00129034,1,0,0.0,0.0,1.0,1,1.0,0.0,0.0,Non-Buzzer
JackieNoboru,0.001285404,0.001285404,1,0,0.6607,0.0091,1.0,1,1.0,0.0,0.0,Non-Buzzer
RenoArifigar,0.0012829523,0.0012829523,1,0,0.7955,0.0084,1.0,1,0.0,0.0,0.0,Non-Buzzer
kyobiiii,0.0012730713,0.0012730713,1,0,0.4015,0.0092,1.0,1,0.0,0.0,0.0,Non-Buzzer
Cak_Alail,0.0012609421,0.0012609421,1,0,0.4223,0.001,1.0,1,0.0,0.0,0.0,Non-Buzzer
garmenputus,0.0012506585,0.0012506585,1,0,0.5017,0.0099,1.0,1,0.0,0.0,0.0,Non-Buzzer
xnopzx,0.0012484341,0.0012484341,1,0,0.3673,0.0125,1.0,1,1.0,0.0,0.0,Non-Buzzer
allaamnaufal20,0.0012484185,0.0012484185,1,0,0.4653,0.0067,1.0,1,0.0,0.0,0.0,Non-Buzzer
clarniva,0.0012479086,0.0012479086,1,0,0.6095,0.0074,1.0,1,0.0,0.0,0.0,Non-Buzzer
MillastoElhart,0.001245208,0.001245208,1,0,0.5482,0.0092,1.0,1,0.0,0.0,0.0,Non-Buzzer
MrHighgrou79503,0.0012436002,0.0012436002,1,0,0.6095,0.0081,1.0,1,1.0,1.0,0.0,Non-Buzzer
kindahao,0.0012424245,0.0012424245,1,0,0.9098,0.004,1.0,1,0.0,0.0,0.0,Non-Buzzer
cryskabarchenow,0.0012354025,0.0012354025,1,0,0.3602,0.011,1.0,1,0.0,0.0,0.0,Non-Buzzer
ValentinoJ15345,0.0012349208,0.0012349208,1,0,0.4223,0.0071,1.0,1,1.0,0.0,0.0,Non-Buzzer
serafioz,0.0012345186,0.0012345186,1,0,0.6668,0.0101,1.0,1,0.0,0.0,0.0,Non-Buzzer
Rahman_Denim72,0.0012286584,0.0012286584,1,0,0.4895,0.0008,1.0,1,0.0,0.0,0.0,Non-Buzzer
_RyanKu,0.0012210651,0.0012210651,1,0,0.3937,0.0038,1.0,1,1.0,1.0,0.0,Non-Buzzer
IriandiBudyanto,0.0012155216,0.0012155216,1,0,0.6592,0.0074,1.0,1,0.0,0.0,0.0,Non-Buzzer
AdityaPrasetyo_,0.0012155216,0.0012155216,1,0,0.7313,0.006,1.0,1,0.0,0.0,0.0,Non-Buzzer
_aridean,0.0012155216,0.0012155216,1,0,0.7209,0.0056,1.0,1,0.0,0.0,0.0,Non-Buzzer
RizkiTomooo,0.0012136098,0.0012136098,1,0,0.7528,0.0046,1.0,1,1.0,0.0,0.0,Non-Buzzer
daejeong095,0.0012095529,0.0012095529,1,0,0.5225,0.0087,1.0,1,1.0,0.0,0.0,Non-Buzzer
koabenk,0.001206846,0.001206846,1,0,0.5687,0.0066,1.0,1,0.0,0.0,0.0,Non-Buzzer
nuckyeah_,0.001206846,0.001206846,1,0,0.5857,0.0076,1.0,1,0.0,0.0,0.0,Non-Buzzer
chikxge,0.001206846,0.001206846,1,0,0.5657,0.0032,1.0,1,0.0,0.0,0.0,Non-Buzzer
_jrblaze,0.0012015136,0.0012015136,1,0,0.6121,0.004,1.0,1,0.0,0.0,0.0,Non-Buzzer
eepytome,0.0012015136,0.0012015136,1,0,0.6121,0.0015,1.0,1,0.0,0.0,0.0,Non-Buzzer
sarungwadymor,0.001200333,0.001200333,1,0,0.5215,0.0102,1.0,1,0.0,0.0,0.0,Non-Buzzer
detoge,0.001200333,0.001200333,1,0,0.5191,0.0105,1.0,1,0.0,0.0,0.0,Non-Buzzer
EmilleMaiki,0.001197502,0.001197502,1,0,0.3395,0.0076,1.0,1,0.0,0.0,0.0,Non-Buzzer
NovendraKesuma,0.0011969501,0.0011969501,1,0,0.2139,0.0082,1.0,1,1.0,0.0,0.0,Non-Buzzer
GOALIATHH,0.0011966685,0.0011966685,1,0,0.3012,0.0039,1.0,1,1.0,0.0,0.0,Non-Buzzer
kurmiked,0.0011885642,0.0011885642,1,0,0.5499,0.0012,1.0,1,1.0,0.0,0.0,Non-Buzzer
cucunyaopah,0.001186227,0.001186227,1,0,0.653,0.0026,1.0,1,1.0,0.0,0.0,Non-Buzzer
KuroNoLace,0.0011817862,0.0011817862,1,0,0.3949,0.0059,1.0,1,1.0,0.0,0.0,Non-Buzzer
RoadsidePleb,0.0011797149,0.0011797149,1,0,0.6965,0.008,1.0,1,0.0,0.0,0.0,Non-Buzzer
oscartotango,0.0011792313,0.0011792313,1,0,0.4788,0.0071,1.0,1,0.0,0.0,0.0,Non-Buzzer
386_hana,0.0011792313,0.0011792313,1,0,0.4726,0.0033,1.0,1,0.0,0.0,0.0,Non-Buzzer
trickymindful,0.0011749645,0.0011749645,1,0,0.3936,0.0102,1.0,1,0.0,0.0,0.0,Non-Buzzer
pajakocak,0.0011741214,0.0011741214,1,0,0.6146,0.01,1.0,1,1.0,0.0,0.0,Non-Buzzer
jimans_,0.0011735221,0.0011735221,1,0,0.347,0.0061,1.0,1,0.0,0.0,0.0,Non-Buzzer
Aprilia_wiji,0.0011710051,0.0011710051,1,0,0.511,0.0007,1.0,1,0.0,0.0,0.0,Non-Buzzer
noircinder,0.0011703294,0.0011703294,1,0,0.6679,0.0016,1.0,1,0.0,0.0,0.0,Non-Buzzer
thisisgnarly2,0.0011703294,0.0011703294,1,0,0.7171,0.0066,1.0,1,0.0,0.0,0.0,Non-Buzzer
ruangKoosongg,0.0011703294,0.0011703294,1,0,0.7352,0.0024,1.0,1,0.0,0.0,0.0,Non-Buzzer
boihitori,0.0011692418,0.0011692418,1,0,0.2606,0.0072,1.0,1,1.0,0.0,0.0,Non-Buzzer
msl1896,0.0011692039,0.0011692039,1,0,0.2969,0.0062,1.0,1,1.0,0.0,0.0,Non-Buzzer
hilizme,0.0011676514,0.0011676514,1,0,0.3296,0.0084,1.0,1,1.0,0.0,0.0,Non-Buzzer
makominato,0.0011619759,0.0011619759,1,0,0.5778,0.002,1.0,1,0.0,0.0,0.0,Non-Buzzer
thl1eo,0.0011619759,0.0011619759,1,0,0.6023,0.0007,1.0,1,0.0,0.0,0.0,Non-Buzzer
basemole,0.0011619759,0.0011619759,1,0,0.6003,0.0019,1.0,1,0.0,0.0,0.0,Non-Buzzer
Betspr,0.0011619759,0.0011619759,1,0,0.5624,0.002,1.0,1,0.0,0.0,0.0,Non-Buzzer
krisnaardis,0.0011619759,0.0011619759,1,0,0.5862,0.0013,1.0,1,0.0,0.0,0.0,Non-Buzzer
cutadh,0.0011619759,0.0011619759,1,0,0.5921,0.0043,1.0,1,0.0,0.0,0.0,Non-Buzzer
ar_saptra,0.0011619759,0.0011619759,1,0,0.5638,0.0023,1.0,1,0.0,0.0,0.0,Non-Buzzer
Lie_Detektor,0.001160622,0.001160622,1,0,0.3377,0.0125,1.0,1,1.0,0.0,0.0,Non-Buzzer
MyoKurt,0.0011560528,0.0011560528,1,0,0.625,0.007,1.0,1,1.0,0.0,0.0,Non-Buzzer
hejokayang,0.0011483978,0.0011483978,1,0,0.0,0.0,1.0,1,0.0,0.0,0.0,Non-Buzzer
rayzk46,0.0011470453,0.0011470453,1,0,0.5177,0.0093,1.0,1,0.0,0.0,0.0,Non-Buzzer
shirota280,0.001144373,0.001144373,1,0,0.5587,0.0019,1.0,1,1.0,0.0,0.0,Non-Buzzer
KuppaKingu_,0.0011405629,0.0011405629,1,0,0.3382,0.007,1.0,1,0.0,0.0,0.0,Non-Buzzer
AtsuMaru_o7,0.0011358524,0.0011358524,1,0,0.6987,0.0096,1.0,1,0.0,0.0,0.0,Non-Buzzer
b0nnysidharta,0.0011358524,0.0011358524,1,0,0.7002,0.0079,1.0,1,0.0,0.0,0.0,Non-Buzzer
MJRTiger123,0.0011353007,0.0011353007,1,0,0.2955,0.0072,1.0,1,1.0,0.0,0.0,Non-Buzzer
hadehhalah,0.0011334346,0.0011334346,1,0,0.3712,0.005,1.0,1,1.0,0.0,0.0,Non-Buzzer
kaiz_shikikan,0.0011330314,0.0011330314,1,0,0.7982,0.0029,1.0,1,0.0,0.0,0.0,Non-Buzzer
KacangWalnut,0.0011330314,0.0011330314,1,0,0.7799,0.0048,1.0,1,0.0,0.0,0.0,Non-Buzzer
Ilhammlnn_,0.0011330314,0.0011330314,1,0,0.776,0.0011,1.0,1,0.0,0.0,0.0,Non-Buzzer
markucal,0.0011330314,0.0011330314,1,0,0.776,0.003,1.0,1,0.0,0.0,0.0,Non-Buzzer
deburiaria,0.0011310703,0.0011310703,1,0,0.3774,0.0093,1.0,1,0.0,0.0,0.0,Non-Buzzer
CorySakti28011,0.0011277448,0.0011277448,1,0,0.5678,0.0084,1.0,1,0.0,1.0,0.0,Non-Buzzer
Cyanpile007,0.0011277448,0.0011277448,1,0,0.5653,0.0086,1.0,1,0.0,0.0,0.0,Non-Buzzer
yudisdn,0.0011277448,0.0011277448,1,0,0.5763,0.0095,1.0,1,0.0,0.0,0.0,Non-Buzzer
syizuril,0.0011184285,0.0011184285,1,0,0.2538,0.0059,1.0,1,1.0,0.0,0.0,Non-Buzzer
trancenote,0.001099652,0.001099652,1,0,0.7799,0.0093,1.0,1,0.0,0.0,0.0,Non-Buzzer
lancashire1878_,0.0010948871,0.0010948871,1,0,0.3881,0.0026,1.0,1,1.0,1.0,0.0,Non-Buzzer
klawd___,0.0010947546,0.0010947546,1,0,0.3882,0.0031,1.0,1,0.0,0.0,0.0,Non-Buzzer
_________judd,0.0010844882,0.0010844882,1,0,0.34,0.0065,1.0,1,1.0,0.0,0.0,Non-Buzzer
brendybossun,0.0010803522,0.0010803522,1,0,0.3148,0.0132,1.0,1,1.0,0.0,0.0,Non-Buzzer
j1mboo23,0.0010764387,0.0010764387,1,0,0.5855,0.0063,1.0,1,1.0,0.0,0.0,Non-Buzzer
gungdala,0.0010750521,0.0010750521,1,0,0.3823,0.0068,1.0,1,0.0,0.0,0.0,Non-Buzzer
VelZeppelit,0.0010650185,0.0010650185,1,0,0.3099,0.003,1.0,1,0.0,0.0,0.0,Non-Buzzer
mesheviksus2,0.0010611694,0.0010611694,1,0,0.3395,0.0088,1.0,1,0.0,0.0,0.0,Non-Buzzer
abyts_,0.0010557993,0.0010557993,1,0,0.4133,0.0089,1.0,1,0.0,0.0,0.0,Non-Buzzer
haritstoteles_,0.0010448472,0.0010448472,1,0,0.4049,0.0075,1.0,1,0.0,0.0,0.0,Non-Buzzer
AkunNomerRandom,0.0010440587,0.0010440587,1,0,0.4107,0.0048,1.0,1,1.0,0.0,0.0,Non-Buzzer
jayadiakbar_,0.0010381404,0.0010381404,1,0,0.3559,0.0052,1.0,1,0.0,0.0,0.0,Non-Buzzer
blurkaebi,0.0010327214,0.0010327214,1,0,1.0,0.0061,1.0,1,1.0,0.0,0.0,Non-Buzzer
dubaicuwicookie,0.0010317763,0.0010317763,1,0,0.3782,0.0015,1.0,1,1.0,0.0,0.0,Non-Buzzer
wekimiler,0.0010196165,0.0010196165,1,0,0.0,0.0,1.0,1,0.0,0.0,0.0,Non-Buzzer
minazuki_ame,0.0010196165,0.0010196165,1,0,0.2231,0.0015,1.0,1,0.0,0.0,0.0,Non-Buzzer
tioammar,0.0010140631,0.0010140631,1,0,0.4049,0.008,1.0,1,0.0,0.0,0.0,Non-Buzzer
nhs_noctis,0.0010140631,0.0010140631,1,0,0.4048,0.0086,1.0,1,0.0,0.0,0.0,Non-Buzzer
eldidito,0.0009973367,0.0009973367,1,0,0.359,0.0106,1.0,1,0.0,0.0,0.0,Non-Buzzer
yossaa_,0.0009921489,0.0009921489,1,0,0.3882,0.0009,1.0,1,0.0,0.0,0.0,Non-Buzzer
IntanAyuArimbi,0.0009921484,0.0009921484,1,0,0.4169,0.0038,1.0,1,0.0,0.0,0.0,Non-Buzzer
Iezhar7th,0.0009872641,0.0009872641,1,0,0.3703,0.0098,1.0,1,0.0,0.0,0.0,Non-Buzzer
imamanbru,0.0009866783,0.0009866783,1,0,0.3896,0.0053,1.0,1,0.0,0.0,0.0,Non-Buzzer
kevinabscratch,0.0009774924,0.0009774924,1,0,0.0,0.0,1.0,1,1.0,0.0,0.0,Non-Buzzer
ambaruw0,0.0009773741,0.0009773741,1,0,0.252,0.0031,1.0,1,0.0,0.0,0.0,Non-Buzzer
iSatrio,0.0009773741,0.0009773741,1,0,0.2261,0.0054,1.0,1,0.0,0.0,0.0,Non-Buzzer
foppy_7,0.00097166916,0.00097166916,1,0,0.381,0.001,1.0,1,1.0,0.0,0.0,Non-Buzzer
imthaitea,0.00097166916,0.00097166916,1,0,0.3879,0.0005,1.0,1,1.0,0.0,0.0,Non-Buzzer
mudha_asmara,0.00096576236,0.00096576236,1,0,0.3215,0.0074,1.0,1,0.0,0.0,0.0,Non-Buzzer
ALZgamin,0.00095596636,0.00095596636,1,0,0.359,0.0069,1.0,1,0.0,0.0,0.0,Non-Buzzer
addiwick,0.00094904436,0.00094904436,1,0,0.3719,0.0024,1.0,1,0.0,0.0,0.0,Non-Buzzer
x48sxK,0.0009464185,0.0009464185,1,0,0.3166,0.0052,1.0,1,0.0,0.0,0.0,Non-Buzzer
CekrekPaklek,0.00094094966,0.00094094966,1,0,0.4094,0.0057,1.0,1,1.0,0.0,0.0,Non-Buzzer
JauzaaATahar,0.0009379431,0.0009379431,1,0,0.2792,0.0044,1.0,1,0.0,0.0,0.0,Non-Buzzer
KvnBhgs,0.0009373061,0.0009373061,1,0,0.3239,0.0092,1.0,1,0.0,0.0,0.0,Non-Buzzer
farkiw_,0.0009294535,0.0009294535,1,0,0.3754,0.0047,1.0,1,1.0,0.0,0.0,Non-Buzzer
g00dfella__,0.00092779857,0.00092779857,1,0,0.361,0.0086,1.0,1,0.0,0.0,0.0,Non-Buzzer
pretzelsyy,0.0009249283,0.0009249283,1,0,0.3108,0.0073,1.0,1,0.0,0.0,0.0,Non-Buzzer
mog_mediaa,0.0009245168,0.0009245168,1,0,0.2555,0.008,1.0,1,0.0,20.0,0.0,Non-Buzzer
bebasdotid,0.0009207658,0.0009207658,1,0,0.2562,0.0104,1.0,1,0.0,0.0,0.0,Non-Buzzer
Lidik58,0.0009146669,0.00089230225,2,0,0.4026,0.0087,1.0,2,1.0,0.0,0.0,Non-Buzzer
kaitou_kicks,0.0009122729,0.0009122729,1,0,0.2364,0.0088,1.0,1,1.0,0.0,0.0,Non-Buzzer
VDzuri,0.0009072061,0.0009072061,1,0,0.3293,0.0061,1.0,1,0.0,0.0,0.0,Non-Buzzer
woodyinhow,0.0009072061,0.0009072061,1,0,0.3314,0.0066,1.0,1,0.0,0.0,0.0,Non-Buzzer
BusterBorrr,0.0008866881,0.0008866881,1,0,0.4033,0.0056,1.0,1,0.0,0.0,0.0,Non-Buzzer
Neidhardtsensei,0.0008863182,0.0008863182,1,0,0.2553,0.0089,1.0,1,1.0,0.0,0.0,Non-Buzzer
sekarksh,0.0008857602,0.0008857602,1,0,0.0,0.0,1.0,1,0.0,0.0,0.0,Non-Buzzer
Cyanbluuu_,0.0008857602,0.0008857602,1,0,0.0,0.0,1.0,1,0.0,0.0,0.0,Non-Buzzer
jinowra,0.0008857602,0.0008857602,1,0,0.0,0.0,1.0,1,0.0,0.0,0.0,Non-Buzzer
cokudevu,0.0008857602,0.0008857602,1,0,0.0,0.0,1.0,1,0.0,0.0,0.0,Non-Buzzer
jakasrinugraha4,0.0008857602,0.0008857602,1,0,0.0,0.0,1.0,1,0.0,0.0,0.0,Non-Buzzer
Skalteer,0.0008857602,0.0008857602,1,0,0.0,0.0,1.0,1,0.0,0.0,0.0,Non-Buzzer
suwmade,0.0008857602,0.0008857602,1,0,0.0,0.0,1.0,1,0.0,0.0,0.0,Non-Buzzer
myouiminskuy,0.0008857483,0.0008857483,1,0,0.3633,0.0105,1.0,1,0.0,0.0,0.0,Non-Buzzer
brandonsalim,0.00087113737,0.00087113737,1,0,0.4085,0.0011,1.0,1,1.0,1.0,0.0,Non-Buzzer
weslibravo,0.000869722,0.000869722,1,0,0.3184,0.0016,1.0,1,1.0,0.0,0.0,Non-Buzzer
hhiimmeell,0.00086747453,0.00086747453,1,0,0.0,0.0,1.0,1,1.0,0.0,0.0,Non-Buzzer
EmpireTimu23003,0.00086747453,0.00086747453,1,0,0.2462,0.0044,1.0,1,1.0,0.0,0.0,Non-Buzzer
mamank_garoxz,0.00086747453,0.00086747453,1,0,0.0,0.0,1.0,1,1.0,0.0,0.0,Non-Buzzer
Youronlymeta,0.00086747453,0.00086747453,1,0,0.0,0.0,1.0,1,1.0,0.0,0.0,Non-Buzzer
SoundOfYogi,0.0008568806,0.0008568806,1,0,0.2705,0.0095,1.0,1,0.0,0.0,0.0,Non-Buzzer
aryankushh,0.00084735017,0.00084735017,1,0,0.2702,0.0035,1.0,1,1.0,0.0,0.0,Non-Buzzer
kopeyy,0.0008459996,0.0008459996,1,0,0.2559,0.0044,1.0,1,0.0,0.0,0.0,Non-Buzzer
AudhikaH68309,0.0008459996,0.0008459996,1,0,0.2657,0.0064,1.0,1,0.0,0.0,0.0,Non-Buzzer
Yaitu12921776,0.0008353887,0.0008353887,1,0,0.3704,0.0065,1.0,1,0.0,0.0,0.0,Non-Buzzer
septimberrr,0.0008221638,0.0008221638,1,0,0.3202,0.0021,1.0,1,0.0,0.0,0.0,Non-Buzzer
cipicipacipi,0.0008214348,0.0008214348,1,0,0.3059,0.006,1.0,1,0.0,0.0,0.0,Non-Buzzer
ecco2kfarts,0.0008214348,0.0008214348,1,0,0.3099,0.0068,1.0,1,0.0,0.0,0.0,Non-Buzzer
itskadeks,0.00081480015,0.00081480015,1,0,0.2736,0.0071,1.0,1,0.0,0.0,0.0,Non-Buzzer
yourwin0na,0.00081382325,0.00081382325,1,0,0.3546,0.0015,1.0,1,0.0,0.0,0.0,Non-Buzzer
4wallsnet,0.00081382325,0.00081382325,1,0,0.3351,0.0046,1.0,1,0.0,0.0,0.0,Non-Buzzer
LazyrevilLeona,0.00080519,0.00080519,1,0,0.3282,0.0024,1.0,1,1.0,0.0,0.0,Non-Buzzer
monstreza,0.00080519,0.00080519,1,0,0.3173,0.0066,1.0,1,1.0,0.0,0.0,Non-Buzzer
biruwahidhan,0.00080519,0.00080519,1,0,0.3227,0.007,1.0,1,1.0,0.0,0.0,Non-Buzzer
naeraeirene,0.00080519,0.00080519,1,0,0.3295,0.0023,1.0,1,1.0,1.0,0.0,Non-Buzzer
choco_cookees,0.00080519,0.00080519,1,0,0.3274,0.0005,1.0,1,1.0,0.0,0.0,Non-Buzzer
salmontamago14,0.000804476,0.000804476,1,0,0.3121,0.0069,1.0,1,1.0,0.0,0.0,Non-Buzzer
SEdit2321840,0.000804476,0.000804476,1,0,0.2886,0.0048,1.0,1,1.0,0.0,0.0,Non-Buzzer
doraemo1v,0.0008041181,0.0008041181,1,0,0.2543,0.0085,1.0,1,1.0,0.0,0.0,Non-Buzzer
BerhakProtes,0.00079793535,0.00079793535,1,0,0.3274,0.0093,1.0,1,0.0,0.0,0.0,Non-Buzzer
tetsurowifeeyy,0.00079793535,0.00079793535,1,0,0.3294,0.009,1.0,1,0.0,0.0,0.0,Non-Buzzer
pradeepk204,0.00079793535,0.00079793535,1,0,0.3209,0.0088,1.0,1,0.0,0.0,0.0,Non-Buzzer
Echwazz,0.0007972278,0.0007972278,1,0,0.3063,0.0085,1.0,1,0.0,0.0,0.0,Non-Buzzer
Siestice,0.0007970215,0.0007970215,1,0,0.3483,0.0075,1.0,1,1.0,0.0,0.0,Non-Buzzer
lalaskibo,0.0007970215,0.0007970215,1,0,0.3606,0.0049,1.0,1,1.0,0.0,0.0,Non-Buzzer
calvadozze,0.0007970215,0.0007970215,1,0,0.3558,0.004,1.0,1,1.0,0.0,0.0,Non-Buzzer
haenetizen,0.0007970215,0.0007970215,1,0,0.3362,0.0069,1.0,1,1.0,0.0,0.0,Non-Buzzer
