fold,username,clean_text,label_manual,label_prediksi_kfold,buzzer_prob_kfold,label_manual_text,label_prediksi_text,kesimpulan
1,daniddarmawan15,igrs isinya boomer boomer kolot yang semoga mati nanti masuk neraka kamu kontolllll game harvest simulator aja kena tolol banget siapa yang sange sama traktor jingggg ini bukan bidang kamu igrs kontol jadi jangan ikut campur ngerusak community ini,0,0,0.03,Organik,Organik,Benar
1,AneshMadyantara,lebih tepatnya steam harus ngikut rating igrs wkwkwkwk ini detail soal game nasih game yang kena rc,0,0,0.0178,Organik,Organik,Benar
1,aomi__san,el igrs,0,0,0.0077,Organik,Organik,Benar
1,susahberaq,igrs ini kok aku liat ada celah untuk dipungli bayar dulu bos nanti saya kasih rating ijo,0,0,0.0013,Organik,Organik,Benar
1,markucal,igrs apaan lagi ini saya tinggal motoran bentar ada aja kelakuan,0,0,0.0013,Organik,Organik,Benar
1,Deewwiiiii,kalau lagi ngikutin isu igrs rating game di steam mungkin bisa lihat dulu rilis resminya sebagai bahan pertimbangan,1,1,0.9079,Buzzer,Buzzer,Benar
1,leonthecatto,buzzer says igrs rating are messy because its the developer self declare that at fault the developer,0,0,0.0068,Organik,Organik,Benar
1,mencaridaratan,imo yaa tentang igrs platform steam ini semua game yang diributin itu rata rata berbayar dan tidak murah buat akses gamenya juga harus pake pc atau laptop yang pastinya tidak semurah dan semudah top up diamond syarat tersebut sebenernya uda bisa jadi filter,0,0,0.0051,Organik,Organik,Benar
1,KRathalos97,yang jadi masalah bukan igrs tapi yang ngurus dibelakang igrs nya itu saya yakin pasti orang dibelakang sana yang ngurus itu generasi boomer yang gede dengan mindset kontol main game buat apa,0,0,0.0159,Organik,Organik,Benar
1,ichaciing,kocak sumpah sebelum ada igrs steam sudah punya rating sendiri pertanyaanku cuma itu yang sok bikin igrs sudah pernah bikin game aplikasi yang dipublish entah di playstore appstore steam tidak kalau itu terlalu berat minimal itch io dulu deh pernah tidak,0,0,0.2644,Organik,Organik,Benar
1,carapaklek,perlu dipahami kalau rating igrs di steam belum final dan masih tahap laporan awal untuk merapikan ekosistem game agar lebih aman bagi anak anak,1,1,0.9855,Buzzer,Buzzer,Benar
1,Fatiyazean,untuk yang sedang ikut bahas tentang igrs dan rating game di steam yuk cek rilis resmi dari pihak terkait di sini dulu ya jadi informasi yang kita dapetin lebih jelas dan akurat,1,1,0.9962,Buzzer,Buzzer,Benar
1,cryofantasia,ohh it s normal if igrs is confusing or inaccurate it s still a transitional early phase we hope it works out for the better later all of them are saying the same thing with different wordings and this isnt an early phase igrs has been talked abt since,0,0,0.0033,Organik,Organik,Benar
1,PutriRahma32820,yang muncul di steam saat ini masih data awal igrs jadi belum sepenuhnya akurat lagi proses penyesuaian tujuannya biar sistem rating ke depan lebih jelas dan melindungi pemain,1,1,0.9923,Buzzer,Buzzer,Benar
1,arnoediad,igrs anjing komdigi bangsat,0,0,0.0483,Organik,Organik,Benar
1,stefanyreza2000,penjelasan resmi terkait igrs dan rating game di steam sudah tersedia sebaiknya cek dulu informasinya sebelum menarik kesimpulan lebih jauh igrs steam ratinggim siaranpers literasidigital,1,1,0.9928,Buzzer,Buzzer,Benar
1,bmawjy,kemungkinan besar susunan tim igrs tidak ada satu pun yang benar benar kompeten di bidang rating game hasilnya ya sesuai ekspektasi sistem prematur implementasi berantakan dan malah jadi bahan olok olok publik,0,1,0.8341,Organik,Buzzer,Salah
1,_hendrasusanto,agree to disagree aja poin saya adalah steam bukan partner resmi iarc karena ya emang tidak ada source soal itu form yang dibikin semirip mungkin mungkin cara supaya diakui usk dll ada beberapa poin kamu yang kayaknya tidak faktual tapi it s okay kita sama tidak setuju sama igrs,0,0,0.0043,Organik,Organik,Benar
1,RizkyArdia29527,ini penjelasan resmi terkait igrs dan sistem rating game di steam bisa dicek dulu sebagai referensi sebelum menilai lebih jauh,1,1,0.9893,Buzzer,Buzzer,Benar
1,rpramestaa12,sedikit klarifikasi rating igrs di steam itu banyak yang masih self declare jadi belum final wajar kalau masih ada yang belum pas ini lagi fase penyesuaian tujuannya buat perlindungan pemain muda dan penataan ekosistem kalau ada yang janggal kemungkinan masih perbaikan,1,1,0.9977,Buzzer,Buzzer,Benar
1,carapaklek,coba bantu luruskan ya sebenarnya rating igrs yang muncul di steam itu mayoritas masih bersifat self declare atau data awal saja jadi memang belum hasil final kita perlu maklum karena ini masih tahap transisi agar ekosistem game kita lebih tertata dan pemain di bawah umur aman,1,1,0.9976,Buzzer,Buzzer,Benar
1,Alvaro734877,harus diakui bahwa memang tampil rating igrs di steam bagi banyak orang sangat membingungkan tapi perlu diketahui bahwa sistem ya sedang dalam masa penyesuaian dan butuh waktu,1,1,0.9876,Buzzer,Buzzer,Benar
1,SuryanaAja13,rating igrs sedang dalam penyesuaian biar lebih baik lagi di mainkan game nya untuk anak muda,1,1,0.7615,Buzzer,Buzzer,Benar
1,hilyazu,wajar sih kalau banyak yang masih bingung lihat rating igrs di steam sekarang karena tampilannya memang belum terlalu familiar buat sebagian pemain tapi menurut saya ini masih tahap penyesuaian jadi memang butuh waktu supaya orang makin paham sistemnya,1,1,0.9977,Buzzer,Buzzer,Benar
1,tekarok007,yah karena game itu juga kan aslinya bisa jadi alat propaganda seperti film juga seperti game concord yang ditarik karena terlalu banyak agenda woke akhirnya ditolak user nah kasus igrs ini mengapa ditolak karena mereka ingin ratingnya ikut rating luar negri bukan ikutan,0,0,0.0063,Organik,Organik,Benar
1,aliffurqonasdya,we got igrs before gta release,0,0,0.0012,Organik,Organik,Benar
1,CorySakti28011,day advocating of removing rc igrs,0,0,0.0013,Organik,Organik,Benar
1,Nisarahman2327,igrs di steam emang lagi bingungin ya guys tapi kayaknya sistemnya masih dalam penyesuaian perlu waktu buat lebih stabil yang penting semoga valve bisa jelasin lebih rinci dan transparan tentang kriteria ratingnya biar kita semua ngerti keep improving steam,1,1,0.9366,Buzzer,Buzzer,Benar
1,haenetizen,kalau untuk sekarang segitu tapi kalau ngikutin regulasi igrs itu harus ada kebijakan baru,0,0,0.0009,Organik,Organik,Benar
1,gillsevensense,tolol banget emang igrs ini,0,0,0.0283,Organik,Organik,Benar
1,verstalie,saya mau tidur tenang tapi malah dapet kenyataan negara saya sebapuk itu dengan igrs nya,0,0,0.0015,Organik,Organik,Benar
1,noviarguna72100,kesalnya paham sih tapi karena gamer developer dan regulator sama sama terdampak dorongterus klarifikasi dan perbaikan bareng daripada makin panas igrs busa,0,0,0.0313,Organik,Organik,Benar
1,serafioz,buset dah igrs ada buzzer nya wkwkw hadeh,0,0,0.0013,Organik,Organik,Benar
1,SorajimaAnzu,yaaa kan soalnya igrs itu cuma pengalihan isu buat nutupin kasus tersangka penyerangan aktivis pake air keras yang postingannya diblokir sama dan keliatan efektif sekarang banyak yang ketarik ke isu igrs ini jadinya,0,0,0.0024,Organik,Organik,Benar
1,naufalfauzan,rating palsu apaan lebih percaya rating steam lah dari pada igrs lagian juga bisa bisanya mau blokir game dengan cara ngasih rating ngasal aneh,0,0,0.2506,Organik,Organik,Benar
1,triedhi888,ini yang ditunggu tunggu beritanya rilis resmi soal igrs rating game di steam,1,1,0.7188,Buzzer,Buzzer,Benar
1,bananaefootball,apa itu igrs igrs indonesian game rating system atau klasifikasi permainan interaktif elektronik kpie ini sistem rating umur resmi buat game digital di indonesia yang dikelola sama kementerian komunikasi dan digital komdigi,0,1,0.9139,Organik,Buzzer,Salah
1,b3rsetubuh,jujur aja ya narasi gamer itu maniak itu sudah ketinggalan banget sekarang yang lagi ribut itu bukan soal kecanduan game tapi soal sistem igrs yang kacau ratingnya banyak yang tidak masuk akal verifikasi tidak jelas bahkan pemerintah sendiri bilang belum final tapi yang kena,0,0,0.3706,Organik,Organik,Benar
1,calvadozze,nyalahin steamnya amerika mau dimarahin sama trump kah igrs,0,0,0.0008,Organik,Organik,Benar
1,AlinGibroez,lagi ramai soal igrs rating game di steam ini ada siaran pers resminya buat jadi referensi awal silakan cek dulu sebelum menarik kesimpulan link,1,1,0.9973,Buzzer,Buzzer,Benar
1,Orang_Tuwa,peak playing victim buzzer yang ngaco igrs yang salah ttp steam,0,0,0.0079,Organik,Organik,Benar
1,rahayu49384,rating igrs di steam masih dalam proses banyak yang self declare dan belum final niatnya baik lindungi pemain muda dan tata ekosistem game yuk sama sama paham,1,1,0.9974,Buzzer,Buzzer,Benar
1,AnimindoNet,kasian orang tuanya sudah percaya igrs tapi ternyata,0,0,0.0018,Organik,Organik,Benar
1,bayoeoe,seperti masalah igrs sama steam jadinya wakakakak,0,0,0.0105,Organik,Organik,Benar
1,Deewwiiiii,jujur aja tampilan rating igrs di steam sekarang masih bikin bingung banyak orang tapi kalau ini memang lagi tahap penyesuaian ya wajar butuh waktu,1,1,0.9968,Buzzer,Buzzer,Benar
1,fadhilnhaa,kok banyak binatang buzzer igrs wkwkw,0,0,0.012,Organik,Organik,Benar
1,Ginanadia67421,perlu diingat juga banyak rating igrs di steam saat ini masih berupa data awal atau self declare dari developer jadi belum semuanya final karena sistemnya masih dalam tahap penyesuaian untuk perlindungan pemain muda,1,1,0.9976,Buzzer,Buzzer,Benar
1,AtsuMaru_o7,goated papa gaben fuck igrs fuck komdigi,0,0,0.0013,Organik,Organik,Benar
1,NganjukSun23590,perlu diluruskan rating igrs di steam sekarang masih tahap awal self declare jadi belum final tujuannya buat melindungi pemain muda dan menata ekosistem game wajar kalau di awal masih ada yang perlu disesuaikan,1,1,0.9972,Buzzer,Buzzer,Benar
1,p0litrick,buzzer igrs gila mereka lg punya potensi cuan dari mana ya sampe brani bayar buzzer segininya mau malak developer,0,0,0.0225,Organik,Organik,Benar
1,CakraKjaerbye,tenggorokkan lagi sakit dan ngeliat komdongo ngelempar tanggung jawab igrs ke steam,0,0,0.001,Organik,Organik,Benar
1,Albert2844,bran bran benerin noh igrs,0,0,0.0066,Organik,Organik,Benar
1,SaintSpectra,kirain madrid doang yang lucu ternyata komdigi lebih lucu saran aja ini kalau kerjaannya perlu identifikasi tingkat lanjut jangan pake ai kalau mau cara gampang dan tidak keluar duit ikutin aja rating yang sudah ada di steam tinggal kalian timpa pake logo igrs,0,0,0.0151,Organik,Organik,Benar
1,Xhareza,w gaben l igrs,0,0,0.0309,Organik,Organik,Benar
1,dvrtlngi,lagi ramai bahas igrs rating game di steam ini ada rilis resmi yang jelasin konteksnya mungkin bisa dibaca dulu biar dapat gambaran utuh sebelum lanjut diskusi,1,1,0.998,Buzzer,Buzzer,Benar
1,allatonve,apcb igrs najisnyaaa,0,0,0.0143,Organik,Organik,Benar
1,Iezhar7th,igrs i guess rating bro is persona illegal now indonesia,0,0,0.001,Organik,Organik,Benar
1,noviarguna72100,inidia rilis resmi igrs rating game di steam bisa jadi referensi info yang beredar lebih lengkap,1,1,0.9074,Buzzer,Buzzer,Benar
1,riverbenderr,so bagaimana proses pemberian rating dari igrs coba dibuka secara transparan apa indikator dari rating ini,0,0,0.0031,Organik,Organik,Benar
1,BosRQ_,igrs rating game lokal itu wajar byk negara jg punya tujuannya lindungi anak bantu orang tua jd panduan masalahnya di penerapan igrs ada game besar dianggap tidak layak edar sementara yang lain ratingnya tidak konsisten jd yang perlu dibenahi aturan teknisnya bukan idenya,0,0,0.1031,Organik,Organik,Benar
1,meimeiajadeh,block aja igrs cuy report,0,0,0.0014,Organik,Organik,Benar
1,Ioroiisme,tujuannya ya dua hal menekan developer publisher ini potensi cuan pasif yang memungkinkan ada aspek yang diatur di bawah meja juga menekan player igrs bisa digunakan mengontrol dua hal itu berarti masuk ke fase selanjutnya untuk membatasi gerak opini dalam platform,0,0,0.0015,Organik,Organik,Benar
1,masgah_,konsep rating nasional seperti igrs ada bagusnya bantu orang tua kasih batas umur jadi aturan developer masalahnya di penerapan igrs ada game besar kena status tidak jelas sementara yang lain ratingnya membingungkan ini tanda regulasi perlu diperbaiki bkn cuma dibilang jelek,0,0,0.0463,Organik,Organik,Benar
1,stamped_e,dulu pernah mirip kominpo blokir steam google paypal dll tidak lama dia divonis terbukti korupsi mana ngerti kejadian serupa terulang lagi sekarang gara igrs,0,0,0.002,Organik,Organik,Benar
1,ayoitsmoy,sedikit meluruskan ya rating igrs yang muncul di steam sekarang bnyk yang masih bersifat data awal self declare dari developer jadi belum semuanya final memang masih tahap penyesuaian sambil dirapikan,1,1,0.9986,Buzzer,Buzzer,Benar
1,Alizazaina94321,sedang ramai dibahas soal igrs dan sistem rating game di steam ada penjelasan resmi yang bisa dibaca dulu supaya informasinya lebih lengkap,1,1,0.9973,Buzzer,Buzzer,Benar
1,noviarguna72100,igrs di steam sekarang banyak yang masih data awal self declare dan belum final sekaligus mengingatkan bahwa niat utamanya adalah melindungi pemain muda dan menata ekosistem game sehingga wajar kalau di fase awal masih ada hal yang perlu disesuaikan dan diperjelas bersama,1,1,0.9928,Buzzer,Buzzer,Benar
1,fraviato,tapi lebih baik coba dengar pendapat dari temen developer game lokal juga pak biar ada sisi soal igrs ini,0,0,0.0153,Organik,Organik,Benar
1,martedws,fak igrs mengapa the sims kena anj apasih,0,0,0.0677,Organik,Organik,Benar
1,asep2b,diskusi soal igrs dan rating game di steam lagi ramai tapi ada baiknya lihat dulu siaran pers resminya biar lebih lengkap bisa dibaca di sini,1,1,0.9941,Buzzer,Buzzer,Benar
1,Deewwiiiii,dari sisi pengguna sistem rating igrs di steam sekarang masih terasa kurang jelas tapi kalau ini bagian dari proses semoga ada evaluasi dan penyempurnaan yang konsisten,1,1,0.9491,Buzzer,Buzzer,Benar
1,stristy_,igrs is that sounds like a great idea with the best of intentions what could possibly go wrong rating system should act as a guide and give info to the consumer about the content and can t block distributions but even as a guide it fails to do so miserably,0,0,0.003,Organik,Organik,Benar
1,Serenz0_,igrs aja pake buzzer segala kamu goblok,0,1,0.6374,Organik,Buzzer,Salah
1,b0nnysidharta,tetap mendengarkan musiksetan walopun igrs kek kontol,0,0,0.0013,Organik,Organik,Benar
1,NganjukSun23590,rating igrs di steam saat ini masih banyak yang tahap awal self declare jadi belum final tujuannya untuk melindungi pemain muda dan menata ekosistem game jadi wajar kalau di fase awal masih ada yang perlu disesuaikan dan diperjelas bersama,1,1,0.9972,Buzzer,Buzzer,Benar
1,goldensunfyre,halaaah seperti yang punya dan pernah pake steam aja kamu buzzer coba main dulu aja ke steam nya igrs nya yang ngablu malah nyalahin steam di steam gamenya sudah ditag sexual content sama igrs dikasih rating meanwhile upin ipin dikasih rating lawak,0,0,0.0081,Organik,Organik,Benar
1,jamal8204,igrs nya woy dibenerin game yang ada unsur dewasa masa dikasih rating logikanya dimana kalau sistem ratingnya aja ngelawak kek gitu ngapain di kasih rating aneh,0,0,0.3058,Organik,Organik,Benar
1,feelingfluky,ts got rated not fit for distribution by igrs lmao,0,0,0.0048,Organik,Organik,Benar
1,rpramestaa12,biar tidak salah paham sebenarnya wajar kok kalau di awal fase rilis gini masih banyak rating yang belum pas di steam dari rilis resminya data yang muncul sekarang itu sebagian besar masih self declare dari sistem internal jadi belum melalui proses verifikasi resmi dari igrs,1,1,0.9765,Buzzer,Buzzer,Benar
1,AHROOMEE,jadi antara pihak game tidak jujur atau rating igrs belum mengakomodasi kerumitan rating ini jadi jangan langsung nyalahin steam kali,0,0,0.0858,Organik,Organik,Benar
1,neitee,steam melakukan rating palsu trus uang pajak kita yang masuk buat igrs buat apa dong bubarin aja tidak sih alias tidak guna punya kompetensi apa di bidang game stafsus komdigi ini,1,0,0.0889,Buzzer,Organik,Salah
1,jeki_the_pirate,thank you gaben for removing igrs from steam like why should we need another game rating,0,0,0.0092,Organik,Organik,Benar
1,dvtrhx,betul saya setuju game membuat kecanduan dan mempengaruhi perilaku anak tapi paham tidak pak kalau rating igrs di steam ini tidak efektif baca data lagi sih pak saran saya anak anak jaman sekarang main game di platform mana aja sehingga lebih tepat sasaran,0,0,0.0654,Organik,Organik,Benar
1,MRidhonew16179,kalau mau lihat penjelasan yang lebih lengkap siaran pers resmi terkait igrs rating game di steam bisa dibaca dulu lewat link berikut ya,1,1,0.9966,Buzzer,Buzzer,Benar
1,Alizazaina94321,jujur tampilan rating igrs di steam saat ini memang cukup membingungkan bagi banyak pengguna tapi karena masih tahap penyesuaian mungkin perlu waktu yang penting ke depan penjelasannya lebih rutin dan transparan,1,1,0.9962,Buzzer,Buzzer,Benar
1,SidikHamdani96,kalau menurut saya sih rating igrs di steam sekarang banyak yang masih data jadi masih belum sepenuhnya valid,1,1,0.9676,Buzzer,Buzzer,Benar
1,its_arleigh,dia kira steam mau inisiatif sendiri nerapin igrs,0,0,0.0014,Organik,Organik,Benar
1,imamanbru,igrs itu bagaimana deh mereka rate berdasar apa,0,0,0.001,Organik,Organik,Benar
1,eepytome,igrs haters ea keknya,0,0,0.0012,Organik,Organik,Benar
1,EndiD21883,jujur saja tampilan rating igrs di steam sekarang memang bikin banyak orang bingung tapi karena ini masih fase penyesuaian mungkin yang paling penting sekarang adalah penjelasan rutin transparansi kriteria dan perbaikan bertahap supaya publik bisa ikut memahami prosesnya,1,1,0.9967,Buzzer,Buzzer,Benar
1,ParkBowie,heh anda ini ya suruh yang buat igrs itu di hapus sumpah tidak guna ya di steam dah ada ratingnya lebih akurat dan teliti dari pada igrs yang tidak berguna dah sistem igrs belum siap roll out kena backlash malah salahin steam kan goblok parah tidak usah malu in hapusigrs,0,0,0.2674,Organik,Organik,Benar
1,andybalala19,rating igrs di steam sekarang banyak yang masih data awal self declare dan itu belum final itu mengingatkan kita untuk melindungi pemain muda agar tidak terjerumus hal hal yang tidak baik tolong diperbaiki lagi igrs sistemnya agar lebih stabil,1,1,0.9985,Buzzer,Buzzer,Benar
1,dieformealice,igrs kontol ngentot kamu,0,0,0.0788,Organik,Organik,Benar
1,arsiamalia,informasi resmi terkait sistem igrs dan rating game di steam sudah dirilis yuk baca dulu isinya supaya pandangannya jadi lebih jelas,1,1,0.9899,Buzzer,Buzzer,Benar
1,noviarguna72100,sedikit klarifikasi rating igrs yang kelihatan di steam itu banyak yang masih data awal self declare belum final wajar kalau sekarang ada yang belum pas lagi proses disesuaikan dulu,1,1,0.9971,Buzzer,Buzzer,Benar
1,ahmedfahrizal_,igrs dari komdongo benerin wir,0,0,0.0532,Organik,Organik,Benar
2,rinimaulida008,buat yang lagi mengikuti isu igrs dan rating game di steam ini ada siaran pers resmi yang menjelaskan konteksnya bisa dibaca dulu biar dapat gambaran yang lebih utuh,1,1,0.9949,Buzzer,Buzzer,Benar
2,Raaaxer,ya allah igrs ada buzzernya,0,0,0.0215,Organik,Organik,Benar
2,rvbaharktik,isi rilis statement kemkomdigi kesannya lempar tanggung jawab ke steam trus ngapain ada igrs ohh dan satu lagi statement rilis kalian jelek sekelas kementrian itu tidak ada training public speaking ya,0,0,0.0024,Organik,Organik,Benar
2,99propaganda,indonesia game rating system igrs diimplementasikan pada platform seperti steam dengan tujuan utama untuk memberikan panduan yang jelas bagi konsumen mengenai kesesuaian konten game dengan usia pengguna hal ini merupakan bagian dari regulasi pemerintah indonesia untuk,1,1,0.7885,Buzzer,Buzzer,Benar
2,ValentinoJ15345,masa kita s nge sama mobil kan aneh sakit emang igrs,0,0,0.0023,Organik,Organik,Benar
2,Indie_S_Orilly,pak yang keberatan itu rakyat indonesia bukan platform steamnya kalau steam keberatan dari awal kita tidak bakalan sempat liat rating igrs ini muncul di game yang dijual di platform mereka sepertinya ada upaya manipulasi informasi dari komdigi supaya bapak berkesimpulan salah,0,0,0.1281,Organik,Organik,Benar
2,hosjou,camkan igrs jangan ngasal ya saya bergekut di dunia game development juga tp juga mainin game di luar sana kalau sampe salah rating tidak cuma saya ini orang di tanah air bakal turun tangan,0,0,0.006,Organik,Organik,Benar
2,SidikHamdani96,kalau menurut saya sih rating igrs di steam sekarang banyak yang masih data jadi masih belum sepenuhnya valid,1,1,0.9781,Buzzer,Buzzer,Benar
2,R4ZESKY,igrs dongo banget anjir wkwkwk,0,0,0.0193,Organik,Organik,Benar
2,KumekaGenzo77,bro steam itu bkn platform jual game baru lahir mereka sudah paham bagaimana cara ngasih rating usia yang benar ini mh keliatan yang masukin sistem cuma dari pihak igrs doang sedangkan pihak steamnya gk tau,0,0,0.4923,Organik,Organik,Benar
2,MFRcapture,tidak usah jauh deh di x ini saja konten bokep masih bebas kok diakses menurut anda yang orang internal komdigi mengapa begitu apakah kalian hanya makan gaji buta sambil sekali bikin kebijakan kontroversial yang hanya keliaran wah d teori tapi bobrok d pelaksanaan seperti igrs,0,0,0.0087,Organik,Organik,Benar
2,IKKIttebayo,urgensi ada igrs ini apa ya padahal bisa pake esrb,0,0,0.0042,Organik,Organik,Benar
2,rpramestaa12,isu igrs rating game di steam lagi jadi perhatian dan sudah ada penjelasan resmi yang dirilis bisa jadi bahan pertimbangan sebelum beropini,1,1,0.9976,Buzzer,Buzzer,Benar
2,ShoNakanoVtuber,iya kemarin aku juga mikir gini karena kelihatannya igrs tidak punya sistem rating buat game yang harusnya tidak ada rating semacam rating pending di sistem lain jadi game yang belum isi bisa dapet biarpun isinya bermasalah,0,0,0.2404,Organik,Organik,Benar
2,pradeepk204,dear team no one is listening in your sub divisional office i have raised igrs complaints also please resolve this incorrect billing issue,0,0,0.0011,Organik,Organik,Benar
2,Andradeva001,indonesia gooning rating system igrs,0,0,0.0732,Organik,Organik,Benar
2,PPopurii,buat yang butuh referensi soal isu igrs dan rating di steam ini penjelasan resminya sudah dirilis mungkin baik dibaca dulu biar informasinya lebih lengkap,1,1,0.7296,Buzzer,Buzzer,Benar
2,Syarp29,sblm igrs pun adem ayem loh emang tolol aja terus evaluasi evaluasi uda pernah dibahas di tlm beberapa bulan lalu suruh dikaji lebih dalam pas uda diaplikasikan hasilnya nol,0,0,0.0029,Organik,Organik,Benar
2,enjzuu,igrs is so fucking stupid like how can those hentai games rate is and those totally normal game is,0,0,0.0117,Organik,Organik,Benar
2,eatalot23,ok disclaimer igrs ini saya gk dukung ya saya juga sangat bertentangan karena bukan nya sistem parentak controo tapi game nya diminta berubah siap siap gta vi indonesian edition tolol si tapi kalau fifa eafc gacha nya itu bahaya kamu pemain fut pasti paham banget,0,0,0.0037,Organik,Organik,Benar
2,tizaki09,with current igrs situation well damn i m a gamedev myself hahahahah so yeah the current situation is so fucked up and i m so fed up with the degradation of my country i love my country but i mostly hate the authorities and the ignorant shts,0,0,0.0041,Organik,Organik,Benar
2,hydarnus,oh gitu beraninya ngirim buzzer melindungi konsumen kok pake buzzer kalau emang sistem igrs kamu itu tidak benar ya benerin dulu kocak jangan milih buzzer buat benerin opini tolol anjing punya budget tapi tidak punya otak begini ini,0,0,0.0113,Organik,Organik,Benar
2,AkunNomerRandom,jangan bohong kamu kata mbak mbak igrs pasar kita besar lho,0,0,0.0013,Organik,Organik,Benar
2,makominato,connor shoot igrs theyre deleting yo shit,0,0,0.0016,Organik,Organik,Benar
2,langitsenayan,igrs ini saya rating sendiri meme steam igrs indonesiagameratingsystem gtasa,0,0,0.0034,Organik,Organik,Benar
2,KuroNoLace,coba cek situs igrs nya rating games nya normal aja,0,0,0.0021,Organik,Organik,Benar
2,allaamnaufal20,never put igrs on nintendo eshop playstation store and xbox microsoft store they re not ready yet,0,0,0.0018,Organik,Organik,Benar
2,swtpty,igrs ngaco banget anyingg,0,0,0.0274,Organik,Organik,Benar
2,_aridean,y allah crashing out banget saya gara gara igrs konyol dan skz bergantian,0,0,0.0016,Organik,Organik,Benar
2,bobbymenra,kalau lagi ngikutin diskusi soal rating game di steam dan igrs ada rilis resmi yang menjelaskan posisinya mungkin bisa dibaca dulu untuk melengkapi informasi,1,1,0.9929,Buzzer,Buzzer,Benar
2,kenjay_,saatnya main game rekomendasi negara igrs,0,0,0.0039,Organik,Organik,Benar
2,wongkongenekok,what do you think about igrs,0,0,0.0239,Organik,Organik,Benar
2,AlinGibroez,sedikit meluruskan ya rating igrs yang tampil di steam itu banyak yang masih tahap awal self declare dari developer jadi belum final memang lagi proses penyesuaian wajar kalau masih ada yang belum pas,1,1,0.989,Buzzer,Buzzer,Benar
2,carapaklek,sekadar meluruskan konteksnya rating yang kita lihat sekarang di steam itu belum hasil akhir karena masih fase awal penerapan igrs wajar kalau ada yang kelihatan belum pas karena memang tujuannya sedang merapikan ekosistem game nasional agar lebih terlindungi,1,1,0.9986,Buzzer,Buzzer,Benar
2,Ryand2727,josss banget dahhh sebelum debat soal igrs ke mana mana mungkin oke baca dulu siaran pers resminya di sini yaaaa gaissssss biarrr jelassss,1,1,0.6,Buzzer,Buzzer,Benar
2,MJRTiger123,kalau konsol bagaimana bro iya kali igrs juga kena,0,0,0.0018,Organik,Organik,Benar
2,kerissakti,teman saya hanya ingin mengingatkan mari fokus kritisi konteks kebijakannya jangan pribadi personilnya kasihan orang teknis igrs yang ditugaskan karena tidak sepenuhnya direction itu di tangan mereka jangan serang personil apalagi sampai ngulik pribadi orang ya,0,0,0.3487,Organik,Organik,Benar
2,mintozaki75,ini adalah link klarifikasi ttg rating igrs yang tampak di steam memang membingungkan mgkn tapi coba buka baca dan pahami tautan dibawah ini agar tidak ada salah pengertian,1,0,0.0986,Buzzer,Organik,Salah
2,Lipssszzz____,komdigi igrs tolol,0,0,0.4573,Organik,Organik,Benar
2,sikoom,kalau kejadian igrs ini aja tidak sampe bikin turun ke jalan dan protes gede gedean mereka bakal cuek ya bakal kena semua,0,0,0.0027,Organik,Organik,Benar
2,EmbyGarvail,sempat khawatir eh beneran ngaco kan igrs,0,0,0.0173,Organik,Organik,Benar
2,_________judd,nyoba cek website nya lakok buri gini logo igrs nya wkaowk sepele banget kamu ini,0,0,0.002,Organik,Organik,Benar
2,stelleturu,i m buying a game rated by igrs,0,0,0.0372,Organik,Organik,Benar
2,WibuPsikopatDes,komdigi anco igrs biadab,0,0,0.3941,Organik,Organik,Benar
2,Ginanadia67421,sedikit konteks saja rating igrs yang muncul di steam sekarang banyak yang masih deklarasi awal dari developer jadi kemungkinan masih akan disempurnakan karena tujuannya memang untuk panduan usia pemain,1,1,0.9939,Buzzer,Buzzer,Benar
2,rpramestaa12,igrs di steam itu sekarang masih banyak yang berbasis data awal self declare jadi belum final jadi wajar kalau masih ada penyesuaian apalagi tujuan utamanya kan buat lindungi pemain muda dan bikin ekosistem game lebih rapi,1,1,0.9983,Buzzer,Buzzer,Benar
2,boiebe,sudah dibilang kemarin pas penangkapan barbuknya malah komik miiko aja dah ketauan arahnya di mana sekarang malah igrs bikin ulah emang anjing aja satu rezim ini gila,0,0,0.0016,Organik,Organik,Benar
2,00w011,sia nyueun sistem kumaha igrs goblog steam tag geus jelas aya flagging jang sexual content sia bere tahun goblog lain,0,0,0.004,Organik,Organik,Benar
2,dvrtlngi,jujur aja tampilan rating igrs di steam sekarang emang masih bikin bingung buat banyak orang tapi kalau dilihat ini lagi fase penyesuaian jadi wajar belum rapi yang penting ke depan perlu update penjelasan yang rutin transparansi kriteria dan perbaikan terus biar makin jelas,1,1,0.9974,Buzzer,Buzzer,Benar
2,KvnBhgs,tbh once people know who s in the igrs shit their life would be fucking over,0,0,0.0014,Organik,Organik,Benar
2,DazzZulia,sejauh ini yang terlihat di steam katanya masih banyak yang berupa input awal self declare jadi belum hasil kurasi final dari igrs semoga nanti saat sudah final bisa lebih objektif dan sesuai dengan target usia pemain,1,1,0.7511,Buzzer,Buzzer,Benar
2,Kritzkrieg__,with whats happening to steam igrs we for real masuk surga jalur dizalimi pemerintah,0,0,0.0018,Organik,Organik,Benar
2,Reejanuari,penjelasan resmi terkait igrs dan sistem rating game di steam sudah dirilis dan bisa jadi rujukan yang lebih jelas sebaiknya dibaca dulu sebelum menarik kesimpulan lebih jauh,1,1,0.9921,Buzzer,Buzzer,Benar
2,GhaneshRM,balik lagi ke orang tua dulu sama sekarang beda orang tua sekarang sudah kalau anaknya nangis minta game dikasih orang tua dulu biarin aja pokoknya cm boleh main sabtu minggu dan lebih ke tidak kompeten orang yang mengurus igrs karena mereka tidak tahu menahu tentang game,0,0,0.0244,Organik,Organik,Benar
2,mirfan_16,igrs states that the game has rating,0,0,0.242,Organik,Organik,Benar
2,ReisaAmeli42101,kalau ngikutin infonya igrs di steam sekarang lagi dalam tahap awal implementasi jadi datanya belum final ya banyak yang masih berupa deklarasi awal dari developer tujuannya sih bagus banget biar sistem rating nya jadi lebih jelas aman dan nyaman buat semua kalangan usia,1,1,0.8704,Buzzer,Buzzer,Benar
2,NganjukSun23590,rating igrs di steam saat ini masih banyak yang bersifat awal self declare dan belum final jadi wajar kalau terlihat belum konsisten tujuannya melindungi pemain muda dan menata ekosistem game,1,1,0.9985,Buzzer,Buzzer,Benar
2,Zee_Takegami59,penasaran saya rating hsr zzz genshin hi wuwa dan games sejenis nya kena berapa di igrs ya,0,0,0.0049,Organik,Organik,Benar
2,ikaikuikok,kekhawatiran soal dampak regulasi ini sangat valid makanya kita perlu kawal agar sistem igrs yang baru ini segera diperbaiki teknisnya dan lebih transparan informasinya supaya tidak terus membingungkan,1,1,0.68,Buzzer,Buzzer,Benar
2,The_Discomafia,dagelan mana lagi ini tolong ini audit metode kerja tim igrs nya sudah bikin keresahan publik publik berhak tahu cara kerja ratingnya gmn,0,0,0.0026,Organik,Organik,Benar
2,alwiiihasan,biar tidak salah paham rating igrs yang muncul di steam itu mayoritas masih self declare alias data awal dari pihak pengembang jadi belum hasil kurasi final namanya juga baru integrasi ke platform global pasti ada fase transisinya,1,0,0.0785,Buzzer,Organik,Salah
2,MyoKurt,malah playing victim igrs tololll komdigi goblookkkkk,0,0,0.0018,Organik,Organik,Benar
2,Sunoo_dFox,woi tolol malu woii gabisa kerja jadinya dinyinyir kan hapus ajalah itu igrs tolol,0,0,0.3748,Organik,Organik,Benar
2,15sketsa,someone said igrs stand for indonesia gooning rating system,1,0,0.0972,Buzzer,Organik,Salah
2,KenapeAje,si ini apa tau apa itu igrs vs esrb vs pegi sok macam anies baswedan sok tau igrs mengikuti sertakan gaming development mengenai design untuk usia batasan kok si anies baswedan esrb di usa malah pemerintah tolol,0,0,0.0094,Organik,Organik,Benar
2,yolaisabella,siaran pers resmi mengenai sistem rating game dan igrs di steam silakan cek informasinya terlebih dahulu sebelum berpendapat lebih lanjut,1,1,0.9883,Buzzer,Buzzer,Benar
2,SabethAnge12086,buat yang lagi ngikutin rame soal igrs rating game di steam penjelasan resminya sudah keluar wajib banget dibaca biar tidak salah paham igrs steam gameindonesia gamerindonesia industrigame ratinggame viralhariini trendingtopic,0,1,0.98,Organik,Buzzer,Salah
2,adi_wahyu35,terlihat lagi ramai bahas game steam mengenai igrs sempat cek webstenya dan agak aneh game seperti beres beres seperti a little to the left dan unpacking kok malah diberi beneran kah itu masa rating usianya itu untuk ngaco banget,1,0,0.2789,Buzzer,Organik,Salah
2,MillastoElhart,emosi banget ngikutin berita igrs mana buzzer sudah dikerahkan uang pajak kalian itu ges,0,0,0.0018,Organik,Organik,Benar
2,VinaAmelia33281,sekadar info aja ini rating di steam sekarang masih dalam proses awal penerapan igrs jadi belum final banget wajar sih kalau ada yang belum pas karena lagi dibangun biar ekosistem game di indonesia makin rapi dan terlindungi dengan baik,1,1,0.9957,Buzzer,Buzzer,Benar
2,indahsarii54648,untuk yang ingin tahu penjelasan resmi terkait igrs rating game di steam informasinya sudah dirilis bisa dibaca dulu di sini,1,1,0.9984,Buzzer,Buzzer,Benar
2,azkiiofifteen96,f rating igrs,0,0,0.0085,Organik,Organik,Benar
2,Nisarahman2327,igrs di steam emang lagi bingungin ya guys tapi kayaknya sistemnya masih dalam penyesuaian perlu waktu buat lebih stabil yang penting semoga valve bisa jelasin lebih rinci dan transparan tentang kriteria ratingnya biar kita semua ngerti keep improving steam,1,1,0.8892,Buzzer,Buzzer,Benar
2,Vanour394663,igrs ngawur bet masa game lokal di kasih game bokep dapet ngawuur bet kalau pengen jadi lembaga itu yeng benar masa game bokep dapet sedangkan game bertani game santai dan slice of life masa dapat komdigi komedi digital,0,0,0.0024,Organik,Organik,Benar
2,Neibiiru,aku ngerti sama yang dilakuin igrs ini dan sebenernya gapapa yak kalau ada rating umur gitu mah cuman targetnya ada beberapa yang miss gitu untuk konfirmasi umur misal pake ktp agar mikir juga dan yang pasti pliss igrs jangan dikit dikit blokar blokir blokar blokir cape beud,0,0,0.0034,Organik,Organik,Benar
2,NUGreenFlag,mau bikin igrs dan semacamnya juga kalau masih ada yang jual game di shopee mah tidak ngaruh,0,0,0.0058,Organik,Organik,Benar
2,OpiniRakyatID,anying game pekob aj dikasi rating igrs ini indonesia gooner rating system kh ngajarin anak hal caboel sedjak dini kh,0,0,0.3793,Organik,Organik,Benar
2,KumekaGenzo77,dan faktanya igrs memang ngaco kok dalam ngasih rating usia mau ngomongin sinkronisasi ya harusnya pihak igrs jgn langsung terapin rating itu ke steam kalau mau ratingnya sesuai ini mh keliatan banget asal ngasih rating,0,0,0.1169,Organik,Organik,Benar
2,asep2b,buat yang lagi mengikuti isu igrs dan rating game di steam sudah ada penjelasan resminya yang bisa dijadikan referensi coba cek dulu sebelum ambil kesimpulan,1,1,0.9884,Buzzer,Buzzer,Benar
2,krisnaardis,igrs memang nyabu kayanya,0,0,0.0016,Organik,Organik,Benar
2,FKRSM_,yang tolol igrs yang disalahin steam logikanya sudah kebalik ini komdongo,0,0,0.0159,Organik,Organik,Benar
2,JancokAsu893230,jujur tampilan rating igrs di steam saat ini memang masih cukup membingungkan buat banyak orang tapi kalau memang masih masa penyesuaian mungkin yang paling penting sekarang adalah update penjelasan yang rutin dan transparansi soal kriterianya,1,1,0.9884,Buzzer,Buzzer,Benar
2,noviarguna72100,igrs di steam sekarang banyak yang masih data awal self declare dan belum final atau mengingatkan bahwa niat utamanya adalah melindungi pemain muda dan menata ekosistem game sehingga wajar kalau di fase awal masih ada hal yang perlu disesuaikan dan diperjelas bersama,1,1,0.9913,Buzzer,Buzzer,Benar
2,SPayanadi,ada siaran pers resmi tentang igrs rating game di steam mari sahabat semua kita baca cek dulu sebelum kita berpendapat lebih jauh,1,1,0.9974,Buzzer,Buzzer,Benar
2,fuckchmstry,yaelah gamehub mah walau bisa terhubung ke steam yah tetap bayar kocak buat gamenya kecuali kalau pakai bajakan tapi itu tidak belum tentu bisa do hp lagian mengapa malah lari ke sana pembahasannya kan lagi bahas igrs alias rating game bagaimana sih,0,0,0.0322,Organik,Organik,Benar
2,ayoitsmoy,perlu diingat juga tujuan utama igrs ini untuk melindungi pemain muda dan menata ekosistem game supaya lebih sehat jadi proses awal spt ini memang butuh waktu untuk penyempurnaan,1,1,0.8738,Buzzer,Buzzer,Benar
2,Fatiyazean,yang penting diketahui ini rating igrs di steam banyak masih data awal self declare belum final tujuan utamanya lindungi pemain muda dan menata ekosistem game jadi wajar aja kalau fase awal masih perlu disesuaikan bareng,1,1,0.9973,Buzzer,Buzzer,Benar
2,dennyrd,rating igrs aja kaga benar,0,0,0.057,Organik,Organik,Benar
2,Giskaelvina,kalau ngikutin infonya igrs di steam sekarang masih dalam tahap awal implementasi jadi datanya belum sepenuhnya final banyak yang masih deklarasi awal dari developer tujuan besarnya kan buat sistem rating yang lebih jelas dan aman buat semua umur,1,1,0.9734,Buzzer,Buzzer,Benar
2,AlinGibroez,perlu diingat rating igrs di steam sekarang itu belum semuanya hasil verifikasi akhir masih banyak yang data awal sistemnya juga baru jalan jadi wajar kalau masih ada yang perlu dibenahi,1,1,0.9953,Buzzer,Buzzer,Benar
2,bsrebahan,sudah ikut aja dari esrb gausah ribet proyek bodong sok sok bikin igrs liat hasilnya aja ngawur kamu yang kerja kaga becus malah lempar tangan ke steam yang mana sbnernya bukan wewenang steam,0,0,0.095,Organik,Organik,Benar
2,Alvaro734877,sedikit meluruskan rating igrs yang muncul di steam sekarang kebanyakan data awal self declare jadi memang belum final lagi proses penyesuaian kok wajar kalau ada yang terasa tidak pas sekarang nanti akan disesuaikan lagi sama verifikasi resmi,1,1,0.9924,Buzzer,Buzzer,Benar
2,FaeezEmpire,katanya igrs kan untuk melindungi anak anak dari bahaya game ya tapi belum lama ini ada seorang anak smk di kudus yang diintimidasi pemerintah karena mengkritik mbg dan anak smp di gresik kena peluru nyasar tni jadi mana yang lebih berbahaya bagi anak anak,0,0,0.0286,Organik,Organik,Benar
2,Al38819917,trus hubungannya sama harga apa data ekonomi itu mayoritasnya sudah publik ahli ekonomi itu ngitungin terus tiap hari kurleb la hubungannya sama igrs apa ini itu beda masalah,0,0,0.0021,Organik,Organik,Benar
2,ShaniBudi,ya coretax ya igrs deploy belum siap tapi dipaksain yang kena imbasnya ya rakyat jelata macem kita ini,0,0,0.0046,Organik,Organik,Benar
2,esbique_,maksudnya kemarin itu lho bang rating baru igrs ini membuat ada game yang jadi tidak bisa dibeli,0,0,0.0059,Organik,Organik,Benar
3,odeng9222,buat yang mengikuti isu igrs dan sistem rating di steam penjelasan resmi sudah dirilis silakan cek dulu sebagai referensi awal,1,1,0.9841,Buzzer,Buzzer,Benar
3,KumekaGenzo77,faktanya memang seperti itu kok kalau misalnya kompeten gk bakal seceroboh ini igrs,0,0,0.0019,Organik,Organik,Benar
3,istrinyanaga,steam rating palsu kamu bandingin sendiri rating steam sama igrs pantek lebih akurat mana,0,0,0.1047,Organik,Organik,Benar
3,dvrtlngi,sedikit meluruskan ya yang muncul di steam soal rating igrs itu banyak yang masih tahap awal self declare dari developer jd belum semuanya final tujuan utamanya buat perlindungan pemain muda penataan ekosistem game jd wajar kalau di fase awal masih ada yang perlu disempurnakan bareng,1,1,0.9973,Buzzer,Buzzer,Benar
3,itsD_037,igrs is whack call of duty got while cs got,0,0,0.0013,Organik,Organik,Benar
3,Arkanwoilah,igrs indonesia gooning rating system,0,0,0.0483,Organik,Organik,Benar
3,Alvaro734877,harus diakui bahwa memang tampilan rating igrs di steam bagi banyak orang sangat membingungkan tapi perlu diketahui bahwa sistem ya sedang dalam masa penyesuaian dan butuh waktu,1,1,0.9907,Buzzer,Buzzer,Benar
3,Angelina_S_S,emangnya anggaran komdigi kagak dipotong buat mbg kah igrs biayanya dari mana,0,0,0.0019,Organik,Organik,Benar
3,EmilleMaiki,igrs rated doom eternal and persona as games while farming simulator and superliminal as games thats cinema,0,0,0.002,Organik,Organik,Benar
3,scr3t1y,igrs yang ngaco dan amburadul beserta komdigi yang inkompeten dan dongo lah yang seharusnya dievaluasi dan diperbaiki bukannya sewa buzzer macam anda yang kolot dan bodoh yang malah menyebarkan hoax dan menyalahkan steam,0,0,0.2249,Organik,Organik,Benar
3,mas_panas70450,wah rame ini igrs rating aneh gta v rc tidak bisa di mainin gta san andreas kebanyakan gatekeep saya sih jadi publisher males masuk indonesia seperti trading export import juga di batasin makanya google pixel males masuk ke sini ya tidak tahu kedepannya bagaimana,0,0,0.0015,Organik,Organik,Benar
3,Gif_Said,igrs is so stupid like esrb is a thing kalau kamu mau kerja mening kamu edukasi itu para ortu yang gaptek soal esrb ini lewat iklan postingan berita or something use the media for ur gain like u always do dan itu jauh lebih gampang daripada ngerating game satu satu,0,0,0.0077,Organik,Organik,Benar
3,OxygenSunshinee,intinya igrs ada ini buat orang tua yang gagal parenting tentang game sudah gagal di missleading pula anjir keren kata saya dan sekarang intinya lepas tanggung jawab bukan urusan kami intinya ada rc yang berarti gk tampil ya elu dongok jembut lurus,0,0,0.041,Organik,Organik,Benar
3,noviarguna72100,rating igrs yang kelihatan di steam itu banyak yang masih data awal self declare belum final wajar kalau sekarang ada yang belum pas lagi proses disesuaikan dulu,1,1,0.9971,Buzzer,Buzzer,Benar
3,Alizazaina94321,dari sudut pandang pengguna sistem rating igrs di steam saat ini belum terlalu mudah dipahami wajar kalau muncul pertanyaan semoga ke depan ada komunikasi yang lebih jelas soal standar penilaiannya,1,1,0.9437,Buzzer,Buzzer,Benar
3,ikaikuikok,harus diakui kalau tampilan rating igrs di steam saat ini memang bikin bingung dan memicu banyak pertanyaan di komunitas tapi kalau dilihat secara objektif ini sepertinya masih tahap penyesuaian sistem yang butuh waktu untuk sinkron,1,1,0.9979,Buzzer,Buzzer,Benar
3,Deewwiiiii,dari sisi pengguna sistem rating igrs di steam sekarang masih terasa kurang jelas tapi kalau ini bagian dari proses semoga ada evaluasi dan penyempurnaan yang konsisten,1,1,0.9513,Buzzer,Buzzer,Benar
3,sn_0_z_,tidak ada counter argument samsek tentang igrs dia malah bawa achievement anak nya padahal gatau kalau bapaknya kalau ngomong look down dan condescending banget berasa si paling paham padahal bidangnya listrik classic boomer bau tanah,0,0,0.0061,Organik,Organik,Benar
3,gbfonry,rating igrs berapa ini,0,0,0.003,Organik,Organik,Benar
3,BurningCoffee0,betul banget yang saya benci dari igrs itu mereka menyamaratakan semua kalangan ke standar mereka mau saya main game adult kek game gore kek terserah saya selama saya sudah cukup umur itulah gunanya rating buat jadi penanda isi konten nya bisa dikonsumsi umur berapa aja,0,0,0.2047,Organik,Organik,Benar
3,anggtakhsturia,sedang ramai soal igrs dan rating game di steam ini siaran pers resmi dari kemkomdigi boleh dibaca biar paham duduk perkaranya,1,1,0.9369,Buzzer,Buzzer,Benar
3,zzaysmine,ini permasalahannya rating igrs tidak tepat dan keliatan orang orang di komdigi tidak mengerti mengapa dipelintir ke masalah gamers maniak hobi apapun juga ada maniaknya kalau tujuannya untuk mengontrol kecanduan game harusnya dibarengi dengan penelitian buat nyari solusi yang tepat,0,0,0.1541,Organik,Organik,Benar
3,yani09842577669,kalau tidak salah yang muncul di steam itu banyak yang masih data awal dari sistem self declare developer jadi belum tentu rating final dari igrs memang di tahap awal biasanya masih ada penyesuaian tujuan utamanya sebenarnya supaya ada panduan umur dan melindungi pemain muda,1,1,0.9854,Buzzer,Buzzer,Benar
3,groflokash,igrs is a joke they literally makan gaji buta asu,0,0,0.0022,Organik,Organik,Benar
3,PutriRahma32820,perlu diingat rating igrs di steam yang sekarang banyak masih tahap awal self declare dari developer jadi belum final tujuannya juga bagus kok buat lindungi pemain muda dan benahin ekosistem game jadi wajar kalau di awal masih ada yang perlu disesuaikan,1,1,0.9982,Buzzer,Buzzer,Benar
3,BudiBukanIntel,igrs kontol,0,0,0.0106,Organik,Organik,Benar
3,Adiety333,sudah ada siaran pers resminya soal igrs rating game di steam ada baiknya cek dulu supaya informasinya lebih lengkap,1,1,0.9972,Buzzer,Buzzer,Benar
3,ridwanadit,dari juta orang itu berapa yang rutin beli game aaa aku yakin tidak semuanya lha yang main dota atau cs doang juga ada atau free game lain macam where winds meet wuwa etc yang beli dikit ngapain perusahaan game besar repot sensor buat ngikutin ratingnya igrs,0,0,0.0046,Organik,Organik,Benar
3,Qilogram2420,igrs g nya gooner,0,0,0.1763,Organik,Organik,Benar
3,cutadh,ini fatal banget sih igrs ngaco total,0,0,0.0018,Organik,Organik,Benar
3,misterx_9945613,masalahnya gini rating rc ngak perlu sama sekali kita ngak butuh kebijakan sok berbudaya mending gini deh ambil univ yang ada jurusan game devnya ambil yang muda muda dan suka main game suruh mereka kerjain igrs hasil bakal jauh lebih objektif dan ngak ada rating rc,0,0,0.0026,Organik,Organik,Benar
3,kerjosurvey,buat kalian sebelum debat soal igrs ke mana mana mungkin oke baca dulu siaran pers resminya di sini ya guys,1,1,0.7769,Buzzer,Buzzer,Benar
3,fibraaaay,igrs kontol,0,0,0.0106,Organik,Organik,Benar
3,hilyazu,sebelum ambil kesimpulan soal sistem rating igrs di steam ada baiknya lihat dulu penjelasan resminya supaya konteksnya lebih lengkap,1,1,0.9743,Buzzer,Buzzer,Benar
3,kindahao,i fear love and deepspace won t survive igrs,0,0,0.0018,Organik,Organik,Benar
3,Al_Khuarizmi,kalau bukan resmi dari komdigi mengapa steam pakein logo nya igrs disitu orang orang tau kalau steam pake pegi buat system review mereka steam mah cuma platform launcher gaada sangkut pautnya sama ngasih rating umur,0,0,0.0028,Organik,Organik,Benar
3,whereisnono,indonesia itu bagus kalau bikin konsep tapi penerapannya selaluuu jelek igrs contohnya mbg jg sih haha,0,0,0.0032,Organik,Organik,Benar
3,Lipssszzz____,alah nyocot main gama aja enggak pernah kamu cuma buzzer doang kamu duit duit kamu yang dapet juga dari pajak kita kamu kerja kagak ngerti game kagak sekarang salahin steam padahal pihak steam diem diem aja tolol komdigi sama igrs tolol,0,1,0.8381,Organik,Buzzer,Salah
3,RioCvn,ternyata benar gamenya cocok buat anak tahun ke atas igrs tidak salah,0,0,0.0025,Organik,Organik,Benar
3,HaYoYo86,puluhan tahun make steam baru kali ini dituduh palsu ayolah men kalau bego jangan nanggung player lebih percaya rating steam dibanding igrs kali hebat lah orang tolol kek gini jadi stafsus kementerian,0,0,0.0199,Organik,Organik,Benar
3,wijayawilliam31,wajib kasih rating,0,0,0.0458,Organik,Organik,Benar
3,inimahjapran,igrs alias indonesian gooners rating system emang anj,0,0,0.1061,Organik,Organik,Benar
3,Bagus_Media7,saran dari kami team bagus media kita harus bedakan antara data awal dan keputusan final rating igrs di steam masih self declare tujuannya melindungi pemain muda jadi wajar kalau tahap ini masih dikoreksi bersama,0,0,0.4215,Organik,Organik,Benar
3,Bambang65635601,informasi ini betul resmi masalah igrs rating game di steam bisa jadi referensi biar info yang beredar lebih lengkap dan valid serta akurat kebenarannya maka silahkan dicek di link,1,1,0.8765,Buzzer,Buzzer,Benar
3,delik_store,buat yang ngikutin ramenya igrs rating game di steam sebelum berdebat baiknya baca penjelasan resminya dulu ya,1,1,0.9018,Buzzer,Buzzer,Benar
3,Official_Yanuar,malah nyalahin steam sebelum kamu pada bikin recok steam sudah punya rating dan tags mereka sendiri lagian igrs buat apa sih kalau bukan buat alat meras rating international kan sudah ada pake itu juga tidak masalah eh sok asik tapi ngaco dah balik sana gooning game nukitashi,0,0,0.2573,Organik,Organik,Benar
3,IraAsri325610,igrs dan rating game di steam jadi hot topic baca penjelasan resmi di sini dulu biar tidak salah paham,1,1,0.9848,Buzzer,Buzzer,Benar
3,dh74169970,gemini berkata rating igrs di steam masih data awal self declare belum final wajar ada penyesuaian demi ekosistem game sehat lindungi pemain muda yuk kawal,1,1,0.99,Buzzer,Buzzer,Benar
3,AlinGibroez,sedikit info rating igrs di steam saat ini banyak yang masih tahap awal self declare jadi belum final dan masih proses penyesuaian,1,1,0.9963,Buzzer,Buzzer,Benar
3,tekarok007,tidak terima game dota dianggap game dengan unsur mengandung narkotika bahkan game horror ngawur asli igrs ini dah,0,0,0.0034,Organik,Organik,Benar
3,meimeiajadeh,igrs tolol komdigi tolol indonesia asuuuuu plis jangan aneh anehin steam saya dimana saya cuma bisa mengandalkan steam kalau mau beli otoge igrs cuma bisa ngasih rating ke game gooning asuuuuuuu blok,0,0,0.0099,Organik,Organik,Benar
3,joyminzip,eh ngentot ini igrs kalau misalkan lads kena ban bagaimana babi,0,0,0.0359,Organik,Organik,Benar
3,rahayu49384,guys santai dulu banyak yang salah paham soal rating igrs di steam ini bukan soal sensor atau kebebasan tapi tentang melindungi pemain muda dan bikin ekosistem game lebih sehat banyak rating yang masih data awal self declare jadi belum final ayo fokus ke niat baiknya,1,1,0.9898,Buzzer,Buzzer,Benar
3,JancokAsu893230,biar informasinya lebih utuh ada penjelasan resmi soal igrs dan rating game di steam yang bisa dicek dulu sebelum kasih opini lebih jauh ini linknya ya,1,1,0.9835,Buzzer,Buzzer,Benar
3,_ZyZ_Z,ini igrs tolol benar,0,0,0.0527,Organik,Organik,Benar
3,FahrezaMahendr,bagaimana sih pak kok igrs malah ngaco parah,0,0,0.0344,Organik,Organik,Benar
3,ShinadeVT,komdongo tolol rating sistem steam sudah paling fineshyt harusnya steam yang minta klarifikasi ke igrs dalam cara sistem mereka declare rating setiap game bisa ngaco begitu malah gaslight pihak steam,0,0,0.1819,Organik,Organik,Benar
3,purityringgu,this special advisor of komdigi claimed that steam created fake rating affecting the igrs system therefore resulting in many games categorized as not fit for distribution that steam violated indonesian regulation can you confirm,0,0,0.2645,Organik,Organik,Benar
3,onyourtabs,ktanya ada transaksi pembelian dalam game sama gamenya based online chat ya kan gimnya f p trus top up adalah kemauan masing masing i mean kriteria igrs nya tidak jelas,0,0,0.0022,Organik,Organik,Benar
3,01nm2_,oh ternyata komdongo itu bikin igrs untuk gooning igrs indonesia gooning rating system ckp tw aj,1,0,0.2607,Buzzer,Organik,Salah
3,nurizkaf96,kalau bicara sosmed ya beda lagi yang sedang rame kan igrs di steam yang jelas jelas steam itu platform niche,0,0,0.0114,Organik,Organik,Benar
3,OpiniRakyatID,ngebacot doang urusin noh igrs masak game bokep boleh usia tahun mn pake ngeles it dari pihak steam,0,0,0.0034,Organik,Organik,Benar
3,Rei_OnZ,tambahan ini bang rating langsung dari website igrs nya bukan lewat steam steaman lagi wkwkkw,0,0,0.0104,Organik,Organik,Benar
3,EvyNurlaili,buat yang penasaran soal status rating igrs di steam ini penjelasan resmi dari kemkomdigi lebih baik simak dulu informasinya supaya lebih jelas kemkomdigi rating game di steam bukan rating resmi berpotensi langgar ketentuan di indonesia,1,1,0.9388,Buzzer,Buzzer,Benar
3,ianalvan95,komdigi klaim bahwa mereka sudah meminta maaf kepada pihak steam terkait bermasalahnya igrs ini judul yang benar nya,0,0,0.0069,Organik,Organik,Benar
3,Bram_no3,kan lagi bahas igrs dan tweet anies disini masa bawa bawa megalodon,0,0,0.0107,Organik,Organik,Benar
3,ZaskiaZask2031,lagi ramai soal igrs dan rating game di steam ada siaran pers resmi yang menjelaskan konteksnya mungkin baik dibaca dulu sebelum menilai lebih jauh igrs steam gameindonesia infogame gamingid,1,1,0.9582,Buzzer,Buzzer,Benar
3,boyguling,istg just abolish the igrs ffs,0,0,0.0011,Organik,Organik,Benar
3,adzumanga,ngentot kamu igrs,0,0,0.034,Organik,Organik,Benar
3,carapaklek,biar tidak salah paham rating igrs di steam itu kebanyakan masih data awal atau self declare jadi belum final wajar banget kalau di fase awal ini masih butuh penyesuaian demi melindungi pemain muda kita,1,1,0.9982,Buzzer,Buzzer,Benar
3,Dadangsutrisn0,rating igrs di steam seperti nya masih data awal dan belum final jadi wajar saja kalau masih butuh proses penyesuaian biar ekosistem game lebih baik lg,1,1,0.9924,Buzzer,Buzzer,Benar
3,Duren___,kalau igrs judol semua umur,0,0,0.0013,Organik,Organik,Benar
3,GojoIrengg,ternyata igrs tidak nyawit,0,0,0.0496,Organik,Organik,Benar
3,FilekRhino45516,mengapa sih harus ribet nyari kambing hitam steam padahal jelas banget kalau rating itu memang dari komdigi lewat igrs bukannya fokus cari solusi konstruktif mlh sibuk nyebar disinformasi pemerintah sudah kerja keras bikin sistem rating ko mlh dipertanyakan kredibilitasnya,0,1,0.9323,Organik,Buzzer,Salah
3,NganjukSun23590,rating igrs yang muncul di steam sekarang banyak yang masih tahap awal self declare dari developer jadi belum final masih bisa berubah setelah proses verifikasi lebih lanjut tujuannya buat melindungi pemain muda dan menata ekosistem game di indonesia supaya lebih jelas dan sehat,1,1,0.9959,Buzzer,Buzzer,Benar
3,kukuhya,lewat mulu mostingan kamu percuma paling kamu kena igrs,0,0,0.0196,Organik,Organik,Benar
3,mog_mediaa,karena kemarin kami baru selesai resident evil requiem untuk kedepannya kalian pingin kami live main game apa atau ngobrol ngobrol soal industri misal ngomongin igrs jangan suruh maen game baru ora duwe duwit bos,0,0,0.001,Organik,Organik,Benar
3,z___vyi,igrs idiotic gaming rating system,0,0,0.0302,Organik,Organik,Benar
3,Bagus_Media7,agar diskursus mengenai klasifikasi game lebih berimbang silakan simak siaran pers resmi terkait igrs dan kebijakan rating di steam melalui tautan ini yuk baca dulu detailnya igrs steamrating industrigim,1,1,0.9843,Buzzer,Buzzer,Benar
3,NVT58232209,yang terserang paling parah dari igrs adalah orang dewasa di platform pc console pengguna steam sendiri indonesia jt estimasi jt dan ada data baru dari steam kapabilitas daya beli indonesia cuma dari harga aaa normal usd,0,0,0.0043,Organik,Organik,Benar
3,MangAgus_10,ngapain igrs itu kan steam yang harus klarifikasi menurut mereka,0,0,0.0442,Organik,Organik,Benar
3,xenoshroomer,sebuah insight menarik tentang igrs dulu katanya program ini bakal mengakomodasi perkembangan industri game lokal karena katanya diisi anak muda eksekusinya arah tidak jelas menutup ruang ekspresi dan sekali lagi malah menghambat perkembangan industri game lokal,0,0,0.0024,Organik,Organik,Benar
3,Ranti130920,sebenarnya igrs di steam sekarang banyak yang masih data awal self declare dan belum final serta melindungi pemain muda dari ekosistem yang bermasalah kerja komdigi sudah tepat itu,1,1,0.9983,Buzzer,Buzzer,Benar
3,bobihart,mengapa tidak ikut esrb aja ya nanti dari situ bisa disesuaikan dengan kriteria yang ditentukan igrs jangan malah asal kasih rating yang jadinya tidak sesuai isi game contoh aja red dead redemption jadi memangnya cocok untuk balita,0,0,0.0021,Organik,Organik,Benar
3,sutaduatiga,mbg jadi tai kopmer jadi gedung kosong igrs jadi bikin malu,0,0,0.0019,Organik,Organik,Benar
3,Tessa44ut,perlu klarifikasi tentang igrs dan rating game di steam saran aku cek siaran pers resmi ini dulu biar lebih paham dan dapat gambaran lengkap sebelum ikut diskusi info lengkapnya ada di sini,1,1,0.9892,Buzzer,Buzzer,Benar
3,ivanws88,kalian ngapain ngurus beginian kalau saya kepingin punya colony di dutch east indies tidak boleh gitu atau tidak boleh punya pemerintahan yang tidak oligarchic di game dariapada bikin rating igrs tidak jelas mending itu ngurusin judol sana,0,0,0.0051,Organik,Organik,Benar
3,reinardstar,i think igrs stands for indonesia gooners raring system atp,0,0,0.2828,Organik,Organik,Benar
3,mencaridaratan,jadi ya gaperlu direcokin sama igrs gajelas babi ini kalau mau keliatan kerja judol aja babi kau komdigi,0,0,0.0873,Organik,Organik,Benar
3,Jiraz13,orang tua mana yang tau steam anak mereka main game hp bahkan sosmed orang tua genz milenial mungkin tau tapi anak mereka masih stuck di cocomelon kalau igrs terapin rating di game hp baru banyak orang tua yang setuju,0,0,0.0048,Organik,Organik,Benar
3,Alvaro734877,rating igrs di steam itu masih self assessment data awal jadi belum hasil akhir sekarang lagi proses review dan penyesuaian secara bertahap supaya sesuai sama isinya mohon maklum kalau sekarang masih banyak yang belum tepat,1,1,0.9152,Buzzer,Buzzer,Benar
3,DinaPur468,berikut adalah pesannya pahami dulu aturan igrs dan rating game di steam lewat siaran pers resmi ini ada baiknya baca informasinya sampai tuntas sebelum berpendapat lebih jauh igrs steam gamerating,1,1,0.9805,Buzzer,Buzzer,Benar
3,Indie_S_Orilly,kepentok character limit untuk status twitter karena tidak punya centang biru kan bisa dipendekin dari pembatasan umur rating game jadi pp tunas igrs berkurang itu dari character jadi character trus jadi bisa deh nambahin medsos di belakang kata platform,0,0,0.0128,Organik,Organik,Benar
3,Florestone16736,dari sisi pengguna sistem rating igrs di steam sekarang masih terasa kurang jelas tapi kalau ini bagian dari proses semoga ada evaluasi dan penyempurnaan yang konsisten,1,1,0.6673,Buzzer,Buzzer,Benar
3,bananaefootball,update resmi igrs hari ini bilang rating di steam masih self declared komdigi juga menegaskan bahwa tampilan igrs pada sejumlah game di steam bukan merupakan hasil klarifikasi resmi yang dikeluarkan oleh pemerintah portal komdigi,1,0,0.0181,Buzzer,Organik,Salah
3,Adiety333,sebenernya rating igrs di steam sekarang banyak yang masih tahap awal self declare dan belum final jadi wajar kalau masih ada yang membingungkan karena ini juga bagian dari upaya melindungi pemain muda dan penyesuaian sistem ke depan,1,1,0.9982,Buzzer,Buzzer,Benar
4,SerMorningstar,wkwkwk saya lebih percaya steam dan om gaben dibanding kamu pada alasan apa yang membuat steam tampilin rating palsu coba tidak ada igrs juga biasanya steam pake rating esrb ya pasti ada permintaan lah dari yang bersangkutan bodoh bodoh jir alasannya,0,1,0.6359,Organik,Buzzer,Salah
4,Adiety333,banyak yang belum tahu rating igrs di steam saat ini sebagian masih data awal self declare dan belum final jadi wajar kalau masih ada yang perlu disempurnakan sambil tetap fokus ke tujuan utamanya melindungi pemain muda,1,1,0.9982,Buzzer,Buzzer,Benar
4,Nisarahman2327,igrs dan rating game di steam sedang jadi topik hangat cek dulu penjelasan resmi di sini sebelum kita bahas lebih lanjut,1,1,0.9973,Buzzer,Buzzer,Benar
4,LazyrevilLeona,saya yakin juga para petani atau bajak laut bakal ramai kalau ada beberapa game yang mereka inginkan di prohibited sama igrs di steam,0,0,0.0008,Organik,Organik,Benar
4,rahayu49384,tampilan rating igrs di steam emang bikin banyak orang bingung tapi harus diakui sistemnya masih dalam proses penyesuaian harap maklum kalau masih ada hal yang perlu diperbaiki,1,1,0.9891,Buzzer,Buzzer,Benar
4,refiandryy,penjelasan resmi terkait igrs dan tampilan rating game di steam sudah dirilis bisa dibaca dulu untuk menambah konteks sebelum menarik kesimpulan,1,1,0.9629,Buzzer,Buzzer,Benar
4,riyoxreaper,sudah tidak bisa kerja tolol sekarang lempar tanggung jawab ke pihak steam yang jelas jelas dari awal sudah punya rating age sendiri sebelum akhirnya kacau karena igrs kalian pikir kami ini setolol dan goblok kalian perihal beginian bubar mending kamu pada gaguna,0,0,0.1594,Organik,Organik,Benar
4,KrispyWater5,sudah ada rating dari pegi dan esrb yang sudah lama jelas dan tersedia untuk umum malah buang anggaran bikin igrs yang tidak jelas padahal sebenarnya tinggal tingkatkan literatur aja supaya paham batasan game sesuai umur segampang itu,0,0,0.0045,Organik,Organik,Benar
4,_sennav,dem yakuza kena block sama igrs sedangkan game cewe yang nsfw lulus otw di serang massal keknya komdigi sih,0,0,0.0049,Organik,Organik,Benar
4,Homuboil7,we can never win bro as long as the anime onlys continue to dominate otaku spaces also what s this igrs,0,0,0.0056,Organik,Organik,Benar
4,Dadangsutrisn0,kan bikin geger emang benar tampilan rating igrs di steam seperti lagi tidak tapi moga ajah ini cuma efek penyesuaian ajah bakal normal dan lebih baik lagi,0,0,0.0026,Organik,Organik,Benar
4,uchihagaming321,ini bukan sekadar kabar yang dipelintir tapi penjelasan resmi melalui siaran pers terkait igrs dan rating game di steam ada regulasi yang melatarbelakanginya dan itu penting untuk dipahami secara utuh lebih baik kita baca dulu isi siaran persnya link berita,1,0,0.187,Buzzer,Organik,Salah
4,AkuilaOpo,igrs gnya gooner,0,0,0.05,Organik,Organik,Benar
4,dh74169970,rating igrs di steam saat ini memang membingungkan butuh penyesuaian penting ada transparansi kriteria perbaikan rutin agar sistem makin akurat,1,1,0.8694,Buzzer,Buzzer,Benar
4,SevensRoad77,igrs kebijakan yang tidak salah tp penilaian terhadap gamenya harus ditinjau ulang,0,0,0.0045,Organik,Organik,Benar
4,dantexvergil999,terkait perbincangan seputar sistem rating game di platform steam penjelasan resmi mengenai kesesuaian aturan igrs di indonesia dapat diakses melalui tautan ini yuk baca detailnya terlebih dahulu supaya informasi yang kita terima lebih akurat,1,0,0.1163,Buzzer,Organik,Salah
4,erwinhbr9us,buat yang ngikutin igrs rating game di steam ada link referensi supaya infonya lebih lengkap,1,0,0.2185,Buzzer,Organik,Salah
4,kerissakti,teman saya hanya ingin mengingatkan mari fokus kritisi konteks kebijakannya jangan pribadi personilnya kasihan orang teknis igrs yang ditugaskan karena tidak sepenuhnya direction itu di tangan mereka jangan serang personil apalagi sampai ngulik pribadi orang ya,0,0,0.2912,Organik,Organik,Benar
4,marufin865168,ada baiknya sebelum debat soal igrs ke mana mana mungkin oke baca dulu siaran pers resminya di sini,1,1,0.8193,Buzzer,Buzzer,Benar
4,DinaPur468,saran saya dina purnamasari jujur memang tampilan rating igrs di steam ini membingungkan tapi sistem baru butuh waktu penyesuaian semoga transparansi kriteria dan edukasi rutin terus ditingkatkan demi perbaikan yang berkelanjutan ya,1,1,0.631,Buzzer,Buzzer,Benar
4,yani09842577669,biar diskusi soal igrs rating game di steam lebih lengkap ada siaran pers resmi yang menjelaskan konteksnya silakan dibaca dulu di sini,1,1,0.9896,Buzzer,Buzzer,Benar
4,rosyidsmile_net,siaran pers menanggapi diskusi publik terkait igrs sistem rating game di steam pnjlsan resmi mengenai kesesuaian regulasi trsbt dg ktntun hkm di indonesia sgt disarankan tuk menyimak informasi lengkap lebih dl guna mndapatkn perspektif yang menyeluruh,0,0,0.1121,Organik,Organik,Benar
4,dadarjiwoo,igrs indonesia gooners rating system,0,0,0.4964,Organik,Organik,Benar
4,AHROOMEE,poin statement ini kalau dari logika saya seperti sistem cocoklogi pihak game submit disclaimers secara mandiri di steam steam implemented the igrs rollout rating igrs secara otomatis dikenakan berdasarkan disclaimer apa masuknya ke rating apa,0,0,0.0583,Organik,Organik,Benar
4,pikachuasbun,mau cuci tangan tapi tidak briefing ya goblok gini argumennya buzzer wkwkwkwk padahal yang melakukan rating palsu igrs dan pengikutnya kamu main tetris ya,0,0,0.003,Organik,Organik,Benar
4,selaluPromo09,lagi lagi duit pajak dipake buat bayarin orang tolollll igrs tololll goblogg tua bangka komdigi mana paham teknologi,0,0,0.0047,Organik,Organik,Benar
4,BoGameDo,rame banget igrs dan belum liat buzzer yang ngedukung berarti emang mereka sejauh ini tidak ngerti apa apa soal game yang mau mereka atur,0,0,0.0033,Organik,Organik,Benar
4,GOALIATHH,bro igrs lupa valve pernah menang lawan trolling pattern dari roschild,0,0,0.0015,Organik,Organik,Benar
4,vicyrchm,kalau dilihat dari tujuannya igrs ini bukan buat nyusahin tapi buat melindungi pemain yang masih muda dan bikin ekosistem game di indonesia lebih rapi biar orang tua juga punya acuan jelas,0,0,0.0026,Organik,Organik,Benar
4,hydarnus,saya setuju dengan statemen kecanduan game ini tapi tidak ada kaitan mas sama rating apalagi igrs game online di rating pun orang tua masih pada ngasih anaknya gadget tidak peduli di install apa makanya perlu pengawasan juga dari orang tuanya jangan semata mata nyalahin gamenya,0,1,0.8237,Organik,Buzzer,Salah
4,girumon16,igrs malu in ya sementara irgc sudah bisa nembak f sama f nya amerika eeeeh igrs malah jadinya gblg gini,0,0,0.003,Organik,Organik,Benar
4,HlfBloodPr1nce,kemarin saya liat di igrs ada game yang seharusnya bukan malah dikasih rate kemudian ketika anak dibawah taun main game itu yang disalahkan game nya aneh emang kwkwkw,0,0,0.002,Organik,Organik,Benar
4,Lidik58,buka x igrs bikin game di indo kacau fans arsenal sibuk mukul ke fanbase sana sini tapi nginjek kaki sendiri,0,0,0.0011,Organik,Organik,Benar
4,Albert2844,bran benerin noh igrs,0,0,0.0103,Organik,Organik,Benar
4,Alizazaina94321,kalau mengikuti mekanismenya sebagian rating igrs di steam saat ini masih self declare dan belum hasil penilaian akhir karena sistemnya memang masih berkembang untuk penataan ekosistem game,1,1,0.9773,Buzzer,Buzzer,Benar
4,DazzZulia,buat yang lagi bahas igrs rating game di steam ini ada siaran pers resminya sebagai penjelasan bisa dicek dulu sebelum ambil kesimpulan,1,1,0.9967,Buzzer,Buzzer,Benar
4,Adiety333,sebagian rating igrs di steam saat ini masih bersifat sementara karena diisi sendiri dulu oleh developer ini memang proses awal dan tujuannya jelas buat perlindungan pemain muda jadi kalau masih ada yang belum pas itu hal yang wajar dan bisa diperbaiki bareng,1,1,0.9975,Buzzer,Buzzer,Benar
4,Reonyree,buat kalian sebelum debat soal igrs ke mana mana lebih baik kalian baca dulu siaran pers resminya di sini,1,1,0.7864,Buzzer,Buzzer,Benar
4,carapaklek,izin bantu jelasin ya rating igrs yang muncul di steam itu rata rata masih self declare atau data awal jadi belum final wajar banget kalau di awal ini masih ada penyesuaian karena tujuan utamanya kan buat melindungi gamer usia muda dan ngerapiin ekosistem game kita supaya aman,1,1,0.9986,Buzzer,Buzzer,Benar
4,Deewwiiiii,niatnya mungkin bagus tapi implementasi rating igrs di steam saat ini masih belum mudah dipahami perlu penjelasan yang lebih terbuka biar publik tidak salah tafsir,1,1,0.9514,Buzzer,Buzzer,Benar
4,feliscxtus,igrs malu in banget wei,0,0,0.0169,Organik,Organik,Benar
4,wijayawilliam31,bukan rating resmi tapi ini ada arahan spesifikasi dari komdigi tidak bro kur rating palsu atau arahan yang kurang jelas jadinya pihak steam mengkategorikan rating tersebut jadinya berantakan melanggar hukum rating ini sebelum atau sesudah mengenai igrs ini kalau sebelum,1,0,0.3001,Buzzer,Organik,Salah
4,sinyalkartuntv,per hari ini igrs akhirnya telah menghilangkan semua kesalahan rating game nya sendiri termasuk undertale dan deltarune yang malah mendapat rating igrs deltarune undertale,0,0,0.0028,Organik,Organik,Benar
4,efenerr,kalau zaman dulu ada igrs itu golongan tahun ke atas masa mudanya pasti tidak akan ada yang main metal slug di rental ps sampek tamat atau main gta cuma buat jungkit jungkitin mobil makasih metal slug gta sudah kasih masa muda yang asyik,0,0,0.0044,Organik,Organik,Benar
4,JauzaaATahar,ini igrs apa banget astaghfirullah minimal baca tags lah,0,0,0.0013,Organik,Organik,Benar
4,DokutahLianSyah,igrs kontol komdigi memek,0,1,0.7937,Organik,Buzzer,Salah
4,ivosdementia,twitter aka x is my lowkey app i can talk about femboy futa house being rated by igrs and motherfuckers will still be reposting that shit,0,0,0.0095,Organik,Organik,Benar
4,dwxnda,bu mentri sebelum bikin program igrs minimal umur akun profile steam pribadinya th dah kalau kaga punya steam yaudah hapus itu igrs,0,0,0.0024,Organik,Organik,Benar
4,javafeedsss,igrs itu ibarat orang sok asik yang mau nimbrung di sebuah komunitas yang sudah bertahun tahun bahagia di bubblenya sendiri komdigi nganggur banget ya sampai komunitas kecil seperti gamers perlu direcokin judol pak sama pinjol noh pak merenggut banyak nyawa rakyat kita,0,0,0.0046,Organik,Organik,Benar
4,Giskaelvina,untuk yang mengikuti isu igrs rating game di steam sudah ada penjelasan resmi yang bisa jadi acuan silakan cek dulu sebelum menarik kesimpulan,1,1,0.9776,Buzzer,Buzzer,Benar
4,eonoeonoe,i despise censorship a lot and this fuckass igrs is handled by the government who can t even do shit this igrs system will surpress pop media and culture distributions and we can t even enjoy and have good shit,0,0,0.0038,Organik,Organik,Benar
4,etisulastr17672,jangan sampai salah informasi ini link resmisoal igrs rating game di steam,1,0,0.4607,Buzzer,Organik,Salah
4,Tessa44ut,semua pihak pasti punya kepentingannya masing masing dan yang pasti kita semua sama sama ingin yang terbaik daripada makin panas mending kita dorong aja dialog terbuka dan perbaikan bareng bareng biar igrs bisa jadi sistem yang lebih baik buat semua,0,0,0.003,Organik,Organik,Benar
4,rpr_zero2,kepada yang terhina komdongo di tempat kata saya mending stop itu igrs tolol tidak jelas kasih rating umur ya kasih rating umur aja tidak usah goblok pake kontrol distribusinya juga tidak becus kerja kamu pada goblok banget bangsat bikin emosi,0,0,0.0054,Organik,Organik,Benar
4,MRidhonew16179,sedikit meluruskan rating igrs yang tampil di steam saat ini banyak yang masih data awal self declare dan belum final jadi wajar kalau masih ada yang disesuaikan sambil tetap fokus melindungi pemain muda,1,1,0.9985,Buzzer,Buzzer,Benar
4,ItsmeMauwi,bayangin deh kalau gta rilis terus igrs bilang ke rockstar bang ini demi bisa masuk indonesia senjatanya di blur ya sama kalau bisa tidak usah ada misi perampokan apalagi nunjukin polisi nembak rakyat,0,0,0.0014,Organik,Organik,Benar
4,Chichi_X_Mune,this is why igrs is a stupid idea because it s made by people who don t understand video game,0,0,0.0014,Organik,Organik,Benar
4,MohQym68316,buat yang ngikutin rame igrs rating game di steam penjelasan resminya ada di sini boleh jadi bahan baca dulu,1,1,0.959,Buzzer,Buzzer,Benar
4,luctvie,dedek di balkon diliatin tetangga senin selasa igrs steam malam selasa,0,0,0.0027,Organik,Organik,Benar
4,VinaAmelia33281,berdasarkan info yang ada igrs di steam sekarang masih dalam tahap awal ini jadi datanya belum final banget masih banyak yang baru deklarasi awal dari developernya tujuannya sih biar sistem ratingnya makin jelas dan aman buat semua kalangan usia,1,1,0.9972,Buzzer,Buzzer,Benar
4,ibnukazuyal,ini saya akun asli x saya kecanduan game di umur tahun iya saya bakal ngatain orang yang hanya numpang di sebuah masalah yang dia tidak tau menahu dan hanya mau menjatuhkan orsng lain saya beli game mahal pake duit hasil kerja dengan gaji umr saya protes lah karena rsting igrs tidak jelas,0,0,0.0079,Organik,Organik,Benar
4,chaaphrodite,indonesian game rating system intinya kalau ada game mau masuk indo kudu lolos sensor dan rating dari igrs ini tapi ya gitu deh rate nya ngaco,0,0,0.2964,Organik,Organik,Benar
4,rpramestaa12,saya paham kok keresahan soal politik dan regulasi itu valid justru karena itu sistem seperti igrs perlu terus dibenahi dan dijelasin lebih terbuka karena wajar kalau di fase awal masih banyak yang belum rapi dan butuh waktu buat disempurnakan,1,1,0.9538,Buzzer,Buzzer,Benar
4,hiseyyno,igrs indonesian goon rating system,0,0,0.0563,Organik,Organik,Benar
4,reiikooooooo,narasumbernya ngeremehin dampak igrs ini ke komunitas gamers indo sumpah deh liat aja beneran ada badai tidak main ini saya,0,0,0.0054,Organik,Organik,Benar
4,godbusycanihelp,eh tapi ini kan rame rame terkait igrs sebenernya sudah lama juga sih pemerintah gabakal berani ngapa ngapain juga,0,0,0.0016,Organik,Organik,Benar
4,fraviato,lah yang bilang bukan milik komdigi siapa yang dipermasalahkan emang igrs di steam mengapa bisa ngaco sistem ratingnya padahal formulir ngikut sistem rating negara lain yang sudah ada gaada yang mempermasalahkan sistem rating igrs as long as pengaplikasiannya benar lha ini,1,0,0.3001,Buzzer,Organik,Salah
4,keisukeiblue,kata igrs lewat akun ig nya sih itu sebenarnya belum rating pasti alias masi akan di revisi karena di serang di semua platform sih dan malah nyuruh steam yang minta maaf aneh,0,0,0.009,Organik,Organik,Benar
4,Whl_27,please remove the igrs because its suck,0,0,0.001,Organik,Organik,Benar
4,boy_qalam,semakin abang liat igrs semakin abang muak dan marah sendiri yang ada mending buka yang lain bang daripada liat kelakuan pemerintah yang selalu buat elus dada astaghfirullah,0,0,0.0024,Organik,Organik,Benar
4,A11Kiky,you see igrs consists nothing but the dimwitted old fart boomer that knows nothing about technology,0,0,0.0042,Organik,Organik,Benar
4,ianrswld,klarifikasi mereka terakhir instead of melakukan pembenahan malah minta pihak steam untuk klarifikasi kan kocak malah nyalahin steam padahal rating igrs yang amburadul apalah yang bisa diharapkan lagi mereka ngurus game tapi mereka sendiri gatau apa itu tlou,0,0,0.0583,Organik,Organik,Benar
4,ianrswld,igrs ini sebenarnya sudah bagus sebagai labelling biar kalau ada kasus bocil bikin onar dan ada narasi terinspirasi dari game tidak akan asal bisa blokir game karena memang bocilnya yang salah main game tidak sesuai usianya tapi ini masalahnya rating sistemnya aje sudah nguawur,0,0,0.0086,Organik,Organik,Benar
4,myouiminskuy,wkwk kalau saya jdi rockstar suruh blur gta buat sistem igrs mah mending saya skip market indo,0,0,0.0013,Organik,Organik,Benar
4,freshsqueezeorg,saya tidak kebayang kalau rezim ini tumbang karena nyenggol gamers tapi ya good lah damage di awal aja sudah segini berisiknya apa lagi kalau sudah benar benar nerapin censorship yang menurut saya bukan ranahnya igrs,1,0,0.1015,Buzzer,Organik,Salah
4,emulapor,steam parah banget memang gaming steam retrogaming igrs,0,0,0.0089,Organik,Organik,Benar
4,mpandu_nky,sekilas lihat akun sosmed igrs isinya resiko adiksi game pada anak anak susah lepas dari game dan si kecil sibuk sama layar sendiri sepertinya program ini dibuat oleh tim yang membenci game dan memang memiliki bias negatif,1,1,0.5708,Buzzer,Buzzer,Benar
4,mldlyc,igrs ini gnya goblok kah,0,0,0.0166,Organik,Organik,Benar
4,sssssidiq,apalah igrs ini ganggu banget orang mau main biar apeeee,0,0,0.039,Organik,Organik,Benar
4,orang_ngumpet,igrs indonesia gooner rating system,0,0,0.0964,Organik,Organik,Benar
4,grok,komdigi kementerian komunikasi dan digital indonesia baru baru ini klarifikasi soal label rating igrs indonesia game rating system yang muncul di steam ternyata rating itu bukan resmi dari pemerintah melainkan hasil self declare publisher yang belum terverifikasi dan belum,1,0,0.3646,Buzzer,Organik,Salah
4,pathethickidd,igrs tolol anjing,0,0,0.0313,Organik,Organik,Benar
4,Excyde_,kiranya bakal didukung kali ya ngasih rating sembarangan taunya ngerempongin komunitas gamer yang fine aja selama ini tanpa igrs,0,0,0.0077,Organik,Organik,Benar
4,tilehopper,oh kamu tidak bisa ya bantu negara cuci tangan dan gaslighting rakyat you ghoul son of a bitch pasal dalam aturan igrs menyebutkan penerbit boleh secara mandiri melakukan asesmen dan itu yang dilakukan steam makanya koordinasy bikin aturan yang benar dasar penjilat pemerintah,0,0,0.0158,Organik,Organik,Benar
4,Adiety333,sekadar klarifikasi rating igrs di steam sekarang masih banyak yang self declare dan belum final wajar kalau belum rapi ini masih tahap penyesuaian demi perlindungan pemain muda,1,1,0.9988,Buzzer,Buzzer,Benar
4,sbjagal74,untuk menghindari debat soal igrs ngalor ngidul sebaiknya baca dulu siaran pers resminya di sini link,1,0,0.4592,Buzzer,Organik,Salah
4,paijokuro169599,mengapa sih harus ribet nyari kambing hitam steam padahal jelas banget kalau rating itu memang dari komdigi lewat igrs bukannya fokus cari solusi konstruktif mlh sibuk nyebar disinformasi pemerintah sudah kerja keras bikin sistem rating ko mlh dipertanyakan kredibilitasnya,1,0,0.3787,Buzzer,Organik,Salah
4,RaisShawer,it s kinda ironic that the one who rated igrs are from ai,0,0,0.0036,Organik,Organik,Benar
4,AlinGibroez,sedikit meluruskan ya rating igrs yang tampil di steam itu banyak yang masih tahap awal self declare dari developer jadi belum final memang lagi proses penyesuaian wajar kalau masih ada yang belum pas,1,1,0.9912,Buzzer,Buzzer,Benar
4,Shihan047,bapak kalau beneran ngebela igrs harusnya jadi catatan igrs bahwa pasar kita itu lebih besar di pasar mobile dengan game tipe kompetitif dan microtransaction jadi yang harus diatur itu game dengan tipe itu karena tidak mungkin anak kecil main game kalau tidak punya spek mumpuni,0,0,0.0028,Organik,Organik,Benar
4,ErvinBalboa089,that is true but the actual statement from komdigi is the game is incorrect on steam edit igrs is an upcoming or de facto iarc member that rates digital games steam doesn t use iarc ratings so you get a self rating,0,0,0.0556,Organik,Organik,Benar
4,p0litrick,padahal steam jg sudah ngasih rating sendiri dan itu sudah sangat bagus tinggal ngikut doang kan enak tidak usah repot cape kerja x itu si igrs,1,0,0.0963,Buzzer,Organik,Salah
4,melekmedia,game of the year dicap tidak layak edar sementara konten dewasa bebas masuk dengan label ramah anak kesan pertama saat berlakunya sistem rating igrs,0,0,0.0339,Organik,Organik,Benar
4,ikanhane,sudah bubarin aja igrs igrs persona mau saya mainin abis uts padahal,0,0,0.0048,Organik,Organik,Benar
4,black_k00k33,sudah ada ratingnya di steam tidak perlu pakai igrs yang malah bikin kacau tidak usah sok keminter kau buzzer,0,0,0.0812,Organik,Organik,Benar
4,mpandu_nky,melihat dari akun ig igrs kebanyakan isinya adalah tentang penanganan kecanduan game membatasi waktu main game dan jangan biarkan si kecil lihat layar terus sepertinya memang program yang dirancang oleh orang orang yang membenci game dan sudah punya bias negatif,1,1,0.9526,Buzzer,Buzzer,Benar
5,GemaShowIndo,kalau ad source yang mw w bahas feel free tarok d sni ya konteks igrs,0,0,0.0015,Organik,Organik,Benar
5,Claudio_sigit,ada jenis survey mau yang manapun tetep ngaruh ke zi mereka wkwkwk berhubung rating igrs sudah di rollback jadi yaa gaperlu dulu wkwkwk,0,0,0.0014,Organik,Organik,Benar
5,BerhakProtes,jadwal sidang tahanan politik april yang ngamuk karena ada ibu dilindes tentara igrs yang tidak jelas investigasi kasus andrie yunus disensor instagram keracunan mbg dan banyak lagi kelakuan rezim dipersilakan menyalurkan amarah di ruang sidang tahanan politik,0,0,0.0009,Organik,Organik,Benar
5,yousuffer_why,justru itu rating igrs perlu dibikin makin jelas dan rapi ya kalau tau belum jelas dan belum rapi jangan main kasih rating artinya igrs tidak ngerti game isinya apa tapi main kasih rate negara republik buzzer,1,1,0.6501,Buzzer,Buzzer,Benar
5,Emmeliachr59881,tampilan igrs di steam memang masih data awal dan belum final sangat wajar kalau diawal masih butuh penyesuaian kan memang tujuan nya untuk melindungi pemain muda dan menata games,1,1,0.9897,Buzzer,Buzzer,Benar
5,phoquebylife,indonesia keknya masih blom butuh sistem game rating semacam igrs deh rawan korupsi soalnya mending urusin judol ato tidak pemerataan internet ke pelosok,0,0,0.01,Organik,Organik,Benar
5,fareasy96,kan yang salah steam dlm hal tsb kalau mau protes ke igrs soal syarat rating umur sama blokir game berklasifikasi rc jg boleh kok coba liat seisi akunku mana ada buzzer isi tweetnya seperti punyaku ketikanmu malah yang seperti buzzer spam capslock spam kata kasar nama akun gk jelas,0,0,0.0887,Organik,Organik,Benar
5,AlinGibroez,perlu diluruskan yang tampil di steam itu sebagian masih data awal igrs wajar kalau belum sepenuhnya akurat karena masih tahap pengembangan,1,1,0.6966,Buzzer,Buzzer,Benar
5,Deewwiiiii,banyak yang salah paham soal rating igrs di steam dan itu kelihatan dari tampilannya yang belum intuitif,1,1,0.9827,Buzzer,Buzzer,Benar
5,textcbnkuningan,igrs,0,0,0.012,Organik,Organik,Benar
5,pajarsidik_,igrs kknya ke semua ja,0,0,0.0362,Organik,Organik,Benar
5,rdagung_,saya cukup yakin dari jt anak indonesia itu gakan liat igrs ketika ingin beli game sih pak so what s the point blokir game aja gitu maunya,0,0,0.0033,Organik,Organik,Benar
5,pajakocak,besok senin cabut itu igrs kalau tidak mau senin nya kami bikin lebih senin dan hari setelahnya terasa senin selamanya benerin itu judol pinjol spam jangan sok an,0,0,0.0012,Organik,Organik,Benar
5,clarniva,gweh sudah beli ready or not tapi igrs tida redi alias oon kali klen mengapa begindangggg,0,0,0.0011,Organik,Organik,Benar
5,adrianchakab13,soal rating game rame ini jir kemarin saya jauh lebih mempercayai steam atau badan rating luar seperti esrb dan pegi karena rating mereka masuk akal lah igrs eksekusi mereka tanggal april kemaren jelek banget so bad even steam langsung balikin lagi dari igrs ke pegi besok paginya,0,0,0.0101,Organik,Organik,Benar
5,Inara234,buat yang penasaran soal status rating igrs di steam ini penjelasan resmi dari kemkomdigi lebih baik simak dulu informasinya supaya lebih jelas kemkomdigi rating game di steam bukan rating resmi berpotensi langgar ketentuan di indonesia,1,1,0.9501,Buzzer,Buzzer,Benar
5,NganjukSun23590,lagi ramai bahas igrs dan rating game di steam ini ada penjelasan resmi yang bisa jadi rujukan biar lebih paham konteksnya mungkin bisa disimak dulu sebelum menarik kesimpulan,1,1,0.9985,Buzzer,Buzzer,Benar
5,hadehhalah,igrs ngasih statement panjang panjang cuma buat dikatain kontoooool,0,0,0.0009,Organik,Organik,Benar
5,_hendrasusanto,i assume you read this ini ai nya halu again tidak ada sumber steam itu support iarc justru maksud steam adalah kalau kamu sudah dapat iarc via epic games misalnya tidak bisa pake rating itu doang untuk steam tapi harus isi ulang questionnaire steam atau urus sendiri ke igrs,0,0,0.073,Organik,Organik,Benar
5,InfoPublikIP,halo kawanpublik kemkomdigi menegaskan rating igrs yang muncul di steam bukan klasifikasi resmi pemerintah artinya informasi tersebut belum tentu sesuai dengan standar yang berlaku di indonesia infopublik pptunas anak game ratinggame,1,1,0.9749,Buzzer,Buzzer,Benar
5,Delazdukedom,this government bootlicker is playing victim shirk responsibility blaming others than themselves this is their igrs own faulty rating kids games they rate while an adult games they rate explanation green up red teen to adult up,0,0,0.0018,Organik,Organik,Benar
5,ariesu__,sudah dibilangin jangan bikin marah gamers bebal sih mending igrs muhasabah dan klarifikasi deh jangan malah ngerahin buzzer,0,0,0.0035,Organik,Organik,Benar
5,mgyanm,wakakak yaudah ikutin maunya igrs aja waktu iti yuk ntar bundlingan setelah kuloniku rilis,0,0,0.0017,Organik,Organik,Benar
5,Rikaa_key,igrs so shiiiitttyyyy,0,0,0.0155,Organik,Organik,Benar
5,Skalteer,aowkwow igrs di ketawain inter,0,0,0.001,Organik,Organik,Benar
5,PutriRahma32820,perlu dipahami dulu kalau rating igrs yang muncul saat ini sebagian masih data awal dari developer jadi belum final dan memang lagi proses pembenahan supaya ke depannya lebih jelas sekaligus tetap menjaga keamanan pemain muda,1,1,0.9981,Buzzer,Buzzer,Benar
5,rinimaulida008,sedikit meluruskan ya rating igrs yang muncul di steam itu banyak yang masih tahap awal self declare dari developer jadi belum final sepenuhnya wajar kalau sekarang masih ada yang terasa kurang pas karena memang lagi proses penyesuaian,1,1,0.9858,Buzzer,Buzzer,Benar
5,ilikeAK_47,guys kalian kalau mau debat soal igrs ke mana mana sebaiknya baca dulu siaran pers resminya di sini,1,1,0.9598,Buzzer,Buzzer,Benar
5,dh74169970,bantu luruskan ya rating igrs di steam itu kebanyakan masih data awal atau self declare yang belum final jadi wajar kalau masih ada penyesuaian di fase awal ini demi niat baik menata ekosistem game dan melindungi pemain muda kita,1,1,0.9971,Buzzer,Buzzer,Benar
5,zakisemma,igrs ngasih rating ke game ngawur saatnya gamer indonesia melakukan revolusi,0,0,0.3095,Organik,Organik,Benar
5,syizuril,sebenarnya dibilang redudan juga enggak karena ada beberapa perbedaan moral disini sama di cero klau dari perencanaannya sih publisher bisa memanfaatkan iarc untuk skali dirating akan didistribusikan otomatis ke semua lembaga rating termasuk igrs tinggal implementasi nya gmna,0,0,0.0008,Organik,Organik,Benar
5,Kyloren86166601,igrs kontol,0,0,0.0054,Organik,Organik,Benar
5,OrbitSyndrome,coba liat deh website nya igrs ini website aja beselemak gini kok berani berani nya bilang steam yang minta maaf,0,0,0.002,Organik,Organik,Benar
5,DazzZulia,info yang beredar rating igrs di steam sekarang sebagian masih tahap awal self declare dan belum final harapannya nanti setelah dikurasi bisa lebih akurat sesuai kelompok usia pemain,1,1,0.9835,Buzzer,Buzzer,Benar
5,Sanskertar,emang lagi sensitif kamu bang sama topic ini wkwkwk everyone can express themselves in internet mereka care sama masalah igrs cuma ya kita tidak bisa maksain orang untuk benar benar serius this is the internet a place to escape reality kita bisa kok mengkritik dengan cara kita,0,0,0.0029,Organik,Organik,Benar
5,Raza420691,tai kontol igrs kesel nian saya,0,0,0.0038,Organik,Organik,Benar
5,xathrya,igrs ini easy win buat govt keliatan doing something yang looks morally correct tp gol yang dirugikan cuma ter tanpa keterwakilan politik pc cons gamer yekan daripada ngutak atik judol perlu political will gede,0,0,0.0009,Organik,Organik,Benar
5,andybalala19,aku mau menjelaskan sistem igrs yang ada di steam sekarang itu datanya bersifat awal atau prototipe tujuannya dibuat seperti ini adalah melindungi pemain muda dari filter permainan yang tidak benar yang belum sesuai dengan usia mereka,1,1,0.9854,Buzzer,Buzzer,Benar
5,Deewwiiiii,wajar kalau publik bingung dengan sistem rating igrs di steam sekarang,1,1,0.9166,Buzzer,Buzzer,Benar
5,kopikasir,igrs is such a fucking joke,0,0,0.0397,Organik,Organik,Benar
5,0xfrsmln,ini igrs emg tidak ada tahap beta nya gitu ya langsung hajar production sengawurnya,0,0,0.0038,Organik,Organik,Benar
5,Turu748392,lah emangnya abahmu menang tidak ada igrs igrs sudah ada sebelum pemilu atau kocak xd,0,0,0.0019,Organik,Organik,Benar
5,Giskaelvina,untuk yang mengikuti isu igrs rating game di steam sudah ada penjelasan resmi yang bisa jadi acuan silakan cek dulu sebelum menarik kesimpulan,1,1,0.9745,Buzzer,Buzzer,Benar
5,kevinabscratch,game novel kata igrs,0,0,0.0009,Organik,Organik,Benar
5,_sennav,ada kekerasan well played igrs,0,0,0.0011,Organik,Organik,Benar
5,bantalkusam_id,banyak yang bahas rating game di steam dan igrs wajar kalau muncul pertanyaan di kalangan gamer dan developer saat ini rating di steam untuk indonesia bukan resmi pemerintah rating resmi pakai igrs sesuai aturan yang berlaku di indonesia penjelasan,1,1,0.9779,Buzzer,Buzzer,Benar
5,Ranti130920,teman teman yang ngikutin rame igrs rating game di steam penjelasan resminya ada di sini boleh jadi bahan baca dulu linknya yang sudah saya sematkan diatas ya,1,1,0.9759,Buzzer,Buzzer,Benar
5,KomariahKo26005,sebelum debat soal igrs ke mana mana baca dulu siaran pers resminya di sini,1,1,0.8913,Buzzer,Buzzer,Benar
5,rizkionalisme,halah kek igrs aja hrs nyewa buzzer pake istilah melindungi anak lagi tai kucing anak dari dlu fun aja gaming tnpa rating kamu aja sekarang yang pengen uangnya dari bisnis yang sudah makin besar,0,0,0.0787,Organik,Organik,Benar
5,andybalala19,aku mau sedikit klarifikasi rating igrs yang kelihatan di steam itu banyak yang masih data awal self declare belum final sekarang belum ada yang betul betul pas di sistem rating game di indonesia sekarang igrs dibuat untuk mewadahi semua game yang beredar di indonesia sekarang,1,1,0.995,Buzzer,Buzzer,Benar
5,tauvik1212,igrs memang dibuat untuk lindungi anak muda lewat rating umur resmi tampilan di steam masih proses penyesuaian nanti pasti makin rapi dan jelas,1,0,0.1674,Buzzer,Organik,Salah
5,no_octis,malu banget igrs masuk sini tolol,0,0,0.4472,Organik,Organik,Benar
5,PaulERS89,yakin steam yang ksh rating palsu ini ngomong stam stim tp jgn tidak pernah menggunakan steam tolong lah kalau mau regulasi suatu hal mbok ya dimengerti dulu lama igrs tidak relevan dan cuman buat habis in anggaran aja,0,0,0.075,Organik,Organik,Benar
5,MengolianBeef,shut down igrs,0,0,0.0014,Organik,Organik,Benar
5,masgah_,kalau kalian pengin lihat sisi resminya ada siaran pers yang jelasin posisi pemerintah soal rating di steam igrs saran saya baca dulu habis itu silakan kritis tapi dengan info yang lebih lengkap biar suaranya nyampe dan susah diabaikan,0,0,0.0034,Organik,Organik,Benar
5,Neoleone3,sudah semuak ini perkara igrs what they think bout igrs,0,0,0.0073,Organik,Organik,Benar
5,TouriHaganashi,dari dulu steam sudah punya label klasifikasi rating game juga mengapa perlu ada igrs kalau begitu,0,0,0.0249,Organik,Organik,Benar
5,JackieNoboru,igrs dibayar epic berapa sih buat ngejegal steam di indon si tolol emang bujer,0,0,0.0013,Organik,Organik,Benar
5,MRidhonew16179,sedikit meluruskan ya rating igrs yang sekarang muncul di steam banyak yang masih berbasis data awal dari self declare jadi belum bisa dianggap final di tahap awal seperti ini wajar kalau masih ada yang perlu dirapikan sambil menyesuaikan sistem dan masukan dari pengguna,1,1,0.9982,Buzzer,Buzzer,Benar
5,neitee,when igrs fully operated,0,0,0.0014,Organik,Organik,Benar
5,danrrrrrrr,fakyu komdigi fakyu igrs,0,0,0.0768,Organik,Organik,Benar
5,dvrtlngi,sekadar info rating igrs di steam saat ini banyak yang masih tahap awal self declare jadi belum final dan memang tujuannya buat perlindungan pemain muda serta penataan ekosistem jadi wajar kalau masih butuh penyesuaian,1,1,0.9968,Buzzer,Buzzer,Benar
5,Trixtar__,kalau mau transparan ya dari sisi dalam hal ini share sosialisasikan dong tentang detail penilaian klasifikasi game menurut igrs secara rinci supaya developer juga bisa menyesuaikan game mereka buat user indo jangan rakyat terus yang ditelanjangi,0,0,0.0024,Organik,Organik,Benar
5,salengkarden,abis liat di fesnuk igrs indonesia gooner rating system anjengggg,0,0,0.2151,Organik,Organik,Benar
5,ibnukazuyal,plus malu woi sudah masuk ke telinga seorang pengamat internasional kontroversi igrs sudah diunggah oleh director of research insights di niko partners daniel ahmad dia pendapatnya lebih berpengaruh di dunia game ketimbang kamu pak,0,0,0.0264,Organik,Organik,Benar
5,ckfoakas,the pc steam version of the blue archive game cannot be played by players in indonesia due to igrs game rating regulations such as the rc refused classification rating,0,0,0.0028,Organik,Organik,Benar
5,ratihzatil1993,keresahannya valid tapi justru karena ini ngaruh ke publik sistem seperti igrs perlu terus dibenahi dengan penjelasan yang lebih terbuka dan teknis yang lebih rapi,1,0,0.0132,Buzzer,Organik,Salah
5,carapaklek,wajar jika banyak yang mempertanyakan rating igrs yang muncul di steam sekarang karena informasinya masih simpang siur sebagai langkah perbaikan berkelanjutan transparansi mengenai indikator penilaian sangat diperlukan agar masa transisi ini bisa dipahami dengan baik oleh gamer,1,1,0.9844,Buzzer,Buzzer,Benar
5,fathanmsatria,jadi rating igrs itu diambil dari rating user review apa bagaimana sih kok tiba tiba bahas user review,0,0,0.0011,Organik,Organik,Benar
5,noone_n_nobody_,gt kalau tidak ada berarti rating nya dari sistem steam steam se goblok apa sih ngasih rating igrs nukitashi padahal di rating steam nya sendiri sudah benar buat adult,0,1,0.9606,Organik,Buzzer,Salah
5,noviarguna72100,tmpilan rating igrs di steam sekarang memang membingungkan bagi banyak orang namun menekankan bahwa sistemnya sedang dalam masa penyesuaian dan perlu waktu,1,1,0.998,Buzzer,Buzzer,Benar
5,bayiajaib,si tolol ngegeser gawang sekarang ya jelas tidak ada lah orang igrs uda dicabut dari steam ngeles kamu itu tidak berguna tolol,0,0,0.0192,Organik,Organik,Benar
5,Emmeliachr59881,kita harus baca dulu siaran pers resmi nya sebelum debat soal igrs kemana buat yang malas nyari ini link nya saya lampirkan,1,0,0.4913,Buzzer,Organik,Salah
5,CNNIndonesia,komdigi bertemu steam bahas rating game igrs akui ada kejanggalan,0,1,0.9281,Organik,Buzzer,Salah
5,YusrilEka411,steam telah melakukan rating palsu dari dulu steam ngasih keterangan game dengan jelas lebih percaya steam lah daripada igrs ngawur,1,0,0.0026,Buzzer,Organik,Salah
5,mirasupermii,wanjir buzzer igrs banyak ini budget buat buzzernya wowkwok,0,0,0.0012,Organik,Organik,Benar
5,AdhietyaTh33187,daripada debat panjang soal igrs tanpa arah yuk luangkan waktu sebentar untuk baca siaran pers resminya dulu supaya obrolan kita lebih jelas dan berisi,1,1,0.691,Buzzer,Buzzer,Benar
5,AlxndrieJeremia,muak sama berita igrs kaga ada gitu berita yang lebih bagus lagi kekk ppn pas beli game berkurang gitu elah gini amat wni negara gonjang ganjing game saya pun disenggol mending senggol judol sana kocak jangan senggol dunia game saya dong,0,0,0.0022,Organik,Organik,Benar
5,azosarchive,lebron going solo in the playoffs gaming community indo kena igrs gajelas ah sudahlah sudahlah,0,0,0.0017,Organik,Organik,Benar
5,bebeksnorkling,game bokep steam ini kasih tag ada sexual contentnya ya biar orang kalau beli tau mereka beli apa igrs wah game ini cocok untuk balita,0,0,0.0043,Organik,Organik,Benar
5,myshawti,sebagai seseorang yang pernah dikirim surat cinta x dari komdickgi tidak mungkin steam yang sudah punya jam terbang tinggi meminta maaf terkait rating game igrs soalnya komdickgi isinya boomers kudet bisa kegocek meme timpa teks dan bahkan berita asli juga dapat surat cinta dari,0,0,0.0041,Organik,Organik,Benar
5,KumekaGenzo77,ya harusnya igrs jga menyesuaikan dengan lembaga rating game yang sudah ada di steam steam aja sudah ngasih kategori tertentu,0,0,0.194,Organik,Organik,Benar
5,ikaikuikok,agar mendapatkan gambaran yang lebih utuh mengenai regulasi igrs dan kebijakan rating game di steam silakan simak poin poin dalam siaran pers resmi kemkomdigi berikut ini sebagai referensi sebelum berdiskusi lebih lanjut,1,1,0.9653,Buzzer,Buzzer,Benar
5,rezatri07,mungkin ini memang sesuai uu buat tambahan negara kalau game tidak punya igrs tidak bisa beredar di indonesia dan bikin igrs dipungut biaya ntahlah kalau film lembaga sensor itu bayar atau tidak dan pegi ini apakah bayar coba para developer bisa kasih insight ttg rating lbh dlm,0,0,0.0235,Organik,Organik,Benar
5,__byyyyyy,ini emang kontol apa ya igrs memek,0,0,0.0309,Organik,Organik,Benar
5,AneshMadyantara,entar deh marah marah igrs nya mo nyobain breath of fire iv dulu hari ini d wib gmt,0,0,0.0016,Organik,Organik,Benar
5,rahayu49384,santai dulu guys banyak rating igrs di steam masih data awal self declare jadi belum final fokus ke niat baiknya melindungi pemain muda dan ekosistem game wajar ada penyesuaian di fase awal kita sama sama belajar,1,1,0.9973,Buzzer,Buzzer,Benar
5,mniirtjak,agar diskursus mengenai klasifikasi game lebih berimbang silakan simak siaran pers resmi terkait igrs dan kebijakan rating di steam melalui tautan ini yuk baca dulu detailnya igrs steamrating industrigim akusukadihumilateceweyanglebihtua,1,1,0.9467,Buzzer,Buzzer,Benar
5,mediaindonesia,regulasi ini mewajibkan seluruh penerbit game publisher untuk mengklasifikasikan produk mereka lantas apa saja game yang tidak lolos igrs atau berisiko dilarang beredar di indonesia,0,0,0.0077,Organik,Organik,Benar
5,setsundere,memang tugas steam yang harus implementasi rating dan aturan dari igrs tapi ngeliat dari sini kayaknya igrs maksa rating ini buat cepet rilis sebelum semuanya siap mereka masih tidak bahas soal refused classification buat ngeblokir game pake pasal karet,1,1,0.539,Buzzer,Buzzer,Benar
5,rahayu49384,buat yang lagi ramai bahas igrs dan rating game di steam mungkin perlu cek dulu penjelasan resminya biar lebih paham konteksnya ada info penting tentang proses dan tujuannya,1,1,0.9985,Buzzer,Buzzer,Benar
5,nipoonie,gray parts is not new in igrs we always have this gray parts in every life aspects as indonesian,0,0,0.0021,Organik,Organik,Benar
5,geicilikechips,app segede steam punya kredibilitas yang tinggi bukan seperti igrs sembarangan banget ini orang,0,0,0.0019,Organik,Organik,Benar
5,ogyw1n,panduan igrs,0,0,0.0023,Organik,Organik,Benar
5,MRidhonew16179,jujur tampilan rating igrs di steam saat ini memang masih cukup membingungkan buat banyak orang tapi kalau memang masih masa penyesuaian mungkin yang paling penting sekarang adalah update penjelasan yang rutin dan transparansi soal kriterianya,1,1,0.9872,Buzzer,Buzzer,Benar
5,DaniSplatKing,intinya tetep balik lagi meskipun igrs sudah ada semuanya itu tergantung dari orang tua yang harus tanggung jawab sama mendidik anaknya soal konten mana yang pantes sesuai umur sama tidak kalau lsf bisa harusnya igrs jg bisa tapi karena igrs ini baru jadi butuh proses,0,0,0.0425,Organik,Organik,Benar
