conversation_id_str,created_at,favorite_count,full_text,id_str,image_url,in_reply_to_screen_name,lang,location,quote_count,reply_count,retweet_count,tweet_url,user_id_str,username,word_count_lang_source,detected_lang,language_filter_reason,is_language_noise
2040941612600352834,2026-04-05 23:56:13+00:00,14,"IGRS:
Icardi, Gagliardini, Radja, &amp; Stefan. https://t.co/bwMuL4Z6Jf",2040941612600352834,https://pbs.twimg.com/media/HFLhkpibEAAOVIZ.jpg,,sl,,0,1,1,https://x.com/InteristaLK/status/2040941612600352834,1141531513634164736,InteristaLK,10,it,foreign_name_noise,True
2040932763671617679,2026-04-05 23:21:04+00:00,0,IGRS kontol,2040932763671617679,,,sl,,0,0,0,https://x.com/aguto_kun/status/2040932763671617679,560184086,aguto_kun,2,fi,too_short_leq_2_words,True
2040932427347136859,2026-04-05 23:19:44+00:00,0,IGRS kontol,2040932427347136859,,,sl,,0,0,0,https://x.com/BismillahSugih/status/2040932427347136859,769263608,BismillahSugih,2,fi,too_short_leq_2_words,True
2040931964161818862,2026-04-05 23:17:53+00:00,0,igrs nguaworr,2040931964161818862,,,in,,0,0,0,https://x.com/ivanprsty/status/2040931964161818862,1082198419,ivanprsty,2,tl,too_short_leq_2_words,True
2040924608363364703,2026-04-05 22:48:39+00:00,0,IGRS jumpboat,2040924608363364703,,,en,,0,0,0,https://x.com/Qilogram2420/status/2040924608363364703,1751137428365312000,Qilogram2420,2,lv,too_short_leq_2_words,True
2040910209686942104,2026-04-05 21:51:26+00:00,0,IGRS kontol,2040910209686942104,,,sl,,0,0,0,https://x.com/forsakencodm1/status/2040910209686942104,1838052466715447296,forsakencodm1,2,fi,too_short_leq_2_words,True
2040887230076784766,2026-04-05 20:20:08+00:00,0,IGRS TOLOL,2040887230076784766,,,sl,,0,0,0,https://x.com/kambingfirman/status/2040887230076784766,1120989625596596224,kambingfirman,2,en,too_short_leq_2_words,True
2040875397320171703,2026-04-05 19:33:07+00:00,0,IGRS kontol,2040875397320171703,,,sl,,0,0,0,https://x.com/hareeeessss/status/2040875397320171703,934197342743363584,hareeeessss,2,fi,too_short_leq_2_words,True
2040873160204337473,2026-04-05 19:24:13+00:00,7,"गजब igrs है,
जो @UPGovt की चल रही है,
विगत १० वर्ष5 से..
२०१६ से २०२६ तक ऐसा कोई लेखपाल या sdm  न आया जो दूध का दूध पानी का पानी कर सके,
@myogiadityanath  आभार आपका जो न्याय आपकी सरकार से प्राप्त हो रहा है। 🙏🏻
@DMKanpur https://t.co/s09Gqtw5RI",2040873160204337473,https://pbs.twimg.com/media/HFKi6gsacAAxf2N.jpg,,hi,,1,2,7,https://x.com/PSinghjadoun/status/2040873160204337473,714881671275745280,PSinghjadoun,66,hi,foreign_lang_metadata_hi,True
2040868311907574151,2026-04-05 19:04:57+00:00,1,IGRS kontol,2040868311907574151,,,sl,,0,0,0,https://x.com/rizkysbrnsyh/status/2040868311907574151,1083054525336829952,rizkysbrnsyh,2,fi,too_short_leq_2_words,True
2040867531213476008,2026-04-05 19:01:51+00:00,0,IGRS KONTOL,2040867531213476008,,,sl,,0,0,0,https://x.com/curiousfangs_/status/2040867531213476008,1526265008895586304,curiousfangs_,2,id,too_short_leq_2_words,True
2040859575214342208,2026-04-05 18:30:14+00:00,0,igrs tolol,2040859575214342208,,,sl,,0,0,0,https://x.com/akmlmar/status/2040859575214342208,2037194620690710528,akmlmar,2,en,too_short_leq_2_words,True
1747603121126420824,2026-04-05 17:18:31+00:00,0,@gibran_tweet IGRS,2040841528118219063,,gibran_tweet,sl,,0,0,0,https://x.com/binalbinulbanal/status/2040841528118219063,4249868840,binalbinulbanal,2,nl,too_short_leq_2_words,True
2040582308789694688,2026-04-05 17:01:34+00:00,0,"@junwatu Yup Pelan-pelan ya, ini masih tahap awal, rating IGRS di Steam banyak yang self-declare, nanti juga dibenahi, niatnya kan baik untuk lindungi pemain muda 
""مَنْ صَبَرَ ظَفِرَ وَمَنْ سَارَ عَلَى الدَّرْبِ وَصَلَ""",2040837259646451946,,junwatu,ro,,0,0,0,https://x.com/SabethAnge12086/status/2040837259646451946,1937541734394949632,SabethAnge12086,49,id,foreign_script,True
2040307682222153928,2026-04-05 16:55:06+00:00,1,"@UPPCLLKO @CMOfficeUP @EMofficeUP @aksharmaBharat @mduppcl कुछ नहीं होता सर, मैंने आपके एसडीओ, जेई, सीनियर क्लर्क, सभी को शिकायत दी है, वे कहते हैं कि मेरे पास बिल में सुधार करने का समय नहीं है।IGRS दाखिल करने के बाद भी लोग अपनी रिपोर्ट विशेष क्लोजर में दाखिल करते हैं।",2040835632503885916,,UPPCLLKO,hi,,0,0,0,https://x.com/DHOOP9415/status/2040835632503885916,2013365003647361025,DHOOP9415,78,hi,foreign_lang_metadata_hi,True
2040835600316809634,2026-04-05 16:54:58+00:00,0,IGRS Kontol,2040835600316809634,,,sl,,0,0,0,https://x.com/bimagoezman/status/2040835600316809634,331470618,bimagoezman,2,fi,too_short_leq_2_words,True
2040833123852931561,2026-04-05 16:45:08+00:00,0,"Bruh whom behind of these IGRS (Indonesia Game Rating System) Ratings to these Melty Blood games, dafuq?

#MBTL #Melty #MBAACC
#メルブラ #月姫 #MeltyBlood
#Tsukihime #FGC https://t.co/p5rBzjReIS",2040833123852931561,https://pbs.twimg.com/media/HFJ-6UgawAAcE7H.jpg,,en,,0,0,0,https://x.com/Inssomniax/status/2040833123852931561,955784289639002112,Inssomniax,29,en,foreign_script,True
2040828009712910493,2026-04-05 16:24:48+00:00,0,IGRS kontol,2040828009712910493,,,sl,,0,0,0,https://x.com/fahrizi47/status/2040828009712910493,1980569683276492800,fahrizi47,2,fi,too_short_leq_2_words,True
2040824871408812151,2026-04-05 16:12:20+00:00,0,"@UPPCL @CMOfficeUP @UPGovt

ग्राम बरदहा, पाल चौराहा, राजभर बस्ती (भदोही) में पिछले कई सालो से बिजली के खम्भे और केबल नहीं लगाए गए हैं। 10–12 परिवार अस्थायी रूप से सड़क से 300 मीटर तक केबल खींचकर बिजली ले रहे हैं, जिससे दुर्घटना का खतरा बना हुआ है।
#IGRS #UPElectricity #Bhadohi https://t.co/5r4gR6jBMY",2040824871408812151,https://pbs.twimg.com/media/HFJ3TL1b0AAzoZJ.jpg,UPPCL,hi,,0,0,0,https://x.com/_pradeep_sir/status/2040824871408812151,799516077663330304,_pradeep_sir,83,hi,foreign_lang_metadata_hi,True
2040824154862026924,2026-04-05 16:09:29+00:00,0,IGRS kontol,2040824154862026924,,,sl,,0,0,0,https://x.com/lunerora/status/2040824154862026924,1734776858112102400,lunerora,2,fi,too_short_leq_2_words,True
2040816040784056336,2026-04-05 15:37:15+00:00,0,IGRS kontol,2040816040784056336,,,sl,,0,0,0,https://x.com/zulfikar_k360ib/status/2040816040784056336,1311843980636643328,zulfikar_k360ib,2,fi,too_short_leq_2_words,True
2040815796730179771,2026-04-05 15:36:17+00:00,0,IGRS anjing,2040815796730179771,,,sl,,0,0,0,https://x.com/AlghifariGempar/status/2040815796730179771,1811057167715459072,AlghifariGempar,2,hr,too_short_leq_2_words,True
2040814587080273942,2026-04-05 15:31:28+00:00,0,@CMOfficeUP प्रयागराज वार्ड 59से  मैने अपने एरिया की रोड के लिए igrs किया जो मुझसे बिना मिले बिना फोन किए अपने ही आप अधिकारियों ने निस्तारण कर लिया न रोड बनाई न ही फोन किया यहां बहुत दिक्कतहै सर आप ही बताए हम लोगों को बहुत दिक्कतें होती है सर प्लीज मदद करें आखिरी उम्मीद आप है https://t.co/6RyN3EzpE9,2040814587080273942,https://pbs.twimg.com/media/HFJuDTgaEAA9v9d.jpg,CMOfficeUP,hi,,0,0,0,https://x.com/YavendraSingh11/status/2040814587080273942,1165943845399302144,YavendraSingh11,102,hi,foreign_lang_metadata_hi,True
2040813591226700068,2026-04-05 15:27:31+00:00,0,Igrs tolol,2040813591226700068,,,sl,,0,0,0,https://x.com/FauziRasyidin/status/2040813591226700068,875633654,FauziRasyidin,2,en,too_short_leq_2_words,True
2040813440542109836,2026-04-05 15:26:55+00:00,0,IGRS kontol,2040813440542109836,,,sl,,0,0,0,https://x.com/ArielAlthav/status/2040813440542109836,818068624179007489,ArielAlthav,2,fi,too_short_leq_2_words,True
2040811736429928756,2026-04-05 15:20:09+00:00,0,igrs guoblok,2040811736429928756,,,lt,,0,0,0,https://x.com/3pmatevening/status/2040811736429928756,1711525872870842368,3pmatevening,2,lt,too_short_leq_2_words,True
2040803800676766165,2026-04-05 14:48:37+00:00,0,IGRS Kontol,2040803800676766165,,,sl,,0,0,0,https://x.com/CedricJuna/status/2040803800676766165,493063623,CedricJuna,2,fi,too_short_leq_2_words,True
2040802930140532832,2026-04-05 14:45:09+00:00,0,IGRS kontol,2040802930140532832,,,sl,,0,0,0,https://x.com/phantomcubicle/status/2040802930140532832,1861343752360775680,phantomcubicle,2,fi,too_short_leq_2_words,True
2040802649185120373,2026-04-05 14:44:02+00:00,1,IGRS :,2040802649185120373,,,sl,,0,0,0,https://x.com/deussamurai/status/2040802649185120373,1767751971786960896,deussamurai,1,en,too_short_leq_2_words,True
2040770637183217794,2026-04-05 14:37:03+00:00,1,@NoidaUpdatesX Best way ghar baithe jitne log tweet kar rahe hai utne sabhi log apni taraf se  IGRS tab tak dalo jab tak govt haa ya na kah de,2040800890731614281,,NoidaUpdatesX,hi,,0,1,0,https://x.com/lucky9451/status/2040800890731614281,478441002,lucky9451,29,id,foreign_lang_metadata_hi,True
2040798877130141814,2026-04-05 14:29:03+00:00,0,IGRS KONTOL,2040798877130141814,,,sl,,0,0,0,https://x.com/yuu_nekobat/status/2040798877130141814,1532651559548768258,yuu_nekobat,2,id,too_short_leq_2_words,True
2040798494370435519,2026-04-05 14:27:31+00:00,0,IGRS kontol,2040798494370435519,,,sl,,0,0,0,https://x.com/y9x1c2b3/status/2040798494370435519,54774043,y9x1c2b3,2,fi,too_short_leq_2_words,True
2040794943946711298,2026-04-05 14:13:25+00:00,1,IGRS KONTOL,2040794943946711298,,,sl,,0,0,0,https://x.com/n4pp3rzzz/status/2040794943946711298,1640289866809491456,n4pp3rzzz,2,id,too_short_leq_2_words,True
2040793361771360370,2026-04-05 14:07:08+00:00,0,"@dmayodhya @UPGovt @CMOfficeUP
Sriman, Gram Panchayat Magrejanagar (Rudauli) mein interlocking road poori tarah toot chuki hai (Photo dekhein). IGRS No. 40017726016082 par adhikari ne jhoothi report lagayi hai ki raasta sahi hai'. Portal par feedback bhi block kar diya gaya hai https://t.co/kAufhyMoTh",2040793361771360370,https://pbs.twimg.com/media/HFJavzQbwAArygS.jpg,dmayodhya,hi,,0,0,0,https://x.com/fire_free75082/status/2040793361771360370,2014927980569755653,fire_free75082,45,id,foreign_lang_metadata_hi,True
2040793255886119220,2026-04-05 14:06:42+00:00,0,FUCK IGRS,2040793255886119220,,,et,,0,0,0,https://x.com/arnoediad/status/2040793255886119220,1296569292318638080,arnoediad,2,en,too_short_leq_2_words,True
2040791987872514341,2026-04-05 14:01:40+00:00,0,"श्री मान up पुलिस कृपा करें मेरी चार्ज शीट या फ़ाइल कोर्ट में नहीं पहुंची है  IGRS, और high कोर्ट के आदेश बाद भी सुनवाई नहीं हो रहीं है कृपा करके फ़ाइल कोर्ट में दाखिल करवा दिया जाए धन्यवाद @Uppolice @DCPGNagarPRJ @myogioffice @myogiadityanath @DM_PRAYAGRAJ @dgpup https://t.co/hANbcNorrT",2040791987872514341,https://pbs.twimg.com/media/HFJZe6-bMAEsX_f.jpg,,hi,,0,0,0,https://x.com/KanhaiyaYa51547/status/2040791987872514341,1692135569458143232,KanhaiyaYa51547,78,hi,foreign_lang_metadata_hi,True
2040791791440662571,2026-04-05 14:00:53+00:00,1,IGRS KONTOL,2040791791440662571,,,sl,,0,1,0,https://x.com/cegilnyaxiangli/status/2040791791440662571,1775585590089744385,cegilnyaxiangli,2,id,too_short_leq_2_words,True
2040789524507447308,2026-04-05 13:51:53+00:00,0,IGRS Kontol,2040789524507447308,,,sl,,0,0,0,https://x.com/akfrshvn/status/2040789524507447308,1165610693321584640,akfrshvn,2,fi,too_short_leq_2_words,True
2040788758531063920,2026-04-05 13:48:50+00:00,0,IGRS SIALAN,2040788758531063920,,,in,,0,0,0,https://x.com/KuNekobalt/status/2040788758531063920,1302205592337965056,KuNekobalt,2,de,too_short_leq_2_words,True
2040779860147368358,2026-04-05 13:13:29+00:00,0,IGRS dongo,2040779860147368358,,,es,,0,0,0,https://x.com/djarinjedi/status/2040779860147368358,495595381,djarinjedi,2,tl,too_short_leq_2_words,True
2040777663477125327,2026-04-05 13:04:45+00:00,0,"बाराबंकी के हैदरगढ़ में स्मार्ट मीटर घोटाला!
SDO को आवेदन, पुराने मीटर का प्रमाण, IGRS व 1912 शिकायत के बाद भी बिल सही नहीं आम उपभोक्ता परेशान, विभाग चुप
क्या ऐसे ही होगा डिजिटल सिस्टम का सच?
@UPPCLLKO @UPGovt @dmbaraBanki
#SmartMeterScam #BijliBill #UPPCL #Barabanki #Haidergarh https://t.co/SrQ0SSZCDv",2040777663477125327,https://pbs.twimg.com/media/HFJMcejaUAEj78Z.jpg,,hi,,0,1,0,https://x.com/AnuragM20249428/status/2040777663477125327,1581690074747441152,AnuragM20249428,82,hi,foreign_lang_metadata_hi,True
2040773375157756134,2026-04-05 12:47:44+00:00,0,"की धमकी - तत्काल कार्यवाही की मांग।
महोदय, प्रार्थी अलाउद्दीन से दाखिल-खारिज के बदले रिश्वत मांगी जा रही है। शिकायत करने पर लेखपाल जान से मारने की धमकी दे रहा है। प्रार्थी के पास ऑडियो साक्ष्य मौजूद है। कृपया संज्ञान लें।
शिकायत संख्या: IGRS 40014326014304
स्थान: पिलखना, अलीगढ़",2040773382808215934,,YaseenA22005575,hi,,0,0,0,https://x.com/YaseenA22005575/status/2040773382808215934,1534912263517523968,YaseenA22005575,96,hi,foreign_lang_metadata_hi,True
2040767645990137895,2026-04-05 12:24:57+00:00,0,IGRS kontol,2040767645990137895,,,sl,,0,0,0,https://x.com/Ihsanmp/status/2040767645990137895,106362783,Ihsanmp,2,fi,too_short_leq_2_words,True
2040767304552853530,2026-04-05 12:23:35+00:00,0,IGRS KONTOL,2040767304552853530,,,sl,,0,0,0,https://x.com/0p_py/status/2040767304552853530,1487885105888915456,0p_py,2,id,too_short_leq_2_words,True
2041415854383133089,2026-04-07 23:49:18+00:00,0,"@ACOUPPolice @Uppolice ऐंनपुर सरैया वीरान धनपत गंज के जो लेखपाल है उनके पास जादुई कलम है। शिकायत करने के,1 दिन पहले एडवांस में रिपोर्ट दे देते है। IGRS ki jिसके साक्ष्य मौजूद है।",2041664645782761606,,ACOUPPolice,hi,,0,0,0,https://x.com/Dharmen2008/status/2041664645782761606,541469440,Dharmen2008,59,hi,foreign_lang_metadata_hi,True
2041459753201590319,2026-04-07 21:11:29+00:00,2,@RampurDm श्रीमान IGRS की #फर्जी_रिपोर्ट लगाने वाले #कर्मचारियों  पर भी कार्रवाई  होनी चाहिए @myogioffice जी आदेश पर भी प्रशासन को गुमराह कर #फर्जीदस्तावेज तैयार करने वाले #हिदायत_नबी पर @MyGov_UP @UPGovt @dgpup @Uppolice  FIR  करने से क्यों बच रहे हैं #योगीजी आदेशो का घोर उलंघन है https://t.co/s5PY5i1F05,2041624929750380901,https://pbs.twimg.com/media/HFVO82YbQAAmbVA.jpg,RampurDm,hi,,0,0,2,https://x.com/NabiTurki/status/2041624929750380901,1573292934224842752,NabiTurki,89,hi,foreign_lang_metadata_hi,True
2041397931870478709,2026-04-07 21:05:45+00:00,0,@RampurDm श्रीमान IGRS की #फर्जी_रिपोर्ट लगाने वाले #कर्मचारियों  पर भी कार्रवाई  होनी चाहिए @myogioffice जी आदेश पर भी प्रशासन को गुमराह कर #फर्जीदस्तावेज तैयार करने वाले #हिदायत_नबी पर @MyGov_UP @UPGovt @dgpup @Uppolice  FIR  करने से क्यों बच रहे हैं #योगीजी आदेशो का घोर उलंघन है,2041623487387988465,,RampurDm,hi,,0,0,0,https://x.com/NabiTurki/status/2041623487387988465,1573292934224842752,NabiTurki,85,hi,foreign_lang_metadata_hi,True
2041623311197892789,2026-04-07 21:05:03+00:00,0,श्रीमान IGRS की #फर्जी_रिपोर्ट लगाने वाले #कर्मचारियों  पर भी कार्रवाई  होनी चाहिए @myogioffice जी आदेश पर भी प्रशासन को गुमराह कर #फर्जीदस्तावेज तैयार करने वाले #हिदायत_नबी पर @MyGov_UP @UPGovt @dgpup @Uppolice  FIR  करने से क्यों बच रहे हैं #योगीजी आदेशो का घोर उलंघन है,2041623311197892789,,,hi,,0,0,0,https://x.com/NabiTurki/status/2041623311197892789,1573292934224842752,NabiTurki,84,hi,foreign_lang_metadata_hi,True
2041492716010487997,2026-04-07 21:03:13+00:00,1,@RampurDm श्रीमान IGRS की #फर्जी_रिपोर्ट लगाने वाले #कर्मचारियों  पर भी कार्रवाई  होनी चाहिए @myogioffice जी आदेश पर भी प्रशासन को गुमराह कर #फर्जीदस्तावेज तैयार करने वाले #हिदायत_नबी पर @MyGov_UP @UPGovt @dgpup @Uppolice  FIR  करने से क्यों बच रहे हैं #योगीजी आदेशो का घोर उलंघन है https://t.co/2v6RLjDQg0,2041622848956199136,https://pbs.twimg.com/media/HFVNIuka8AM6hYq.jpg,RampurDm,hi,,0,0,1,https://x.com/NabiTurki/status/2041622848956199136,1573292934224842752,NabiTurki,89,hi,foreign_lang_metadata_hi,True
2041459753201590319,2026-04-07 20:34:25+00:00,3,@RampurDm @CMOfficeUP @MyGov_UP @UPGovt @ChiefSecyUP @RampurDm  महोदय आपके #तहसील_स्वार में IGRS की अधिकारी #फर्जी_रिपोर्ट लगा रहे हैं इन पर भी #कार्रवाई कर दीजिए कोर्ट चले जाओ यह कह देना जनता के लिए आपको शोभा नहीं देता आप भी जन्ता के सेबक हो please action 🙏 @SPD_DEORIA @Ramji6077865456 https://t.co/5Rf0RJvwIA,2041615601945473124,https://pbs.twimg.com/media/HFVGU6waYAABGGJ.jpg,RampurDm,hi,,0,0,1,https://x.com/NabiTurki/status/2041615601945473124,1573292934224842752,NabiTurki,75,hi,foreign_lang_metadata_hi,True
2041456220075409706,2026-04-07 19:14:07+00:00,1,"@bstvlive @mirzapurpolice अब तक , जनपद मिर्जापुर में! समस्त विभागों ने ,जितने भी IGRS की शिकायतों का निस्तारण समाधान सुनिश्चित योजना में रिपोर्ट लगा कर , शिकायतों का निस्तारण समाधान कर दिया है! अगर उन सब की निष्पक्ष स्वतंत्र जांच सुनिश्चित हो तो ,९८% फर्जी निस्तारण समाधान सुनिश्चित निकलेगा 🤔⁉️",2041595393172250807,,bstvlive,hi,,0,0,0,https://x.com/sanjaypatijp/status/2041595393172250807,625357632,sanjaypatijp,101,hi,foreign_lang_metadata_hi,True
2041595281360482425,2026-04-07 19:13:40+00:00,1,"हम इस ""गोल-मोल"" जवाब को कतई स्वीकार नहीं करेंगे।

​@dm_ghaziabad @UPGovt @ChiefSecyUP @PavitraKNR 

नगर पालिका प्रशासन जवाब दे!

​#Khoda #Ghaziabad #Corruption #PublicSafety #UttarPradesh #IGRS #NagarPalikaKhoda #BhartiyaAamJanSeva",2041595281360482425,,,hi,,0,0,0,https://x.com/shyam3_sunder/status/2041595281360482425,713746808674066433,shyam3_sunder,39,id,foreign_lang_metadata_hi,True
2041594641603293280,2026-04-07 19:11:08+00:00,1,"खोड़ा नगर पालिका का ""अजीबोगरीब"" कारनामा! 😡

​जनता टैक्स भरती है ब्रांडेड और सुरक्षित MCB के लिए, लेकिन जमीन पर लगाए जा रहे हैं सस्ते और लोकल स्विच। जब इसकी शिकायत की गई (IGRS संख्या: 40014026016041), तो अवर अभियंता (JE) नवनीत गुप्ता जी का जवाब और भी चौंकाने वाला है! https://t.co/OPVBUoJRfg",2041594641603293280,https://pbs.twimg.com/media/HFUzf42boAA8BsW.jpg,,hi,,1,1,0,https://x.com/shyam3_sunder/status/2041594641603293280,713746808674066433,shyam3_sunder,91,hi,foreign_lang_metadata_hi,True
2041587919887143032,2026-04-07 18:44:25+00:00,4,समन्वित शिकायत निवारण प्रणाली (IGRS) के अन्तर्गत #SPLalitpur @IPSMdMustaque के निर्देशन में जनपद में जनशिकायतों के निस्तारण में प्रदेश के समस्त थानों की रैकिंग में ललितपुर पुलिस के 14 थानों को मिला प्रथम स्थान । https://t.co/BWsaBdKc2f,2041587919887143032,https://pbs.twimg.com/media/HFUtZL5a0AAMkve.jpg,,hi,,0,0,3,https://x.com/lalitpurpolice/status/2041587919887143032,1474255698,lalitpurpolice,71,hi,foreign_lang_metadata_hi,True
2041587765989831106,2026-04-07 18:43:48+00:00,0,"9 फरवरी 2026 तक 3765 रु बिल जमा करना शेष था लेकिन 2 दिन बाद 12260 रु गलत बिल आ गया 1 माह पहले मीटर भी बदला जा चुका है 200 ट्वीट, 1912 पर बीस बार कॉल, IGRS सब जगह शिकायत करने के बाद कार्यवाही शून्य @UPPCLLKO @MVVNLHQ द्वारा फर्जी/झूठी आख्या लगा दी जा रही है मो 6393767364 https://t.co/r4yUA2RVn9",2041587765989831106,https://pbs.twimg.com/media/HFUtPDsa8AMK8nm.jpg,,hi,,0,1,0,https://x.com/Aadi1635890/status/2041587765989831106,1910238210627940352,Aadi1635890,91,hi,foreign_lang_metadata_hi,True
2040864203540463815,2026-04-07 17:52:55+00:00,0,@haetenai @animetrends 理由はもっともらしく聞こえるかもしれないが、IGRSの設立は実際にはインドネシアのゲーム産業の発展ではなく、インドネシアの政治的利益のみを目的としている。私がそう言うのは、私がインドネシア人だからです。私たちは、国に害を及ぼす腐敗した役人と頻繁に衝突します。,2041574958615425244,,haetenai,ja,,0,0,0,https://x.com/kirayamineos24/status/2041574958615425244,1497765998459768833,kirayamineos24,9,ja,foreign_lang_metadata_ja,True
2041573694217318586,2026-04-07 17:47:53+00:00,2,#JhansiPolice  प्रदेश स्तरीय IGRS निस्तारण रैंकिंग में जनपद झाँसी एवं जनपद के समस्त 25/26 थानो को लगातार मार्च माह में भी प्रथम-स्थान प्राप्त हुआ। https://t.co/kj8PTkwDr7,2041573694217318586,https://pbs.twimg.com/media/HFUgWfia8AEIlVb.png,,hi,,0,1,2,https://x.com/jhansipolice/status/2041573694217318586,1471554966,jhansipolice,54,hi,foreign_lang_metadata_hi,True
2041573174492721455,2026-04-07 17:45:50+00:00,0,"当然のことだ。IGRSの職員は金に目がくらんだ無能な祖父ばかりなのだから！😊💢
もっと正確に言うと、批判されることを嫌い、責任を取ろうとしない腐敗した政治家たちだ！ 😊💢
実際、彼らはファミリー向けゲームとヘンタイゲームの区別すらつかない！真面目な仕事よりも金儲けを優先するんだ！ 😠💢",2041573174492721455,,,ja,,0,1,0,https://x.com/kirayamineos24/status/2041573174492721455,1497765998459768833,kirayamineos24,8,ja,foreign_lang_metadata_ja,True
2041570725199577452,2026-04-07 17:36:06+00:00,0,"महराजगं
SP शक्ति मोहन अवस्थी ने पदभार ग्रहण करते ही चलाया जादुई छड़ी
महराजगंज पुलिस ने टॉप किया प्रदेश
IGRS निस्तारण में मार्च माह की रैंकिंग में 
जनपद के सभी थानों ने भी प्रदेश में लहराया परचम
SP के नेतृत्व में महराजगंज पुलिस के लिए गौरव का क्षण
@maharajganjpol https://t.co/VXUEdGsozP",2041570725199577452,https://pbs.twimg.com/media/HFUdv85a8AIfVjk.jpg,,hi,,0,1,0,https://x.com/AajKiBatkahi/status/2041570725199577452,1973432783415709696,AajKiBatkahi,92,hi,foreign_lang_metadata_hi,True
2041570525676552416,2026-04-07 17:35:18+00:00,2,"जन शिकायतों के निस्तारण (IGRS) में बरेली पुलिस ने लगातार चौथी बार प्रथम स्थान प्राप्त किया।
#UPPolice https://t.co/d7oqHOcYCP",2041570525676552416,https://pbs.twimg.com/media/HFUdaiWa8AMP3yx.jpg,,hi,,0,0,1,https://x.com/bareillypolice/status/2041570525676552416,1479774662,bareillypolice,40,hi,foreign_lang_metadata_hi,True
2041564065034858608,2026-04-07 17:09:38+00:00,1,"📍महराजगंज पुलिस के लिए गौरव का क्षण
📍समयबद्ध तरीके से मामलों का निपटारा कर महराजगंज पुलिस ने जनता का जीता भरोसा
📍प्रदेश में अव्वल स्थान आने पर पर SP ने समस्त SHO/SO को 1000 - 1000 व IGRS निस्तारण पुलिस कर्मियों को 500 - 500 रुपये की नगद प्रोत्साहन राशि वितरण का दिया निर्देश।",2041564067710824675,,UptvSamachar,hi,,0,0,1,https://x.com/UptvSamachar/status/2041564067710824675,1273315208052629504,UptvSamachar,95,hi,foreign_lang_metadata_hi,True
2041564065034858608,2026-04-07 17:09:38+00:00,3,"ब्रेकिंग || महराजगंज
📍SP शक्ति मोहन अवस्थी ने पदभार ग्रहण करते ही चलाया जादुई छड़ी
📍IGRS निस्तारण में मार्च माह की रैंकिंग में महराजगंज पुलिस ने टॉप किया प्रदेश
📍जनपद के सभी थानों ने भी प्रदेश में लहराया परचम, उत्कृष्ट प्रदर्शन में प्रथम स्थाम
1/2
#Maharajganj @maharajganjpol https://t.co/vCZKc0Le4A",2041564065034858608,https://pbs.twimg.com/media/HFUXsVba8AMpRRl.jpg,,hi,,0,1,1,https://x.com/UptvSamachar/status/2041564065034858608,1273315208052629504,UptvSamachar,92,hi,foreign_lang_metadata_hi,True
2041551221044162835,2026-04-07 16:55:03+00:00,1,"@CMOfficeUP @myogiadityanath @CMHelpline1076 बंद कर देना चाहिए IGRS और PMO का कंप्लैन सिस्टम जब जनता को धोख़ा ही देना है @BJP4India के बेशर्म सरकारों से -40019526008783, 60000260049631,60000260027329 और 20 से उपर Twitter कंप्लैन @myogiadityanath हिंदू धर्म के नाम पर वोट लो फिर उनको लूटो यही रामराज्य हैं?? https://t.co/dQRZhSadL7",2041560395484475467,https://pbs.twimg.com/media/HFUUWKva0AA9c14.jpg,CMOfficeUP,hi,,0,0,1,https://x.com/ajayrajsahil/status/2041560395484475467,111023313,ajayrajsahil,78,hi,foreign_lang_metadata_hi,True
2041428042439102914,2026-04-07 16:49:04+00:00,1,"@vipinshukla86 @UPGovt @CMOfficeUP @DM_Bhadohi अगर शासन सच में जनता के प्रति समर्पित होता, तो 8 महीने से खराब पड़े बोर को लेकर सिर्फ आश्वासन नहीं, काम दिखता।
IGRS में 2 महीने का वादा और 15 दिन में भी कोई कार्रवाई नहीं, क्या यही जवाबदेही है?
जनता को पानी जैसी मूलभूत जरूरत के लिए कब तक इंतजार करना पड़ेगा?",2041558890941464621,,vipinshukla86,hi,,0,1,0,https://x.com/ashishyadav1507/status/2041558890941464621,1244058658637410304,ashishyadav1507,92,hi,foreign_lang_metadata_hi,True
2041557757925716093,2026-04-07 16:44:34+00:00,1,"एसडीएम नानपारा मोनालिसा जौहरी की मेहनत फिर लाई रंग

*मार्च माह में IGRS निस्तारण में जिले में तहसील नानपारा ने पाया प्रथम स्थान
मो.8808856415
पत्रकार अंकित मेहरोत्रा बहराइच,, https://t.co/ZjGdP3rvQW",2041557757925716093,https://pbs.twimg.com/media/HFUR9ifaMAAWnzF.jpg,,hi,,0,0,0,https://x.com/Ankitmehro50313/status/2041557757925716093,2030632687288143872,Ankitmehro50313,66,hi,foreign_lang_metadata_hi,True
2041503934733525093,2026-04-07 16:44:01+00:00,4,"@myogiadityanath @CMHelpline1076 बंद कर देना चाहिए IGRS और PMO का कंप्लैन सिस्टम जब जनता को धोख़ा ही देना है @BJP4India के बेशर्म सरकारों से -40019526008783, 60000260049631,60000260027329 और 20 से उपर Twitter कंप्लैन @myogiadityanath हिंदू धर्म के नाम पर वोट लो फिर उनको लूटो यही रामराज्य हैं?? https://t.co/5Io5wKT7pH",2041557618343473196,https://pbs.twimg.com/media/HFUR0r-akAAduK4.jpg,myogiadityanath,hi,,0,0,1,https://x.com/ajayrajsahil/status/2041557618343473196,111023313,ajayrajsahil,77,hi,foreign_lang_metadata_hi,True
2041428042439102914,2026-04-07 16:43:09+00:00,1,"• 8 महीने से खराब पड़ा बोर,
• IGRS में 2 महीने का वादा,
और 15 दिन बाद भी जमीन पर सन्नाटा।
क्या जल जीवन मिशन सिर्फ कागजों तक सीमित है?
ग्राम सभा पट्टी बेजांव के लोग आज भी पानी के लिए परेशान हैं ,
आखिर जिम्मेदार कौन?
@UPGovt @CMOfficeUP @DM_Bhadohi 
👉 अब जवाब और कार्रवाई दोनों",2041557403280556176,,ashishyadav1507,hi,,0,1,1,https://x.com/ashishyadav1507/status/2041557403280556176,1244058658637410304,ashishyadav1507,92,hi,foreign_lang_metadata_hi,True
2041540039956685022,2026-04-07 16:38:13+00:00,8,"@myogiadityanath @CMHelpline1076 बंद कर देना चाहिए IGRS और PMO का कंप्लैन सिस्टम जब जनता को धोख़ा ही देना है @BJP4India के बेशर्म सरकारों से -40019526008783, 60000260049631,60000260027329 और 20 से उपर Twitter कंप्लैन @myogiadityanath हिंदू धर्म के नाम पर वोट लो फिर उनको लूटो यही रामराज्य हैं?? https://t.co/s9WLxptU5h",2041556162177618259,https://pbs.twimg.com/media/HFUQf_iakAAD6Ey.jpg,myogiadityanath,hi,,0,0,4,https://x.com/ajayrajsahil/status/2041556162177618259,111023313,ajayrajsahil,77,hi,foreign_lang_metadata_hi,True
2041554679298224327,2026-04-07 16:32:20+00:00,0,@dmjhansi1 लेखपाल ने गलत रिपोर्ट लगा कर igrs 40016626006080 शिकायत को बंद किया पट्टी कुम्हर्रा मोठ झांसी https://t.co/MwrDHWafpG,2041554679298224327,https://pbs.twimg.com/media/HFUPJ6ca8AAKRo_.jpg,dmjhansi1,hi,,0,0,0,https://x.com/Dharmen62409429/status/2041554679298224327,1412794103520137225,Dharmen62409429,36,mr,foreign_lang_metadata_hi,True
2041553958477668852,2026-04-07 16:29:28+00:00,3,"#Aligarh । #AligarhPolice 
वरिष्ठ पुलिस अधीक्षक के निर्देशन में माह मार्च – 2026 में समन्वित शिकायत निवारण प्रणाली – जनसुनवाई पोर्टल (IGRS) पर प्राप्त जनशिकायतों के निस्तारण में जनपद अलीगढ़ व जनपद के 20 थानों को प्रदेश स्तर पर प्राप्त हुआ #प्रथम_स्थान https://t.co/21XxbixxgR",2041553958477668852,https://pbs.twimg.com/media/HFUOTIlbMAACTiP.png,,hi,,0,2,0,https://x.com/aligarhpolice/status/2041553958477668852,736460712529121280,aligarhpolice,87,hi,foreign_lang_metadata_hi,True
2041553660879220949,2026-04-07 16:28:17+00:00,0,@dmjhansi1 सर जी आपके यहां लेखपाल गलत रिपोर्ट लगाकर lgrs की कंप्लेंट क्लोज कर रहे है किसान परेशान हो रहा है उसकी फॉर्मर रजिस्ट्री नहीं हो पा रही है लेखपाल पट्टी कुम्हर्रा मोठ झांसी। Igrs 40016626006080 नाम आधार अनुसार खतौनी में नहीं किया रिपोर्ट लगा दी नाम सही हो गया https://t.co/bdG2ivJArF,2041553660879220949,https://pbs.twimg.com/media/HFUOOlEagAA41H6.jpg,dmjhansi1,hi,,0,0,0,https://x.com/Dharmen62409429/status/2041553660879220949,1412794103520137225,Dharmen62409429,92,hi,foreign_lang_metadata_hi,True
2041551487839658426,2026-04-07 16:19:39+00:00,3,"#lko_police_on_duty
 @DCPWEST1 द्वारा मासिक क्राइम मीटिंग में लंबित विवेचनाओं, IGRS व साइबर शिकायतों के त्वरित व गुणवत्तापूर्ण निस्तारण, प्रभावी गश्त/बीट व्यवस्था सुदृढ़ करने तथा महिला हेल्प डेस्क की समीक्षा कर संवेदनशील मामलों में शीघ्र कार्रवाई के निर्देश दिए गए। @lkopolice https://t.co/VYPaJjjO1O",2041551487839658426,https://pbs.twimg.com/media/HFUMP7ibIAAmm6t.jpg,,hi,,0,1,1,https://x.com/DCPWEST1/status/2041551487839658426,1218926229157486592,DCPWEST1,99,hi,foreign_lang_metadata_hi,True
2041548129108193487,2026-04-07 16:06:18+00:00,0,IGRS KONTOL,2041548129108193487,,,sl,,0,0,0,https://x.com/KevinSanja1717/status/2041548129108193487,1968742157231271936,KevinSanja1717,2,id,too_short_leq_2_words,True
2041547411756331304,2026-04-07 16:03:27+00:00,0,"ये कोई हादसा है या हत्या ?

कार वाले ने जिसे उड़ाया है, वे आगरा के ट्रांसपोर्टर अली असगर थे. असगर ने हफ़्ते भर पहले प्रेस कॉन्फ्रेंस करके GST अफसरों पर जबरन पैसा वसूलने का आरोप लगाया था. 

असगर और इनके साथी ने  GST अफसरों की शिकायत CM हेल्पलाइन, IGRS, प्रमुख सचिव तक से की थी. https://t.co/BOCe57CwnP",2041547411756331304,https://pbs.twimg.com/ext_tw_video_thumb/2041547378541699072/pu/img/JxiSbbxaf8DYXWEt.jpg,,hi,,0,1,0,https://x.com/ShaniRajVerma1/status/2041547411756331304,1383766548402212868,ShaniRajVerma1,90,hi,foreign_lang_metadata_hi,True
2041541570995028360,2026-04-07 15:40:15+00:00,3,"#सुलतानपुर #Sultanpur 
#मार्च महीने में जारी #IGRS रैंकिंग में @sultanpurpolice को मिली पहली रैंक, लगातार 5 वीं बार फर्स्ट रैंक बरकरार, #SP @ipsCharuNigam ने दी #IGRS_Team को बधाई 
@CMOfficeUP @myogiadityanath @adgzonelucknow https://t.co/ViyiLhHicf",2041541570995028360,https://pbs.twimg.com/media/HFUDPUgacAA08s3.jpg,,hi,,0,0,0,https://x.com/amethi_samachar/status/2041541570995028360,1508788508177010695,amethi_samachar,54,hi,foreign_lang_metadata_hi,True
2041540670163398680,2026-04-07 15:36:40+00:00,24,"ये कोई हादसा है या हत्या ?

कार वाले ने जिसे उड़ाया है, वे आगरा के ट्रांसपोर्टर अली असगर थे. असगर ने हफ़्ते भर पहले प्रेस कॉन्फ्रेंस करके GST अफसरों पर जबरन पैसा वसूलने का आरोप लगाया था. 

असगर और इनके साथी ने  GST अफसरों की शिकायत CM हेल्पलाइन, IGRS, प्रमुख सचिव तक से की थी.उन https://t.co/pBNZTG4MFD",2041540670163398680,https://pbs.twimg.com/amplify_video_thumb/2041540614320517120/img/nrdaPfJ16TB7auJA.jpg,,hi,,0,1,11,https://x.com/priyarajputlive/status/2041540670163398680,1482045835454328832,priyarajputlive,91,hi,foreign_lang_metadata_hi,True
2041098914246623338,2026-04-07 15:26:31+00:00,0,"@SawarnOrgRsp @myogiadityanath @Uppolice @neha_laldas Meine President, PM of India, CM UP, Chief Secretary, UP, IGRS Portal, 1076, Revenue Board, Divis Commission, DM, SDM Tehsildar, SP, SHO sabko apne plot par kabje ke report ke par koi karvahe nahi hue. Jisko dekh kar lagta hai hamare saath Independence ke name par dhoka hua hai.",2041538117166133354,,SawarnOrgRsp,in,,0,2,0,https://x.com/NitinKumar37172/status/2041538117166133354,1826225339238162432,NitinKumar37172,53,en,india_noise,True
2041537454520574213,2026-04-07 15:23:53+00:00,5,"उत्तरप्रदेश में महराजगंज जिला एक बार फिर एसपी शक्ति मोहन अवस्थी के बतौर लीडिंग कप्तान के रूप में  प्रदेश में नंबर वन पर बना ! पुलिस कप्तान ने थानेदारों को एक एक हजार तो वही IGRS पुलिसकर्मी को 500 -500 सौ रूपये नगद दिए...!
#Maharajganj #महराजगंज #यूपी #शक्तिमोहनअवस्थी https://t.co/vuwkN4AnAm",2041537454520574213,https://pbs.twimg.com/media/HFT_feyaUAE8mdj.jpg,,hi,,0,0,0,https://x.com/SarveshguptaANB/status/2041537454520574213,940824583430721537,SarveshguptaANB,91,hi,foreign_lang_metadata_hi,True
2041535114052878597,2026-04-07 15:14:35+00:00,7,"सुल्तानपुर : IGRS मासिक रैंकिंग में आया बड़ा सुधार

➡सुल्तानपुर पुलिस को मिला प्रदेश में प्रथम स्थान
➡सभी 20 थानों पर IGRS शिकायतों का शत प्रतिशत निवारण
➡शासन द्वारा की गई मॉनिटरिंग में मिला प्रथम स्थान
➡एसपी चारु निगम के निर्देशन में आया प्रथम स्थान 

 #Sultanpur https://t.co/jDcGrCa8G8",2041535114052878597,https://pbs.twimg.com/media/HFT9VDFacAAYjtT.png,,hi,,0,0,0,https://x.com/bstvlive/status/2041535114052878597,4453205292,bstvlive,96,hi,foreign_lang_metadata_hi,True
2041040216463696212,2026-04-07 15:11:47+00:00,0,"@khabartaklive24 बहुत सराहनीय कार्य 👏 IGRS पोर्टल ने सच में आम जनता के लिए उम्मीद की किरण का काम किया है। ऐसे प्रभावी कदमों से लोगों का विश्वास और मजबूत होता है। बहुत बढ़िया पहल।”

@CMOfficeUP",2041534406964478216,,khabartaklive24,hi,,0,0,0,https://x.com/faisala07346240/status/2041534406964478216,1728459274064683008,faisala07346240,58,hi,foreign_lang_metadata_hi,True
2041522400425320593,2026-04-07 14:24:04+00:00,4,"👉 IGRS एवं मुख्यमंत्री हेल्पलाइन मूल्यांकन में जनपद प्रतापगढ़ ने किया उत्कृष्ट प्रदर्शन, प्रदेश में प्रथम स्थान प्राप्त-

➡️ IGRS (इंटीग्रेटेड ग्रीवांस रिड्रेसल सिस्टम) एवं मुख्यमंत्री हेल्पलाइन से संबंधित माह मार्च 2026 की मूल्यांकन रिपोर्ट में जनपद प्रतापगढ़ ने उत्कृष्ट एवं https://t.co/V9X6iKHY7H",2041522400425320593,https://pbs.twimg.com/media/HFTxsscbYAASAGY.jpg,,hi,,0,1,0,https://x.com/pratapgarhpol/status/2041522400425320593,1471881025,pratapgarhpol,106,hi,foreign_lang_metadata_hi,True
2041516833254367264,2026-04-07 14:01:57+00:00,1,"#बरेली

♦IGRS जनसुनवाई पोर्टल के निस्तारण में बरेली पुलिस अव्वल

♦मार्च 2026 की रैंकिंग में उत्तर प्रदेश में ‘प्रथम स्थान’ हासिल

♦बरेली, बदायूं, शाहजहांपुर और पीलीभीत ने संयुक्त रूप से टॉप किया

♦परिक्षेत्र के 84 थानों का प्रदर्शन भी रहा नंबर-1

♦शिकायतों के त्वरित और https://t.co/NTo1WOjph7",2041516833254367264,https://pbs.twimg.com/amplify_video_thumb/2041516787238608896/img/r-qASlmEHvc2Q2h0.jpg,,hi,,0,0,1,https://x.com/Knewsindia/status/2041516833254367264,2495818501,Knewsindia,100,hi,foreign_lang_metadata_hi,True
2041156884649140302,2026-04-07 14:01:46+00:00,0,@bstvlive @deo__kaushambi कोई कार्यवाही नहीं होती IGRS पर 11 बार शिकायत के बाद भी Gonda,2041516789386133595,,bstvlive,hi,,0,0,0,https://x.com/As195700/status/2041516789386133595,1952347070226161665,As195700,24,hi,foreign_lang_metadata_hi,True
2041516494681768189,2026-04-07 14:00:36+00:00,13,"पुलिस आयुक्त श्री रघुबीर लाल के निर्देशन में कमिश्नरेट के 52 थानों द्वारा जनशिकायतों का गुणवत्तापूर्ण एवं समयबद्ध निस्तारण करते हुए  माह मार्च 2026 की IGRS रैंकिंग में लगातार दूसरे माह प्रदेश में प्रथम स्थान प्राप्त किया।
@Uppolice https://t.co/j6XwQtdIaU",2041516494681768189,https://pbs.twimg.com/media/HFTsWCoaAAECUwj.png,,hi,,0,0,2,https://x.com/kanpurnagarpol/status/2041516494681768189,712246765731205120,kanpurnagarpol,89,hi,foreign_lang_metadata_hi,True
2041516051348033782,2026-04-07 13:58:50+00:00,1,"IGRS निस्तारण में बरेली पुलिस नंबर-1, पूरे प्रदेश में पहला स्थान, मार्च 2026 रैंकिंग में बरेली परिक्षेत्र अव्वल, 84 थानों का प्रदर्शन टॉप, डीआईजी अजय साहनी के नेतृत्व में मिली बड़ी सफलता

@igrangebareilly @adgzonebareilly @bareillypolice https://t.co/l3IlrN965q",2041516051348033782,,,hi,,0,1,1,https://x.com/imShanu18/status/2041516051348033782,1247934828420296706,imShanu18,72,hi,foreign_lang_metadata_hi,True
2041499970327765272,2026-04-07 13:28:59+00:00,0,@Quinny_hrly IGRS?,2041508538976264475,,Quinny_hrly,sl,,0,1,0,https://x.com/Youronlymeta/status/2041508538976264475,1993542330004258817,Youronlymeta,2,en,too_short_leq_2_words,True
2041506081466458577,2026-04-07 13:19:13+00:00,2,"बाह तहसील में IGRS बना मजाक 
लेखपाल और कानूनगो तहसील में बैठकर ही बिना मौके की जांच किए फर्जी आख्या लगाकर शिकायतों का निस्तारण कर रहे हैं।
कानूनगो रामहरी का बयान—“मैं तो रिटायर होने वाला हूं, लेखपाल की रिपोर्ट पर साइन कर दिए।”
भ्रष्टाचार चरम पर, प्रशासन मौन क्यों?
#Agra #UPGovt https://t.co/EO6C5uYTEE",2041506081466458577,https://pbs.twimg.com/amplify_video_thumb/2041505944090365952/img/6aHJXDSpqZR8M-A4.jpg,,hi,,0,1,1,https://x.com/ArvindS66341054/status/2041506081466458577,1479023314748067841,ArvindS66341054,100,hi,foreign_lang_metadata_hi,True
2041502617919189120,2026-04-07 13:05:28+00:00,5,"मिर्जापुर : बरकछा चौकी पर तैनात दारोगा रमाशंकर यादव IGRS के निस्तारण में डालते है फर्जी गवाह, अलग-अलग मामलों में किया निस्तारण, कई सालो से एक ही चौकी पर टिके हैं रमाशंकर यादव,मुख्यमंत्री की प्राथमिकता में है, दारोगा रमाशंकर यादव कर रहे हैं खेल, देहात कोतवाली के बरकछा चौकी का https://t.co/4rBpZZtrYB",2041502617919189120,https://pbs.twimg.com/amplify_video_thumb/2041502355724840960/img/laqMfNigtQQ55kpE.jpg,,hi,,1,0,5,https://x.com/Mirzapuriy/status/2041502617919189120,762364938526400512,Mirzapuriy,102,hi,foreign_lang_metadata_hi,True
2041490864292421674,2026-04-07 12:18:47+00:00,0,"दलित बस्ती का रास्ता भी बंद किया जा रहा है 😡
मैंने कई बार शिकायत की लेकिन कोई कार्रवाई नहीं हुई:
IGRS नंबर:
40016026003481
40016025017234
30083426000410
30083426000362
60000260054644
लेखपाल और सचिव मौके पर आए बिना गलत रिपोर्ट लगा देते हैं।",2041490872844669211,,Anoop_Jatav9555,hi,,0,1,0,https://x.com/Anoop_Jatav9555/status/2041490872844669211,1808817378471596032,Anoop_Jatav9555,66,hi,foreign_lang_metadata_hi,True
2041488064141529098,2026-04-07 12:07:38+00:00,0,"मैं एक शिकायत IGRS के माध्यम से पुलिस अधीक्षक SANTKABIR NAGAR को 23/03/2026 को ऑनलाइन कर्ता हूं जो CO साहब KHALILABAD को जांच मिलती है और साहब बिना शिकायत कर्ता से संपर्क किए ही मामले को 02/04/2026 को निस्तारण कर देते है 
@myogiadityanath @CMOfficeUP @santkabirnagpol @digbasti https://t.co/bJ0KuzmxxH",2041488064141529098,https://pbs.twimg.com/media/HFTSkxAaoAAMb0X.jpg,,hi,,0,1,0,https://x.com/SumitSi854/status/2041488064141529098,1038431890477383680,SumitSi854,80,hi,foreign_lang_metadata_hi,True
2041477237866946872,2026-04-07 11:28:34+00:00,1,"@vipinshukla86 @myogiadityanath @CMOfficeUP @homeupgov @UPGovt @shalabhmani @bstvlive @yadavakhilesh IGRS में आश्वासन देना आसान है, लेकिन 15 दिन होने को है, अभी भी जमीन पर शून्य काम दिख रहा है।
ग्राम सभा पट्टी बेजांव के लोग 8 महीने से पानी के संकट में हैं।
क्या जिम्मेदार विभाग जवाबदेही तय करेगा? 
या सिर्फ फाइलों में ही समाधान होगा?",2041478232768475263,,vipinshukla86,hi,,0,0,0,https://x.com/ashishyadav1507/status/2041478232768475263,1244058658637410304,ashishyadav1507,94,hi,foreign_lang_metadata_hi,True
2041477237866946872,2026-04-07 11:26:56+00:00,1,"ग्राम सभा पट्टी बेजांव में 8 महीने से बोर खराब।
IGRS में वादा 2 महीने का, 15 दिन में काम शून्य।
कब मिलेगा पानी? 🚰",2041477821814771912,,vipinshukla86,hi,,0,0,0,https://x.com/vipinshukla86/status/2041477821814771912,1261912274584780801,vipinshukla86,41,hi,foreign_lang_metadata_hi,True
2041428042439102914,2026-04-07 11:26:50+00:00,0,"@ashishyadav1507 @UPGovt @CMOfficeUP @myogiadityanath @homeupgov @shalabhmani @bstvlive @yadavakhilesh ग्राम सभा पट्टी बेजांव में 8 महीने से बोर खराब।
IGRS में वादा 2 महीने का, 15 दिन में काम शून्य।
कब मिलेगा पानी? 🚰",2041477797009576443,,vipinshukla86,hi,,0,0,0,https://x.com/vipinshukla86/status/2041477797009576443,1261912274584780801,vipinshukla86,49,hi,foreign_lang_metadata_hi,True
2041477237866946872,2026-04-07 11:24:36+00:00,2,"ग्राम सभा पट्टी बेजांव में #JalJeevanMission का बोर 8 महीने से खराब।
IGRS में 2 महीने का आश्वासन, 15 दिन में भी काम नहीं।
क्या ये सिर्फ कागज़ी वादा है? 🚰❓
@myogiadityanath @CMOfficeUP @homeupgov @UPGovt @shalabhmani @bstvlive @yadavakhilesh",2041477237866946872,,,hi,,0,2,0,https://x.com/vipinshukla86/status/2041477237866946872,1261912274584780801,vipinshukla86,55,hi,foreign_lang_metadata_hi,True
2041428042439102914,2026-04-07 11:24:26+00:00,1,"@ashishyadav1507 @UPGovt @CMOfficeUP ग्राम सभा पट्टी बेजांव में #JalJeevanMission का बोर 8 महीने से खराब।
IGRS में 2 महीने का आश्वासन, 15 दिन में भी काम नहीं।
क्या ये सिर्फ कागज़ी वादा है? 🚰❓
@myogiadityanath @CMOfficeUP @homeupgov @UPGovt @shalabhmani @bstvlive @yadavakhilesh",2041477193721954385,,ashishyadav1507,hi,,0,1,0,https://x.com/vipinshukla86/status/2041477193721954385,1261912274584780801,vipinshukla86,58,hi,foreign_lang_metadata_hi,True
2041428042439102914,2026-04-07 10:52:41+00:00,1,"सबसे चौंकाने वाली बात 👇
ग्राम सभा पट्टी बेजांव में जल जीवन मिशन का बोर पिछले 8 महीनों से खराब पड़ा है।
फिर IGRS में 2 महीने में ठीक करने का आश्वासन क्यों?
और 15 दिन में भी कोई काम नहीं?
क्या 8 महीने से लोगों को पानी के लिए यूं ही छोड़ दिया गया है?
@UPGovt @CMOfficeUP कृपया तुरंत https://t.co/vhB0EXyKKj",2041469202205438391,https://pbs.twimg.com/media/HFTBZ7zaMAAAr4T.jpg,ashishyadav1507,hi,,1,1,0,https://x.com/ashishyadav1507/status/2041469202205438391,1244058658637410304,ashishyadav1507,97,hi,foreign_lang_metadata_hi,True
2041465265419100533,2026-04-07 10:37:02+00:00,0,saw a jp tweet pun-ing id to 淫ドネシア because of the igrs thing &amp; idk if i can laugh or should i feel offended 😭,2041465265419100533,,,ja,,0,0,0,https://x.com/AniManGa19930/status/2041465265419100533,90106752,AniManGa19930,25,en,foreign_lang_metadata_ja,True
2041463424253841890,2026-04-07 10:29:43+00:00,0,"@DM_PRAYAGRAJ @UPGovt @myogiadityanath मैंने IGRS पोर्टल के माध्यम से कई शिकायतें दर्ज कराई हैं, लेकिन दुर्भाग्यवश, मुझे उनके जवाब में भ्रामक और झूठी रिपोर्ट दिया गया। अभी तक कोई समाधान नहीं हो सका है। पिछली शिकायतों के क्रमांक और JE द्वारा दिए गए आश्वासनों की प्रति संलग्न की हैं https://t.co/kApDdqAu1k",2041463424253841890,https://pbs.twimg.com/media/HFS8Jona0AAvVTT.jpg,DM_PRAYAGRAJ,hi,,0,0,0,https://x.com/Rdhuria1724/status/2041463424253841890,1664549617,Rdhuria1724,93,hi,foreign_lang_metadata_hi,True
2041130581447344251,2026-04-07 10:14:50+00:00,0,"@DmSonbhadra @CMOfficeUP @ChiefSecyUP @PMOIndia_RC IGRS पर झूठा निस्तारण,  2 बार @DmSonbhadra  को डाक से पत्र,  1 बार तहसील दिवस मे सामने से शिकायत पत्र देने के बावजूद भी व न्यायालय के आदेश के बाद भी  कोई सुनवाई नहीं करना. विपक्ष द्वारा लगातर खेती करने से रोक टोक किया ही जा रहा रहा है  @CMOfficeUP  @myogioffice @ChiefSecyUP https://t.co/Ze3pOKG4f9",2041459679247958184,https://pbs.twimg.com/media/HFS4v6baUAA9Xzm.jpg,DmSonbhadra,hi,,0,0,0,https://x.com/Avinash53238080/status/2041459679247958184,1412521358601297922,Avinash53238080,94,hi,foreign_lang_metadata_hi,True
2041459537673400767,2026-04-07 10:14:16+00:00,0,"आंवला तहसील में 'हवाई' हो रही जनसुनवाई!  IGRS पोर्टल पर मिली शिकायतों का बिना धरातल पर जांच किए 'फर्जी निस्तारण' किया जा रहा है न हस्ताक्षर, न मुहर सिर्फ दफ्तर में बैठकर कागजों में न्याय हो रहा है। @DMBareilly कृपया इस गंभीर मामले का संज्ञान लें और दोषियों पर कार्रवाई करें।",2041459537673400767,,,hi,,0,0,0,https://x.com/Bablusagarmedia/status/2041459537673400767,1011066878339346432,Bablusagarmedia,93,hi,foreign_lang_metadata_hi,True
2010660703657656355,2026-04-07 10:07:44+00:00,1,"@PuVVNLHQ @puvvnlvaranasi @sanjaypatijp @ShadowSakshi @PuvvnlGzp57770 @EMofficeUP @aksharmaBharat @narendramodi @myogiadityanath @JPNadda @PMOIndia @CMOfficeUP @mygovindia @UPGovt @BJP4India @BJP4UP @RSSorg @AKSharmaOffice @NigamPrayagraj @UPPCLLKO @Puvvnlghaz41376 @puvvnlvarans @PMSuryaGhar @myogioffice @PMOIndia_RC @KHURAPATT @dir_ed @IncomeTaxIndia @cbic_india @meevkt @bstvlive @DainikBhaskar @barandbench @Bhupendraupbjp @AhteshamFIN @DoT_India @CBIHeadquarters @ACOUPPolice @ChiefSecyUP @FinMinIndia @AdminGhazipur @AmarUjalaNews @Swamy39 @4pmnews_network @MD_PuVVNL @BBCWorld @BBCHindi @CMHelpline1076 बंद कर देना चाहिए IGRS और PMO का कंप्लैन सिस्टम जब जनता को धोख़ा ही देना है @BJP4India के बेशर्म सरकारों से -40019526008783, 60000260049631,60000260027329 और 20 से उपर Twitter कंप्लैन @myogiadityanath हिंदू धर्म के नाम पर वोट लो फिर उनको लूटो यही रामराज्य हैं?? https://t.co/s2B1NeeN1f",2041457889920045358,https://pbs.twimg.com/media/HFS3HJVaAAAHobC.jpg,ajayrajsahil,hi,,0,1,1,https://x.com/ajayrajsahil/status/2041457889920045358,111023313,ajayrajsahil,123,en,foreign_lang_metadata_hi,True
2041457424654381094,2026-04-07 10:05:53+00:00,0,"Hello , मैने मार्च 2026 में गलत बिल को लेकर igrs किया था लेकिन उसमें भी गलत रीडिंग के साथ निस्तारण किया गया है जब की हमारा मीटर रीडिंग कम और बिल ज्यादा रीडिंग का बना है। ये प्रक्रिया लगभग हर महीने होती है। मीटर रीडर बिना रीडिंग देखे ही अनुमान से गलत बिल बनाता है।",2041457424654381094,,,hi,,0,1,0,https://x.com/SMaurya02935762/status/2041457424654381094,1463110172524437504,SMaurya02935762,94,hi,foreign_lang_metadata_hi,True
2041457163613470996,2026-04-07 10:04:50+00:00,0,"मिर्जापुर में IGRS निस्तारण में फर्जीवाड़े का आरोप

➡️ बरकछा चौकी पर तैनात दारोगा पर गंभीर आरोप
➡️ रमाशंकर यादव पर फर्जी गवाह खड़े करने का आरोप
➡️ लंबे समय से एक ही चौकी पर तैनाती को लेकर सवाल
➡️ देहात कोतवाली के बरकछा चौकी का मामला

#Mirzapur #UPPolice #IGRS #CrimeNews https://t.co/C6pyi3N7Qc",2041457163613470996,https://pbs.twimg.com/media/HFS2X1DbYAA2YD2.png,,hi,,0,1,0,https://x.com/bharatbuzzlive/status/2041457163613470996,1997654278031523840,bharatbuzzlive,88,hi,foreign_lang_metadata_hi,True
2041448175874228381,2026-04-07 09:29:08+00:00,0,"@myogiadityanath महोदय,मैने दो IGRS 40019026005504 एवं400190267021 किया मृत्यु प्रमाण पत्र को लेकर जो कि रिजॉल्व कर दिया गया वेबसाइट पर जबकि वास्तविक में समाधान हुआ ही नहीं है मै बहुत परेशान हो चुका हु अधिकारियों की मनमानी से कृपया संज्ञान ले।मेरी मदद करे महोदय,धन्यवाद 9650410220",2041448175874228381,,myogiadityanath,hi,,0,0,0,https://x.com/ShaileshYa1221/status/2041448175874228381,2002510559716220929,ShaileshYa1221,86,hi,foreign_lang_metadata_hi,True
2041443088296734725,2026-04-07 09:08:55+00:00,0,"@GauribazarB महोदय,मैने दो IGRS 40019026005504 एवं 400190267021 किया मृत्यु प्रमाण पत्र को लेकर जो कि रिजॉल्व कर दिया गया  वेबसाइट पर जबकि वास्तविक में समाधान हुआ ही नहीं है मै बहुत परेशान हो चुका हु अधिकारियों की मनमानी से कृपया संज्ञान ले।मेरी मदद करे महोदय, धन्यवाद 9650410220",2041443088296734725,,GauribazarB,hi,,0,0,0,https://x.com/ShaileshYa1221/status/2041443088296734725,2002510559716220929,ShaileshYa1221,86,hi,foreign_lang_metadata_hi,True
2041442756602765493,2026-04-07 09:07:36+00:00,0,"IGRS SITE IN  DISTRICT TAHSIL KASGANJ IS  WORKING VERY SLOW FARMERS ARE FACING PROBLEM TO DO REGISTRY 
THERE IS OUT SIDE OFFICE PLEASE DIRECT CONCERN DEPARTMENT SO THAT IGRS SITE RUN SMOOTHLY @myogioffice @myogiadityanath @DmKasganj @AmitShahOffice @UPGovt",2041442756602765493,,,en,,0,0,0,https://x.com/0abcf5330b29420/status/2041442756602765493,3298274966,0abcf5330b29420,37,en,india_noise,True
2041441111173116232,2026-04-07 09:01:03+00:00,0,"@dmdeoria महोदया,मैने दो IGRS 40019026005504 एवं 400190267021 किया मृत्यु प्रमाण पत्र को लेकर जो कि रिजॉल्व कर दिया गया  वेबसाइट पर जबकि वास्तविक में समाधान हुआ ही नहीं है मै बहुत परेशान हो चुका हु अधिकारियों की मनमानी से कृपया संज्ञान ले।मेरी मदद करे महोदया, धन्यवाद 9650410220",2041441111173116232,,dmdeoria,hi,,0,0,0,https://x.com/ShaileshYa1221/status/2041441111173116232,2002510559716220929,ShaileshYa1221,86,hi,foreign_lang_metadata_hi,True
2041439533208883452,2026-04-07 08:54:47+00:00,0,"@CMOfficeUP महोदय मैने दो IGRS 40019026005504 एवं 400190267021 किया मृत्यु प्रमाण पत्र को लेकर जो कि रिजॉल्व कर दिया गया  वेबसाइट पर जबकि वास्तविक में समाधान हुआ ही नहीं है मै बहुत परेशान हो चुका हु अधिकारियों की मनमानी से कृपया संज्ञान ले।मेरी मदद कई महोदय, धन्यवाद",2041439533208883452,,CMOfficeUP,hi,,0,0,0,https://x.com/ShaileshYa1221/status/2041439533208883452,2002510559716220929,ShaileshYa1221,85,hi,foreign_lang_metadata_hi,True
2041432882225533150,2026-04-07 08:28:21+00:00,1,"भदोही | पट्टी बेजांव 👇
IGRS पर वादा—2 महीने में रिबोर, पानी चालू

⏳ 15 दिन बाद भी:
न काम, न पानी

कागज़ी योजना या जमीनी हकीकत?
#JalJeevanMission #Bhadohi
@myogiadityanath @CMOfficeUP @homeupgov @UPGovt @shalabhmani",2041432882225533150,,,hi,,0,0,0,https://x.com/vipinshukla86/status/2041432882225533150,1261912274584780801,vipinshukla86,50,hi,foreign_lang_metadata_hi,True
2041428042439102914,2026-04-07 08:27:38+00:00,0,"@ashishyadav1507 भदोही | पट्टी बेजांव 👇
IGRS पर वादा—2 महीने में रिबोर, पानी चालू

⏳ 15 दिन बाद भी:
न काम, न पानी

कागज़ी योजना या जमीनी हकीकत?
#JalJeevanMission #Bhadohi",2041432702545768649,,ashishyadav1507,hi,,0,0,0,https://x.com/vipinshukla86/status/2041432702545768649,1261912274584780801,vipinshukla86,46,hi,foreign_lang_metadata_hi,True
2041428042439102914,2026-04-07 08:19:18+00:00,0,"भदोही के ग्राम सभा पट्टी बेजांव में जल जीवन मिशन की स्थिति अभी भी जस की तस है।

📌 IGRS Uttar Pradesh पर 2 महीने में rebore कर पानी चालू करने का आश्वासन दिया गया था, अभी लगभग 10 दिन बीत चुके हैं, लेकिन ground पर कोई स्पष्ट काम शुरू होता नहीं दिख रहा।

Right to Information Act https://t.co/YdgZlQrM0D",2041430604227776752,https://pbs.twimg.com/media/HFSeTsNbcAATomH.jpg,ashishyadav1507,hi,,0,0,0,https://x.com/ashishyadav1507/status/2041430604227776752,1244058658637410304,ashishyadav1507,89,hi,foreign_lang_metadata_hi,True
2041428042439102914,2026-04-07 08:09:07+00:00,0,"भदोही के ग्राम सभा पट्टी बेजांव में जल जीवन मिशन की जमीनी सच्चाई -

📌 IGRS Uttar Pradesh शिकायत पर विभाग ने खुद लिखा - “2 महीने में rebore कर पानी चालू होगा

⏳ 15 दिन पूरे होने को हैं, लेकिन:
•जमीन पर कोई काम नहीं
•पानी की समस्या जस की तस

सच जानने के लिए Right to Information https://t.co/a33BHaQUZV",2041428042439102914,https://pbs.twimg.com/media/HFSb-QubgAA8qEF.jpg,,hi,,1,7,0,https://x.com/ashishyadav1507/status/2041428042439102914,1244058658637410304,ashishyadav1507,92,hi,foreign_lang_metadata_hi,True
2041420779653607568,2026-04-07 07:40:16+00:00,0,"लगभग दो महीने हो गया है फरवरी में IGRS 
NO 40018226001830 हैं किया गया था लेकिन अप्रैल महीना चल रहा है अभी तक रिपोर्ट नहीं लगाया गया है बिजली विभाग द्वारा कोई कार्रवाई नहीं किया
@UPPCLLKO 
@MVVNLHQ 
@CMOfficeUP 
@SamacharBharat_ https://t.co/DFy90gLh3m",2041420779653607568,https://pbs.twimg.com/media/HFSVYVcagAA-krf.jpg,,hi,,0,1,0,https://x.com/dharamveer_kor/status/2041420779653607568,1534396473185832960,dharamveer_kor,64,hi,foreign_lang_metadata_hi,True
2041395005701734571,2026-04-07 05:58:07+00:00,0,"पूर्व में IGRS, ट्विटर, 1912 और पावर हाउस में लिखित रूप से न जाने कितनी बार अवगत कराया जा चुका है। 2 साल पहले GPS फोटो सर्वे किया गया था आज तक कोई समाधान नहीं किया जा सका है । वर्तमान में 77 कनेक्शन है जिसमें 4 कनेक्शन 2 KWH से ऊपर हैं।",2041395074224009508,,ImranAh86054416,hi,,0,1,0,https://x.com/ImranAh86054416/status/2041395074224009508,1301172653403717633,ImranAh86054416,81,hi,foreign_lang_metadata_hi,True
2041389600099443111,2026-04-07 05:56:49+00:00,0,"पूर्व में IGRS, ट्विटर, 1912 और पावर हाउस में लिखित रूप से न जाने कितनी बार अवगत कराया जा चुका है। 2 साल पहले GPS फोटो सर्वे किया गया था आज तक कोई समाधान नहीं किया जा सका है । वर्तमान में 77 कनेक्शन है जिसमें 4 कनेक्शन 2 KWH से ऊपर हैं।",2041394744421679119,,ImranAh86054416,hi,,0,1,0,https://x.com/ImranAh86054416/status/2041394744421679119,1301172653403717633,ImranAh86054416,81,hi,foreign_lang_metadata_hi,True
2041394180430434366,2026-04-07 05:54:34+00:00,0,"Lagi ramai soal IGRS &amp; rating gim di Steam, ini ada siaran pers resminya sebagai penjelasan. Bisa dicek dulu biar lebih jelas sebelum beropini: https://t.co/r10pfhXUhp⁠�",2041394180430434366,,,in,,0,0,0,https://x.com/YusufAlman71238/status/2041394180430434366,1801386251612000256,YusufAlman71238,28,id,mojibake,True
2041390029755617397,2026-04-07 05:38:04+00:00,1,"पूर्व में IGRS, ट्विटर, 1912 और पावर हाउस में लिखित रूप से न जाने कितनी बार अवगत कराया जा चुका है। 2 साल पहले GPS फोटो सर्वे किया गया था आज तक कोई समाधान नहीं किया जा सका है । वर्तमान में 77 कनेक्शन है जिसमें 4 कनेक्शन 2 KWH से ऊपर हैं।",2041390029755617397,,,hi,,0,0,0,https://x.com/ImranAh86054416/status/2041390029755617397,1301172653403717633,ImranAh86054416,81,hi,foreign_lang_metadata_hi,True
2041387746472886576,2026-04-07 05:33:37+00:00,0,"पूर्व में IGRS, ट्विटर, 1912 और पावर हाउस में लिखित रूप से न जाने कितनी बार अवगत कराया जा चुका है। 2 साल पहले GPS फोटो सर्वे किया गया था आज तक कोई समाधान नहीं किया जा सका है । वर्तमान में 77 कनेक्शन है जिसमें 4 कनेक्शन 2 KWH से ऊपर हैं।",2041388908345491964,,ImranAh86054416,hi,,0,1,0,https://x.com/ImranAh86054416/status/2041388908345491964,1301172653403717633,ImranAh86054416,81,hi,foreign_lang_metadata_hi,True
2041385479585902924,2026-04-07 05:20:00+00:00,0,"@BdoLaharpur सर अब तो अधिकारी भी बोल रहे है की जांच करता है की जांच सही पाई गई है
IGRS ka फोटो 
सर अब तो प्रधान के ख़िलाफ़ क़ानूनी कारवाही हो (FIR) जल्द से जल्द करवाने की कृपा करे महोदय जी https://t.co/s2yYV8uqOc",2041385479585902924,https://pbs.twimg.com/media/HFR1MPcaUAAKdWT.jpg,BdoLaharpur,hi,,0,0,0,https://x.com/VishalKuma21519/status/2041385479585902924,1914564842729402368,VishalKuma21519,65,hi,foreign_lang_metadata_hi,True
2041384593040019830,2026-04-07 05:16:28+00:00,1,"सर अब तो अधिकारी भी बोल रहे है की जांच करता है की जांच सही पाई गई है
IGRS ka फोटो 
सर अब तो प्रधान के ख़िलाफ़ क़ानूनी कारवाही हो (FIR) जल्द से जल्द करवाने की कृपा करे महोदय जी 🙏🏻@DmSitapur https://t.co/GxylDxnPuN",2041384593040019830,https://pbs.twimg.com/media/HFR0DJWbwAAvgeK.jpg,,hi,,1,2,0,https://x.com/VishalKuma21519/status/2041384593040019830,1914564842729402368,VishalKuma21519,65,hi,foreign_lang_metadata_hi,True
2041384534613323986,2026-04-07 05:16:14+00:00,0,आलमबाग डिपो की बस UP 41BT 0374 के कंडक्टर द्वारा यात्री से निजी UPI में पैसे लेने (वित्तीय भ्रष्टाचार) व अभद्रता की शिकायत IGRS (40017426008138) व हेल्पलाइन (38720) पर की। 7 दिन बाद भी ARM/RM लखनऊ मौन हैं। क्या यूपी परिवहन में निजी खातों में वसूली मान्य है? @UPSRTC_HQ @UPGovt https://t.co/J2conkAWRY,2041384534613323986,https://pbs.twimg.com/media/HFR0aPBa8AANMLc.jpg,,hi,,0,0,0,https://x.com/SangathanV62070/status/2041384534613323986,2031692617172635648,SangathanV62070,90,hi,foreign_lang_metadata_hi,True
2041383818758926567,2026-04-07 05:13:24+00:00,0,@myogiadityanath sir आगरा के ग्राम कलवारी में एक बिजली कनेक्शन के 118000 रुपए मांग रहे है जबकि बिजली पोल घर के सामने है। IGRS पर बहुत शिकायत कर ली कुछ नहीं होता है। जिससे आपके against सेंटीमेंट जा रहे है। @babyranimaurya @Rajkumarchahar9,2041383818758926567,,myogiadityanath,hi,,0,0,0,https://x.com/Kshetrapal910/status/2041383818758926567,1959812107018629120,Kshetrapal910,62,hi,foreign_lang_metadata_hi,True
2041382349762679112,2026-04-07 05:07:42+00:00,1,"9 फरवरी 2026 तक 3765 रु बिल जमा करना शेष था लेकिन 2 दिन बाद 12260 रु गलत बिल आ गया 1 माह पहले मीटर भी बदला जा चुका है 200 ट्वीट, 1912 पर बीस बार कॉल, IGRS सब जगह शिकायत करने के बाद कार्यवाही शून्य @UPPCLLKO @MVVNLHQ द्वारा फर्जी/झूठी आख्या लगा दी जा रही है https://t.co/GXzfA8Ax2W",2041382387867955566,https://pbs.twimg.com/media/HFRyc_pbwAAA1Xu.jpg,Aadi1635890,hi,,0,1,0,https://x.com/Aadi1635890/status/2041382387867955566,1910238210627940352,Aadi1635890,89,hi,foreign_lang_metadata_hi,True
2041382349762679112,2026-04-07 05:07:38+00:00,0,"10 दिन हो गए है तकिया पावर हाउस जिला उन्नाव में,8 complain दर्ज हो चुकी, IGRS भी डाल चुके कोई कर्मचारी मीटर देखने तक नहीं आया @UPPCLLKO फर्जी एवं झूठी आख्या लगा दे raha है 
खाता सं-9236876000(राजेश्वरी )
मो -6393767364 @CMOfficeUP @MVVNLHQ @MVVNLmd @myogiadityanath @bstvlive https://t.co/VOEH7RGtge",2041382367282233614,https://pbs.twimg.com/media/HFRyb3AacAA5Gzt.jpg,Aadi1635890,hi,,0,1,0,https://x.com/Aadi1635890/status/2041382367282233614,1910238210627940352,Aadi1635890,74,hi,foreign_lang_metadata_hi,True
2041380006350524508,2026-04-07 04:58:15+00:00,0,"IGRS पर झूठा निस्तारण,  2 बार @DmSonbhadra  को डाक से पत्र,  1 बार तहसील दिवस मे सामने से शिकायत पत्र देने के बावजूद भी व न्यायालय के आदेश के बाद भी  कोई सुनवाई नहीं करना. विपक्ष द्वारा लगातर खेती करने से रोक टोक किया ही जा रहा रहा है  @CMOfficeUP  @myogioffice @ChiefSecyUP https://t.co/ATpX8BREKf",2041380006350524508,https://pbs.twimg.com/media/HFRwSS9a4AAtnpz.jpg,,hi,,0,0,1,https://x.com/Avinash53238080/status/2041380006350524508,1412521358601297922,Avinash53238080,90,hi,foreign_lang_metadata_hi,True
2041377482096754912,2026-04-07 04:48:13+00:00,0,"@BdoLaharpur सिर अब तो अधिकारी भी बोल रहे है की जांच करता है की जांच सही पाई गई है
IGRS ka फोटो 
सर अब तो प्रधान के ख़िलाफ़ क़ानूनी कारवाही हो (FIR) जल्द से जल्द करवाने की कृपा करे महोदय जी 🙏🏻 https://t.co/BRmSSWPtS9",2041377482096754912,https://pbs.twimg.com/media/HFRt6Xqa4AA-vXA.jpg,BdoLaharpur,hi,,0,0,0,https://x.com/VishalKuma21519/status/2041377482096754912,1914564842729402368,VishalKuma21519,66,hi,foreign_lang_metadata_hi,True
2041358175954473172,2026-04-07 03:31:30+00:00,0,"भारत के चौथे स्तम्भ पत्रकार जब असुरक्षित हों तो जनता का क्या हाल होगा चौरा खास थाना में तैनात हेड कांस्टेबल प्रेमनारायण वर्मा पर पत्रकार से गाली गलौज और धक्का मुक्की का आरोप है IGRS शिकायत के सात दिन बाद भी कोई कार्यवाही नहीं हुई @CMOfficeUP
 @AdgGkr @kushinagarpol @Uppolice https://t.co/1LtiCciyql",2041358175954473172,https://pbs.twimg.com/media/HFRcaCZbIAAOKQf.jpg,,hi,,0,0,0,https://x.com/RahulV_57/status/2041358175954473172,1255905080848547840,RahulV_57,97,hi,foreign_lang_metadata_hi,True
2041238740585349342,2026-04-07 03:21:23+00:00,0,@vikendrabudaun @budaunpolice @Uppolice @uptrafficpolice @dmbudaun @ArtoBadaun बदायूँ में पत्रों से कुछ सुना कहां जाता है; जिले की टेलिफोनिक डायरेक्टरी पूरी तरीके से विफल है। यहां पत्रों से क्या होगा: जब IGRS में शिकायत करने पर भी शिकायत का समाधान नहीं होता है। हफ्तों महीनों शिकायतें पड़ी रहती हैं; अब तो विधानसभा राज्यसभा और सदन से ही उम्मीद है। #JayBudaun,2041355631190515771,,vikendrabudaun,hi,,0,0,0,https://x.com/BudaunOutrage/status/2041355631190515771,1598714266923982848,BudaunOutrage,95,hi,foreign_lang_metadata_hi,True
2041350511883059414,2026-04-07 03:01:03+00:00,0,"भारत के चौथे स्तम्भ पत्रकार जब असुरक्षित हों तो जनता का क्या हाल होगा चौरा खास थाना में तैनात हेड कांस्टेबल प्रेमनारायण वर्मा पर पत्रकार से गाली गलौज और धक्का मुक्की का आरोप है IGRS शिकायत के सात दिन बाद भी कोई कार्यवाही नहीं हुई @CMOfficeUP
@yadavakhilesh @AdgGkr @kushinagarpol https://t.co/x0sVfgtgHm",2041350511883059414,https://pbs.twimg.com/media/HFRVdrbaAAALcZh.jpg,,hi,,0,0,0,https://x.com/RahulV_57/status/2041350511883059414,1255905080848547840,RahulV_57,97,hi,foreign_lang_metadata_hi,True
2041342409221775537,2026-04-07 02:28:51+00:00,0,"@myogiadityanath 
@UPGovt 
@CMOfficeUP 
@SDASaharanpur 
यूपी में भी यही हाल है 
Igrs पोर्टल पर कोई जवाब नहीं मिल रहा, sda से कल एक महीना हो जाएगा https://t.co/zzxryI88t4",2041342409221775537,https://pbs.twimg.com/media/HFROGIlaoAAB0we.jpg,myogiadityanath,hi,,0,0,0,https://x.com/Atulchoudharyji/status/2041342409221775537,332751162,Atulchoudharyji,38,hi,foreign_lang_metadata_hi,True
2041237521049534611,2026-04-07 02:26:25+00:00,1,"@beesikkuinkamu インドネシア人として、私はすでにあの無責任な老いぼれたちの行動に腹を立てています!
インドネシアのゲーム開発者が国際舞台で成功を収めて以来、欲深い政治エリートたちは、非常に腐敗したパフォーマンスのIGRSを結成し始めた!
IGRSはゲーム評価機関としてではなく、政治的な道具として設立された!",2041341797436379427,,beesikkuinkamu,ja,,0,0,0,https://x.com/kirayamineos24/status/2041341797436379427,1497765998459768833,kirayamineos24,8,ja,foreign_lang_metadata_ja,True
2041339457597825195,2026-04-07 02:17:07+00:00,0,"IGRSの問題は日本のニュースでも取り上げられたようだ。国内だけでなく、国際的にも、欲深いIGRS関係者の愚かさが嘲笑の的となっている！😊💢
だから私はあの役立たずの馬鹿どもがいない国に移住したんだ！😠💢
お前らクソ下水道ネズミどもと下劣な政治エリートどもめ！バカ！アホ！Fuck You!🤬🖕💢",2041339457597825195,,,ja,,0,0,0,https://x.com/kirayamineos24/status/2041339457597825195,1497765998459768833,kirayamineos24,10,ja,foreign_lang_metadata_ja,True
