term,score
tidak,53.85291931194926
masih,31.50215289114127
komdigi,28.117194573403626
indonesia,24.166018551160647
belum,24.10681457952977
orang,21.310292402856525
buzzer,21.228399342216946
sistem,21.078669557694358
the,18.766144579654135
bukan,18.74632386443673
resmi,18.639149505132394
anak,16.338399261881243
bikin,15.226531519209297
is,15.004143111972743
salah,14.783499692951132
main,13.203885920385838
system,13.014656322065001
data,12.604255325284427
tolol,12.593593005009525
self,12.528557249703834
biar,12.397299739354699
penjelasan,12.052912103056482
emang,11.982970095666435
pemerintah,11.7288815815567
to,11.524525840264408
final,11.046802705643715
pers,10.958043070437595
declare,10.896294479522703
jangan,10.832168976228798
self declare,10.627847985943651
of,10.579981660655855
siaran,10.564885801266989
wajar,10.476387329409073
tau,10.445927511907245
siaran pers,10.361035724499985
baca,10.35847179486001
in,10.122370021751706
belum final,10.064292967283327
pake,10.0260180005265
pemain,9.892394567232362
kontol,9.889779677245247
bahas,9.8585629640569
penyesuaian,9.784792171856727
and,9.666574863521452
kena,9.635142358878579
muda,9.589598241131279
umur,9.557456852248542
kasih,9.236237671248608
resminya,9.204416620918215
masuk,9.01992739863577
liat,8.995556817139136
developer,8.911389727244348
ngaco,8.79977117369984
esrb,8.764985877899635
bang,8.756218193675716
ngasih,8.265452976919759
bagus,8.102364044988295
dah,8.07133771987626
indo,7.97619759647769
anjing,7.9592672011613175
that,7.894425712729272
paham,7.830698550064588
beli,7.822037256552426
terkait,7.730124856799684
kerja,7.720262701403332
judol,7.612653554683371
proses,7.582064572077434
gara,7.451649064104235
pemain muda,7.447104709428333
muncul,7.4170467881294115
ratingnya,7.36540007012075
platform,7.353785055870918
tahap,7.341807998113651
si,7.341351549425058
sesuai,7.3206713094264
melindungi,7.166539463495743
gini,7.0167204867505975
aneh,6.960694706376499
deh,6.940680538658605
ekosistem,6.925952379788401
for,6.885302435937601
doang,6.879956398619431
gamer,6.873780137186992
this,6.826339521961094
negara,6.817432809207588
gamers,6.753906514470352
dibaca,6.69433453463027
cek,6.671544995668802
pegi,6.659723933321116
masih data,6.648096507566445
bilang,6.643044061574894
blokir,6.585824105727459
it,6.580142594702406
dapet,6.5266267476574376
rame,6.50843593170113
declare belum,6.490052010130462
goblok,6.456225613241127
gk,6.432189892269136
review,6.408431795883863
tujuannya,6.399319963395965
klarifikasi,6.299657750944184
mah,6.283803609433968
nyalahin,6.221580852413344
coba,6.199369683178111
rc,6.187605492997625
ngapain,6.113006319697775
kali,6.1087134425791385
palsu,6.100276825346559
maaf,6.086839319983714
publik,6.070886664521317
pers resmi,6.030525436958134
iarc,6.025732819273959
penjelasan resmi,6.006058914388523
pc,6.004621049048701
fuck,5.911731257835124
sok,5.889143995144705
mending,5.876647803928838
regulasi,5.875690284237895
boomer,5.866148444324736
kemarin,5.86133950470545
info,5.85334652417714
debat,5.775243851574987
klasifikasi,5.769967397738956
usia,5.738278861693768
yah,5.684641241695842
masih tahap,5.6798169289281075
komdongo,5.652814084789015
you,5.649015769963842
kek,5.643631876894647
what,5.596500188146601
kebijakan,5.590224293468509
isu,5.58121933967251
melindungi pemain,5.569396840998748
langsung,5.498454217292617
like,5.477818286379636
my,5.472144039228781
butuh,5.463069364946568
ngikutin,5.426365763300473
gooner,5.394203748070996
not,5.389776067599299
so,5.31927525952159
gitu,5.308612434022345
sampah,5.301483067781259
gaming,5.252733810347142
pers resminya,5.2391400339089165
bokep,5.237364778349287
rilis,5.198118518729497
gta,5.120337696289647
data self,5.102411597722246
mobile,5.099895300717744
games,5.079008475042046
dewasa,5.058790412483512
pas,5.00635765427311
malu,4.983577613094857
website,4.976778539775934
pakai,4.952054001822899
with,4.950508004846835
gamenya,4.944418249282587
lengkap,4.8763741210175535
tua,4.8588337835207405
they,4.83043601195258
mengikuti,4.829608572596443
be,4.821462625862836
fase,4.794110839133668
aturan,4.789409265085467
jujur,4.786644772548336
sistemnya,4.771215614630489
lihat,4.743489526182377
by,4.739547093226189
diskusi,4.733342895193573
penjelasan resminya,4.725041146193169
informasi,4.682397570530416
keliatan,4.6811728493247
we,4.678843345182197
age,4.661617895557687
isinya,4.651434548120815
loh,4.646419068369622
referensi,4.642708811064634
kesalahan,4.608392460574361
jg,4.568686213725306
wajar masih,4.566117879967753
link,4.542464270468447
valid,4.5381078496087595
tinggal,4.530006808019075
hasil,4.4913664936907285
tidak salah,4.475562674613537
kocak,4.458887108674414
yuk,4.456674494005241
tanpa,4.456674367415268
indonesian,4.452134168392725
program,4.4216600214636195
setuju,4.400948142651787
ngerti,4.397326945206093
isi,4.391785762759579
marah,4.378010398434351
hapus,4.327422611906595
gaben,4.317329005350899
an,4.3039006020478325
but,4.301478190325114
tujuan,4.286841257714653
user,4.266245711793356
as,4.26062445187575
gooning,4.248755489756492
rapi,4.245825094001928
trus,4.210221904588166
masih belum,4.210053002243073
can,4.206702176608147
rate,4.149409681297833
baca siaran,4.146546834586118
perbaikan,4.12943108878318
buka,4.114497125444994
politik,4.107412474791537
bro,4.099393053349502
ramai,4.073674703878492
kayaknya,4.045818739339873
sampe,4.04331335227081
store,4.036692427470011
btw,4.0365602316235405
wkwkwk,4.032131535313814
mas,4.030566953052522
bayar,4.021655294010355
percaya,4.012255289248974
benerin,4.000695361277253
konteksnya,3.997415284630867
tampilan,3.9677987394587677
pajak,3.9279712652176473
informasinya,3.9241976409421535
guys,3.9241797689026963
standar,3.897379925628022
konten,3.8889130107079892
wkwk,3.8828839557487376
konteks,3.8498071832079948
bukan resmi,3.8399681859741333
aman,3.8344845257400384
disesuaikan,3.81062225612643
market,3.7908707620349436
valve,3.7726518842695773
tp,3.7564552649680674
kaga,3.753514813251508
just,3.749159824305228
bingung,3.737173703707449
poin,3.7247647620751465
anies,3.7151976440177896
mbg,3.713008492996556
eh,3.6970955873735196
berita,3.6757183936420663
implementasi,3.669178239498674
tai,3.667280444434501
ngawur,3.654659872007354
emg,3.6532916066628633
ai,3.6121162649310414
ngaruh,3.607527655363138
akui,3.590729613898715
final wajar,3.5827030643520374
membingungkan,3.57640423475507
are,3.5755144212298857
kah,3.570252627982645
resmi terkait,3.5632850910223346
shit,3.562496025513412
transparan,3.560620980670235
fokus,3.5503423797414757
on,3.545570156009842
publisher,3.5435676500882227
cuman,3.5271583189145463
komunitas,3.525223356855775
rated,3.5075191519156697
perkara,3.4979152755655525
iya,3.466199529425346
kesimpulan,3.4413526496767703
no,3.4050547814715877
bermasalah,3.390908267240972
tim,3.3652038165744775
rakyat,3.346438864733253
dikasih,3.3456462010129107
lembaga,3.343986398265794
from,3.33808239363716
orang tua,3.326385072384702
silakan,3.3247941622550843
pengguna,3.311221017436578
noh,3.3055426448118586
dongo,3.2929575535126556
declare developer,3.2823758921680395
ngomong,3.2803188602215365
masih proses,3.2785129838051814
baiknya,3.265116974401572
semoga,3.2591786905153985
about,3.238431477838479
beredar,3.2372503728858146
kemkomdigi,3.2319903582829452
meluruskan,3.231626049385532
bawa,3.2277415334460846
akun,3.215834434002963
tangan,3.202113872104793
anjir,3.190836110525846
intinya,3.1812477942004214
sepenuhnya,3.1780421724662906
peak,3.16918852715619
because,3.155790719707279
alias,3.127267544142504
parah,3.116196406381861
dimana,3.1112543682326756
sumpah,3.0640365661780087
dirilis,3.0609858459245536
anak anak,3.0461194781377317
have,3.041678104626413
buzzernya,3.036634411464017
ngentot,3.0249287716077946
gede,2.9852345907573667
akurat,2.9741695931352963
salah paham,2.9614865167605338
wkwkw,2.9605179538302053
duit,2.9546779728212362
dev,2.9520095235577393
beneran,2.945219776379434
content,2.9354795392310833
nyawit,2.934021119562047
menata,2.9004860306357427
gooner system,2.894341737342221
digital,2.8849825980120727
penilaian,2.874875182327851
lg,2.863803028075107
keknya,2.8630663601679727
niatnya,2.86240207683644
block,2.8569057248736427
final masih,2.854358724983154
all,2.848076456609092
indonesia gooning,2.845244062407434
gooning system,2.845244062407434
oh,2.836347814636866
proses penyesuaian,2.8329681770011153
namanya,2.832287894194508
developer belum,2.8301985786176616
make,2.8289389454531584
tahap self,2.8175160956004506
lupa,2.791005896331624
masih penyesuaian,2.7902819189992316
babi,2.764958723354452
verifikasi,2.7633100860076025
belum pas,2.758832862613109
statement,2.7509213533021226
dipake,2.7216740159255033
menata ekosistem,2.7196037031023197
dibenahi,2.698905828184005
label,2.697645154327141
kayanya,2.6960324034945926
masih disesuaikan,2.677335483364473
muncul masih,2.6761683037141295
video,2.6746879615660597
kebanyakan,2.6717491037479135
ribut,2.6682555626175395
dipahami,2.6654354853554167
kriteria,2.658030318620924
or,2.655651928890731
dibilang,2.6484625484840327
mainin,2.6473867897081726
out,2.645185876281182
got,2.637347596220238
ulang,2.633755867491197
protes,2.616962239784837
konsisten,2.6069634401506567
your,2.606528929677609
sisi,2.589475178601698
if,2.5877994099079418
lucu,2.587187765599525
cocok,2.585852200077858
datanya,2.5789208816605194
update,2.5659067085388187
masih self,2.5600056684655117
karna,2.555786858712716
menarik,2.5483322742457353
wajar belum,2.548270880469283
berdasarkan,2.5385157626019756
diperbaiki,2.5349701601218637
bareng,2.529693013203877
panduan,2.5221212035995992
muda menata,2.504589019454519
acuan,2.503358952895389
transparansi,2.5018222360852094
bahan,2.500729682979913
kagak,2.4970747228897805
anggaran,2.491508382792324
sehat,2.4841494335451757
terbuka,2.4792103822573197
kacau,2.47550015194577
nukitashi,2.4725807244067215
people,2.4716003282214567
perlindungan,2.4657145442306483
jalan,2.4634917159316423
fucking,2.4606580495900587
mulu,2.4575405314913183
maen,2.45603744860373
sexual,2.454263486655006
dibaca biar,2.4528297697472143
hentai,2.4404671820848676
kelakuan,2.4399971090976025
indonesia gooner,2.439259981665259
tweet,2.4355194753055414
ekosistem wajar,2.434713946582688
one,2.431649847211
tag,2.428497144185381
sahabat,2.413675933981911
dunia,2.4124335524498046
wajar fase,2.4070660255387657
mayoritas,2.4021922332303762
lokal,2.4008656168188094
logika,2.395327093486191
tidak main,2.3883703124204496
kejadian,2.381994382375892
bela,2.374168694704752
uang,2.363503994966192
lindungi,2.3606942084486047
investigasi,2.3560158942922764
opini,2.348253316630252
industri,2.347298025106881
belajar,2.334831683663156
akal,2.3122176322097685
gara gara,2.302821120808648
kejanggalan,2.299935683277177
media,2.2961583468116347
nge,2.295347508209592
anj,2.293609951443607
dukung,2.2806219785473347
those,2.280371195091851
jir,2.2790909603336833
know,2.278662412453454
penasaran,2.276049481806168
sebenernya,2.275138396367803
produk,2.2747952270283345
think,2.272395074638197
unsur,2.2661720668231036
khusus,2.26327788990907
how,2.2478465753677748
blunder,2.2455975764623353
fase masih,2.2441080153904323
sistem masih,2.2440499742485156
manusia,2.2353546178081785
urus,2.2347380655087545
dibikin,2.22355189941819
diem,2.2155319936201874
full,2.215138988937506
emangnya,2.2143472804427007
pegi esrb,2.214207309777918
up,2.2125985721592576
orang orang,2.203487491697576
pasar,2.200998837342466
via,2.196798480799877
sexual content,2.1950306825036185
still,2.194694713460186
ngeliat,2.1904642613387786
abis,2.1894932828476823
tahap penyesuaian,2.1853714851476074
in the,2.1824070179336834
jelek,2.17932865673066
rutin,2.173967401287781
down,2.163897236884295
masuk akal,2.161775555116964
dlu,2.161427687180247
bodoh,2.159984252408037
senin,2.1536750844694836
pse,2.147686744429467
pribadi,2.1446990219108417
menarik kesimpulan,2.144508249732923
ato,2.1384482793270045
dibahas,2.1367995061091407
resmi pemerintah,2.130083488201125
belum hasil,2.1299438107737356
even,2.116852114852528
yaa,2.110261692006756
tampil,2.108788687189002
has,2.097392817019537
twitter,2.0913288789198963
any,2.0870469252223125
pemerintahan,2.081100658736188
ambil,2.080221830145463
online,2.079240149298475
narasi,2.07547970298382
cok,2.065422335669695
mahal,2.063248204142372
dibenerin,2.0630514404105265
film,2.061803047721184
do,2.0579977914653655
simak,2.0564984111521176
allah,2.0538505568595014
ikutan,2.0504827501658967
tanggung,2.047539312152781
teknis,2.0448634200498765
ps,2.0439051567349122
lempar,2.0430406589976298
bayar buzzer,2.039996662195937
gunanya,2.03762399711781
indonesia system,2.0349043164820886
nudity,2.034861209488535
also,2.028571037048313
minimal,2.0275457387634903
pahami,2.026340970667983
gajelas,2.022727583858271
point,2.0215455218190823
masyarakat,2.020993356840516
biar tidak,2.015730645564453
utamanya,2.0153868908495554
agi,2.010157110734133
syarat,2.008436965790875
ban,2.0063871978534826
eksekusi,2.005245737786139
cik,2.003051826058815
terkait sistem,1.9988419879739703
mengikuti isu,1.9959229949698247
peduli,1.9922412630986264
not fit,1.9909950721853171
fit,1.9909950721853171
distribution,1.9909950721853171
pokoknya,1.977912050011036
google,1.9762319182736183
nerapin,1.97579966272847
kecanduan,1.9753724600489346
ngurus,1.9691805408372178
serang,1.9679327833669538
kekerasan,1.9669830622215203
postingan,1.9640248904010582
utuh,1.9635389558366525
rilis resmi,1.9516569207227488
saran,1.949727462868807
genshin,1.9432878073744795
jujur tampilan,1.942117953360539
dikit,1.941627666792053
international,1.9376782145000409
app,1.9359695733043683
ngurusin,1.9352127521713918
its,1.9344802477227199
gausah,1.9297561891408566
sewa,1.9282906112089266
sewa buzzer,1.9282906112089266
tidur,1.9270612533733238
sosmed,1.923123284972589
woi,1.921891337952992
data belum,1.91299709172151
jt,1.9076978778520592
data masih,1.9071772169328205
ngomongin,1.9022582379307642
meme,1.8984751842719658
of the,1.8926202518858741
belum sepenuhnya,1.8921895505738417
silakan cek,1.8911263250122703
suka,1.8898062542808063
was,1.884759431513092
blok,1.8842552695990844
gila,1.884209477782679
dll,1.8811494043544044
such,1.880760370623285
ayam,1.877899303024544
internasional,1.8693457819384354
persona,1.8686380230275195
membatasi,1.8650367772075902
esrb pegi,1.8649272090834836
some,1.861851327525729
bantu,1.8603971990095443
memek,1.857149826884461
sakit,1.8542470593546607
sims,1.8512604423825598
the sims,1.8512604423825598
gooners,1.8512553808571028
go,1.8510423660851645
anak main,1.8510178814467944
issue,1.8440337350628724
hafid,1.8439975603545142
solusi,1.8414641885668315
buset,1.8411596137431274
normal,1.8382868235580831
transisi,1.8295239972627106
our,1.8283967635343075
joke,1.8281382333606953
harga,1.8257627434088703
diblokir,1.8246910442554254
tersedia,1.819666510042821
ml,1.8160651076351886
tidak sesuai,1.8135665402983214
playing,1.8094850997296759
komunikasi,1.8041659939874688
dibikin rapi,1.8034230447748945
anak muda,1.799329380302484
nasional,1.7983671670766121
disalahin,1.7935349882543759
region,1.7927576616959164
kompeten,1.7891193698901842
alasannya,1.7808962991520145
untung,1.772635455365999
maksudnya,1.7713112059412346
rated by,1.7707002585374532
regional,1.7695261184003985
dicek,1.7677914471939242
pemerintah indonesia,1.7633080027628691
diakui,1.7610423178034604
their,1.757828232618038
kategori,1.752554216376324
ngasal,1.7523821374207231
distribusi,1.7508114459032553
juta,1.7491506734166051
penjelasan siaran,1.746924988658422
sistem belum,1.7467752070982847
penerapan,1.7438378673187176
biar paham,1.7391009714615213
ngikut,1.734544215063086
hp,1.730006504387883
contohnya,1.7273655792273368
sembarangan,1.7268424404127605
fit for,1.722999484513561
for distribution,1.722999484513561
bersifat,1.722909688176942
kemarin tidak,1.7135095750007159
dibeli,1.7066198099716787
menilai,1.7023040427537945
bocil,1.7012398748302981
pantek,1.696218099905507
pembatasan,1.693397382658995
diurusin,1.6919580176384583
teman,1.6888919155246043
melindungi anak,1.6888568533058272
team,1.6863256444675527
filter,1.68303224514792
utama,1.6828685153631786
mari,1.6822658329381839
who,1.6799460185333932
malam,1.6796289148998853
ratings,1.6788568346735158
tidak ngerti,1.6759169331253008
tujuannya melindungi,1.6757626154266316
isu penjelasan,1.6741760529915295
ambil kesimpulan,1.672127233513172
hasilnya,1.669029680759823
dicabut,1.663760737584623
story,1.662158885808969
ketawa,1.6565708392011282
benerin noh,1.6552014768114036
please,1.6541516401925724
re,1.6536494450720738
epic,1.6531100041680127
tidak paham,1.6520066102783806
gambaran,1.6499818573401255
play,1.649061041058202
teknologi,1.6460502958215502
never,1.644159664736318
kemaren,1.6439217944067588
lolos,1.6427933151222642
konsumen,1.6425274154410126
penyesuaian wajar,1.6412528982145806
deepspace,1.636960338160491
government,1.6366950942113427
new,1.6338587635892434
lbh,1.6319522663995996
jelasin,1.6294350610336954
more,1.6208887001992682
porno,1.6187081277198545
potensi,1.616713054383319
alasan,1.6152359325460648
will,1.6133565391068472
diperjelas,1.6131625131026435
tampil masih,1.611848405717922
emang tidak,1.6117875730236706
akui kejanggalan,1.6104242589917257
ikutin,1.6104079514555325
komdigi bukan,1.610204174968136
ready,1.6074393542835164
stop,1.6071649234118692
polemik,1.607056446572793
seru,1.603125700665061
get,1.6018293297558464
kalangan,1.5976006006839434
censorship,1.5973807458357085
orang komdigi,1.5973224614912096
malak,1.596771128251911
lho,1.5961960798965267
april,1.5890675018121294
bad,1.5889227911588937
nyari,1.5883745525226143
coretax,1.5866853450736647
amerika,1.585063852571956
fitur,1.5850182403308781
well,1.5847777122261155
membeli,1.582856497613076
ye,1.5827960153759535
perlindungan pemain,1.582278363182591
bertani,1.580491329015942
kaget,1.5780062497736367
dirilis dibaca,1.5761057146792268
ig,1.5730030004639435
silahkan,1.5719909021483685
mata,1.571429626981593
stupid,1.5705492231264613
berpendapat,1.5694265731538217
total,1.5616781545898402
beres,1.5598765217447341
kesel,1.5568945781128387
adegan,1.553821375553893
niat,1.5531688991641919
deklarasi,1.5526959641389018
red,1.5523191032204788
us,1.5519178371660898
kau,1.5518046274625754
emosi,1.550663881990318
khawatir,1.5499633953678553
berani,1.5470548376747368
marah marah,1.5461049193835295
see,1.5444741938620132
uang pajak,1.5431314831872756
tampilan masih,1.5400841138296844
menyalahkan,1.5396077307946654
info beredar,1.530648511320771
ah,1.5303583547070294
ganti,1.5303242876054002
ramai bahas,1.52826802908383
cuci,1.5276297235612653
habis,1.525864811042188
tidak layak,1.5253213237078969
layak,1.5253213237078969
males,1.5201251000805307
ngerating,1.5166034426612067
tetep,1.5151035310958263
beritanya,1.5116444739035582
tolol emang,1.5111765008564477
ulah,1.5105584143708077
zzz,1.5095655368644405
kasian,1.505985529404754
kedepannya,1.505934800534898
dasar,1.5045275272707848
jgn,1.5044064723828003
besok,1.5039949924908578
wkwkwkwk,1.5034845099096386
menang,1.5031228409510724
ortu,1.4975307320049875
uda,1.4940118089856973
dirugikan,1.4925322819598694
arah,1.4921166352691273
tololll,1.4892531628891164
case,1.4870299143965087
panas,1.4866598124192163
lindungi pemain,1.4841741134708528
makan,1.4821618273205939
tita,1.4812948274285938
cari,1.4811014631987267
kelar,1.480943184825124
mundur,1.480116887310304
apasih,1.4783370382166199
kudu,1.4777259629771806
anjeng,1.477393468591755
meluruskan muncul,1.4772009736878107
faktanya,1.4739656252154303
disempurnakan,1.4737867391705004
pake buzzer,1.4685119838333294
is so,1.4684508963448026
anime,1.4680466870361117
malu in,1.467922671649092
nambahin,1.4674195082394124
really,1.4643963881625088
eksekusinya,1.464381964362647
ipin,1.4631501125718682
upin,1.4631501125718682
upin ipin,1.4631501125718682
becus,1.4617811682802764
masukin,1.460126594452681
masak,1.4588608900567615
internet,1.4548971525486092
jd,1.4535072597081446
steamnya,1.452625586564626
coba cek,1.4524296590513912
beredar indonesia,1.4519197911961277
illegal,1.4512368539389808
jangan lupa,1.4490534144671519
pending,1.4462905016314906
mengacu,1.4458537000085778
astaghfirullah,1.4420052154379417
edukasi,1.4395489472321137
deploy,1.4379858843132636
bidang,1.4376418532467663
isinya boomer,1.4362192409881935
lawan,1.4320057983519003
bikin tidak,1.4307626568771226
at,1.4290547611475508
sepakat,1.4269400705413502
sistem pake,1.4259757229721375
resmi komdigi,1.4241294491653695
tolong,1.422794662801499
nekopara,1.4224738517135667
bpk,1.421600791692124
terima,1.4211552023832024
to be,1.420937381078872
way,1.4206338505182894
asik,1.4176500701309587
sok asik,1.4176500701309587
cek informasinya,1.4168571007343864
sibuk,1.4155727969846608
bangka,1.4149155913558278
penyempurnaan,1.411746385082589
mengisi,1.4111028049881937
kementerian,1.4105054150748075
keras,1.4091764381859524
dibanding,1.4087977722028362
situs,1.407792812736628
temen,1.406530376908774
argumen,1.4057571012823764
pengen,1.404932640984708
bubar,1.4042075662487197
love,1.400764710669776
kawal,1.399830414378992
jdi,1.39880163862263
hate,1.395001017615697
melanggar,1.3945783492797894
penerapannya,1.3939325787598036
hidup,1.3933512905782872
anak indonesia,1.393168668385955
resmi konteksnya,1.3929444145397338
need,1.3921682544419043
rame penjelasan,1.3914172574642871
suruh,1.3913955083173897
market indonesia,1.3911665911564377
top,1.3908790507754794
ngajarin,1.387451864506267
nutupin,1.383681009616473
gambaran utuh,1.3821855019976907
cero,1.381423536902944
when,1.3807987440319704
sistemnya masih,1.3784969113008751
tidak setuju,1.3772773578180608
meanwhile,1.3757505843081792
komdigi tolol,1.375738798519135
masih fase,1.3754409933354077
efektif,1.37487160405975
global,1.3747846581295347
final tujuannya,1.3747523928732797
tautan,1.3744701813076323
classification,1.3731400016446704
playing victim,1.3731311877981522
victim,1.3731311877981522
aaa,1.3726840576169268
simulator,1.3721281404507242
asli,1.3706460045570232
beda,1.368901767267685
turun,1.36799190752963
bu,1.3675849706879033
that the,1.3672739892054533
ekonomi,1.366181168467164
otomatis,1.3649042074918207
stafsus,1.3648734790238146
memilih,1.3628421382237104
bicara,1.3611416575582052
cause,1.3602158232641974
rumah,1.355520596911106
kena rc,1.348539701046752
with the,1.3477182296013746
keresahan,1.3473804806846463
balita,1.345342766372083
tidak beli,1.3421455996382796
something,1.341577740899926
evaluasi,1.340936127461671
gamer developer,1.340129367960568
is the,1.337662967273085
actually,1.3368610226612094
lawak,1.3356757465667635
sorry,1.3330378871413222
feel,1.3301344016686665
did,1.3295292541874026
gabisa,1.3286404246232828
personil,1.3285958256060197
playstore,1.3277448692113039
sensor,1.3274579983293715
oke,1.3261190782513124
should,1.3242101912975424
toge,1.3229583104094038
hoax,1.3226687278323268
informasinya lengkap,1.3223346665604043
gov,1.322077227849287
aldo,1.320378751711203
cape,1.3203509684560384
debat baca,1.3201380718262552
timeline,1.317422721636002
otak,1.3154248399576258
hubungan,1.3152825807071609
bangsat,1.3128538953810216
perihal,1.312175568996111
maniak,1.3100195072232739
tujuan utamanya,1.3084687441536391
questionare,1.3066607726270516
mudah,1.3053455197469281
control,1.3043125806170301
standard,1.3018101603983316
detailnya,1.2981850619382078
berlaku,1.297172972736366
keputusan,1.2946194046944468
baca penjelasan,1.2921983102888142
okay,1.2892413863894046
pake esrb,1.2888520608770164
butuh penyesuaian,1.2885902256367805
windah,1.287159911883699
yak,1.2840391433122704
dilarang,1.278200921726048
bokep dapet,1.2766976283044902
membingungkan orang,1.2754584582884578
berguna,1.2751650760336326
tidak berguna,1.2751650760336326
moga,1.2739877867473517
gatau,1.273504342576293
which,1.26957761774027
bullshit,1.267343410838397
berubah,1.2670426417186924
dampak,1.2644204987092273
kemana,1.2638389171508921
tidak ngaruh,1.2626042224765133
fase penyesuaian,1.2615142704781075
resmi kemkomdigi,1.2598210415916122
genre,1.2597233855867138
korupsi,1.2588711733127695
masih butuh,1.256041479030042
ngikutin rame,1.2500197678820923
chat,1.24889901287545
input,1.243457368595184
lumayan,1.2431376213243472
situ,1.2422131505224305
rockstar,1.23981077460573
gapapa,1.238335622200231
ngamuk,1.231706583436889
mikir,1.231212448436311
source,1.2302312892930005
ko,1.229159996165801
nanya,1.2289672524429711
bet,1.2282069387221304
bebas,1.2278880865253345
serius,1.2271829116641622
adult,1.2257556981358624
implementasikan,1.2249273189833205
tau belum,1.2246066530903055
bos,1.2217160487011616
tidak becus,1.22148419254666
sesuai umur,1.220417106505379
problem,1.2199472124344133
ginian,1.2198261795158523
usia pemain,1.2182694654919404
guess,1.2151094092807824
tunggu,1.2138950656851915
jam,1.2133527835061741
this is,1.2107591691505446
would,1.2088837399822474
tl,1.2064236968691429
bola,1.2060968997953287
there,1.205262132339753
membantu,1.204431224800181
medsos,1.2030316672966967
ribet,1.2026390562798164
campur,1.2025376722454966
klaim,1.1998513265829185
is not,1.195293267166621
dibawah,1.192849003638312
sesuai usia,1.1912020180985918
menyesuaikan,1.1900733836256012
logo,1.189831166919256
sok sokan,1.1891483931517357
sokan,1.1891483931517357
papa,1.1883126913915578
release,1.1882514044256878
tua bangka,1.1872054579930633
user review,1.1870391692400215
air,1.1820756013812959
ayo,1.1814061162172766
jalur,1.1770278857505359
email,1.1768655501913257
pas proses,1.1765076467291165
ministry,1.1754069835881504
gampang,1.1747042112994508
sepenuhnya valid,1.1743612803476884
kerjanya,1.1738657478282013
bukti,1.1731264057819113
sistem dibenahi,1.172125268731659
lempar tanggung,1.1715163372470407
ku,1.1696110435978864
baiknya baca,1.1688458066835055
true,1.1685642281505062
resminya bahan,1.1651018059674978
berbasis,1.164155030204327
tidak kerja,1.1632172101925606
penyesuaian butuh,1.1609483869762305
meresahkan,1.1608908520569752
yuk baca,1.160673040168783
pernyataan,1.1598703819607084
mengontrol,1.1586780441066376
dianggap,1.1576617217278704
belain,1.1571433924004666
biar gambaran,1.156805684070951
pagi,1.153639904147773
rezim,1.153016326551959
bubarin,1.1478387356473363
friendly,1.146433924165188
kolot,1.1458021984867754
konsol,1.1452266300939469
said,1.143936143136256
tambahan,1.1438143118987083
diakses,1.142542199346688
play store,1.1419094465573056
penjelasan rutin,1.1392610212023133
rutin transparansi,1.1392610212023133
si tolol,1.1390329058609752
ngaruh hidup,1.1383152113825563
elu,1.1368697861319823
paypal,1.136421276951873
pengguna sistem,1.1350638392247037
bahas siaran,1.1327964806052095
maju,1.132367283040261
lihat penjelasan,1.1300939111279062
yapping,1.1295083949168256
gaada,1.1293937612112512
app store,1.1276453767099284
tsb,1.1250138298459982
memainkan,1.1233779891369828
urusan,1.123336159364293
anak tidak,1.1230296412341696
bikin sistem,1.1227736394618626
biar sistem,1.1222552684292175
idealnya,1.1217660586700007
many,1.120967713505891
main tidak,1.1199200098607902
dlm,1.118550790307283
buang,1.1185090272352944
susah,1.1181326405071215
negara tidak,1.1181232998454758
deklarasi developer,1.1175693024709503
tujuannya bagus,1.1170622946482824
membingungkan sistem,1.1170112334885427
here,1.116773626050371
terapin,1.115478374795219
final proses,1.1134430152195733
ngatur,1.113189144353743
hadir,1.1124636765630733
resmi dirilis,1.1095174713237221
disesuaikan diperjelas,1.1086277942213236
for the,1.1083075616790528
free,1.107798308534051
ngelihat,1.1077722776984604
debat oke,1.1076009106601894
oke baca,1.1076009106601894
bikin orang,1.1066181150307042
utamanya melindungi,1.1061750426592827
gameindonesia,1.1057339950229557
takut,1.0997831870349393
disitu,1.098499251449796
why,1.0962967258918397
now,1.0950380872212808
nyampe,1.0936621206079586
la,1.0926427719735663
bkn,1.092180270792642
aj,1.0898230461088416
sistem penjelasan,1.0856715868557487
mengerti,1.0855657152663802
diisi,1.0846722463789753
unsur dewasa,1.0842631289403266
dear,1.0813402922138526
ratinggame,1.0800285876055327
say,1.0799088699572534
sebatas,1.0793070089289325
dikeluarkan,1.078054683574801
proyek,1.0780320825147038
anak umur,1.0766188175394
while,1.075898621164764
gaji,1.0753551656431464
time,1.0749809029851713
transparansi kriteria,1.0709808853285219
infonya,1.0685646180092458
yet,1.0664620940697054
berantakan,1.0658928916092785
this shit,1.0649554059358781
kabar,1.064168028505203
klarifikasi masih,1.063177106857073
masih deklarasi,1.0621527184699415
info masih,1.0617684556485354
datanya belum,1.0594627945563677
viral,1.0593828219374213
masih bersifat,1.0581630800192607
muak,1.0576016253504574
literally,1.0565158368153724
mandiri,1.056284493667611
ngapain bikin,1.0553398118598958
resmi referensi,1.0552848634549732
being,1.0520988686725044
tidak masuk,1.0514403739419202
kerjain,1.0508852205075245
generasi,1.0493282372404236
ngeles,1.0485075683693583
pengembangan,1.0462035821588513
status,1.045029835787597
berkurang,1.044319998671173
to the,1.0414135962523827
bayangin,1.0412902978016065
gagal,1.039717968598054
audit,1.0389788607363024
sistem butuh,1.038854143150577
kantor,1.0379360763360097
china,1.0366448268697246
ketimbang,1.0316310257812977
spam,1.031189600870728
flagged,1.0309730474842573
kurasi,1.029729561753845
dialog,1.028680925842305
barusan,1.0262999969071922
what they,1.0261277105814774
izin,1.0239055675786644
konsep,1.022812144760269
keliatan kerja,1.0217068575070636
regulasi valid,1.0202640249372268
denger,1.0197784497002365
tidak tidak,1.0194505473841138
tujuannya perlindungan,1.0188802919713296
apapun,1.0173093023140705
ketauan,1.0165502520707277
giving,1.0162073621477306
blur,1.0147183420473038
pengin,1.0145672817216385
search,1.0132484258722687
gamau,1.0107578559780042
bikin ekosistem,1.0105212626639108
iarc questionare,1.0095514170583848
disalahkan,1.008564124068258
understand,1.0075495836897361
mh,1.0048873987581444
poin politik,1.0033677662399936
masih disempurnakan,1.0024754458554832
topic,1.002286366611476
claim,1.001857371584596
resminya biar,1.0015234919214002
bilang maaf,1.0009896018635243
legal,1.0001371441938383
memperbaiki,0.9997494288150146
ngerti tidak,0.9967277415049367
memiliki,0.99481423334639
biar informasinya,0.9936064984173754
cyberpunk,0.9907723239977657
public,0.9902006361328213
laptop,0.987721419953616
halu,0.9860133412406835
player,0.9849559890227064
nintendo,0.9837446011687274
nyewa buzzer,0.98189054845694
nyewa,0.98189054845694
belum rapi,0.9816339461864151
terlepas,0.9813285629015022
wajar muncul,0.9809918122211813
keep,0.9802721034140751
usianya,0.9781771353021815
diluruskan,0.9781467870313333
masih tidak,0.9766433983621541
gamers indo,0.9759924342090966
dirating,0.9758579769485357
kak,0.9743570676802684
cuci tangan,0.9736646920666849
refused,0.971810171068854
refused classification,0.971810171068854
masih membingungkan,0.9701727507848252
xbox,0.9690419346029492
debat tanpa,0.9678324854604535
kementrian,0.9653006218491743
tanah,0.9630101657762284
country,0.9609437100311145
kominfo,0.9595255437185239
ttg,0.9585435894494653
fine,0.9580929031349993
santai,0.9565842244070069
resminya dirilis,0.9547052167716721
tidak peduli,0.9546912102597868
penyesuaian tujuan,0.9530683754968634
enak,0.9529650036745931
selesai,0.9525199170814789
beredar lengkap,0.9514809229477467
kesesuaian,0.9495074604372307
terbukti,0.9489770290175087
market indo,0.9480256445102685
informasi resmi,0.9471363174938421
warga,0.9465299517685747
kecuali,0.9461296273763691
batas,0.9439205294366291
permainan,0.9436037359513285
ramai siaran,0.9433924986731458
platformnya,0.942803506919402
bisanya,0.9426687198922757
so fucking,0.9424073133770908
bukan anak,0.9417914367815745
berpotensi,0.939975453079962
jt anak,0.9397510261443991
penataan ekosistem,0.938754588090875
penataan,0.938754588090875
cek menarik,0.9373141692446182
amburadul,0.9352419165499831
beli mahal,0.9337041815963121
muda ekosistem,0.9333229904447703
dpt,0.9331212352663552
benci,0.9322989592819136
tag sexual,0.9318309423475266
pemain masih,0.9307317582819754
good,0.9301900132068301
ruang,0.9293808377309449
rinci,0.9292099387659047
terhubung,0.9288700584173859
biar info,0.9280586088861635
back,0.9277261059117926
back to,0.9277261059117926
mgkn,0.927707433147382
update penjelasan,0.9270256164605055
final niat,0.9268078077813047
didistribusikan,0.9264801001006808
don,0.9253492348854735
ribu,0.9245915482431923
fucked,0.9244153972639008
memalsukan,0.9238707162409124
farming,0.9234871407580617
use,0.9211818990749157
umur tidak,0.9210851241230172
feedback,0.9199382229152939
konteksnya dibaca,0.9173819507871673
ratingnya tidak,0.9153264716091506
hak,0.9152631658350697
blame,0.9144257155215592
merapikan,0.9132544054187015
merapikan ekosistem,0.9132544054187015
hukum,0.9132026682552563
incorrect,0.9121640188938422
komunitas gamers,0.9121550508160088
masuk indonesia,0.9121368514930364
emang tolol,0.9111767580838834
sistem tidak,0.9111472130768429
sempurna,0.9108889375744377
jepang,0.9104113437947952
negatif,0.9088147768096343
money,0.9081629860140167
devs,0.9079384485810056
look,0.9060114183285355
yes,0.9056448032974811
baca data,0.9038048751147973
batasan,0.9037932321115596
zaman,0.9036662052098521
life,0.9025902178655156
politik ngaruh,0.9023570713148558
id,0.9023146657917389
konstruktif,0.9010729205408834
resmi biar,0.8986436539989843
sistem namanya,0.8985838680167394
prosesnya,0.8974624398176089
komdigi tidak,0.8971614332731738
puluhan,0.8964624737763514
duduk,0.8951432889415423
perkaranya,0.8951432889415423
duduk perkaranya,0.8951432889415423
gta vi,0.8946818928122086
vi,0.8946818928122086
lindungi anak,0.8925108332427982
suara,0.8915561952795824
kebijakannya,0.8915299532688137
pinter,0.8914103537782325
they have,0.8911079764299645
trash,0.8898610489897336
submit,0.889574629704697
penyesuaian sistem,0.8888814999951016
angka,0.8885535779689596
sifatnya,0.8877347144665924
stabil,0.8847898307295301
milih,0.8833743627635515
kementerian komunikasi,0.8807360706007947
komunikasi digital,0.8807360706007947
korup,0.8796609602568151
tidak tau,0.8790545490648685
bikin bingung,0.8788241734139022
sistem melindungi,0.8788236680392139
terlindungi,0.8786183402070187
maksa,0.8750353447638821
isinya orang,0.8749177193784624
biar ekosistem,0.8746061699730248
ekosistem aman,0.8727517892607419
implementasinya,0.8710919961595007
sistem ratingnya,0.8682200143001382
internal,0.8677853334212635
tidak mengerti,0.8671292502877062
contoh,0.866530822309234
dijadikan,0.8662962083666219
maklum masih,0.8657665865738813
maklum,0.8657665865738813
objektif,0.864616678635336
feels,0.8629973297460732
until,0.8609830339707567
we re,0.8606129006362933
nyusahin,0.8598292600801336
upaya,0.8587614870466762
sadar,0.8566689269292749
halaman,0.8565820013362431
tidak unsur,0.8531068660123056
regarding,0.8514679691467546
ekosistem sehat,0.8510566503393358
butuh proses,0.8496037473787508
rates,0.8481307073010986
and are,0.8471522613753149
form,0.8453214234486712
kasar,0.8422128112552936
keren,0.8420570691499694
implementation,0.8405683044413625
bukan platform,0.840529523178114
politik regulasi,0.8360942390269437
silakan simak,0.8358203727402171
tautan yuk,0.8355437085466066
baca detailnya,0.8355437085466066
dirapikan,0.834734283611174
kualitas,0.8340083998931003
semoga evaluasi,0.8335844058878843
evaluasi penyempurnaan,0.8335844058878843
proses semoga,0.8335844058878843
sisi pengguna,0.8335844058878843
penyempurnaan konsisten,0.8335844058878843
gaya,0.833072194893429
menahu,0.8295943851275862
kriteria perbaikan,0.8291143470898882
dengerin,0.8269774991560555
kasihan,0.8247645471571259
kasihan orang,0.8247645471571259
pemblokiran,0.8222297241734196
platform pc,0.8208644223653769
thing,0.8203841992551931
masih berbasis,0.8179946499177602
stuff,0.816911189447786
lepas,0.8160570929531179
different,0.815643598071282
milik,0.813970801511852
own,0.8118659743570491
indonesia pakai,0.8110120610040241
auto,0.8100965860931111
biarin,0.8087948647697648
seneng,0.8075905974702742
cm,0.8070146346062986
indonesia bukan,0.8060168280223976
ekosistem indonesia,0.8043542321215076
had,0.8033976124978011
masukan,0.7981239446110164
should be,0.7979994949235926
orang dewasa,0.7977444603793706
bahaya,0.7964596301913066
funny,0.7932702540086007
we are,0.7910551671962659
penuh,0.7906417125502812
anaknya,0.7889404401322963
pakai data,0.7873000103688164
they re,0.7871904001960965
provide,0.7835595898589544
lha,0.7806570890702982
portal,0.7787744561142504
made,0.7741959691589552
meluruskan tampil,0.770534774722401
an bikin,0.7672781852017403
muda bikin,0.7634592293883281
tolol tidak,0.7608770861550718
bukan blokir,0.7606678894483516
office,0.7542768082587273
pemerintah resmi,0.7364847501876729
tujuannya lindungi,0.7344222454053306
communication,0.7335467581698654
ministry of,0.7335467581698654
out of,0.7312376194464502
penyesuaian update,0.7311458734222783
kriterianya,0.7311458734222783
transparansi kriterianya,0.7311458734222783
orang masih,0.7311458734222783
hrs,0.7285381001973619
decided,0.7255426226299226
decided to,0.7255426226299226
and this,0.7224727370273228
google play,0.7223711048828335
batas umur,0.7202591311953687
said that,0.7109862493488504
ketentuan indonesia,0.7109131295048878
kemkomdigi bukan,0.7109131295048878
berpotensi langgar,0.7109131295048878
langgar,0.7109131295048878
langgar ketentuan,0.7109131295048878
ketentuan,0.7109131295048878
resmi berpotensi,0.7109131295048878
bedain,0.7088050095649892
been,0.7083499342422822
pengguna indonesia,0.7078947964502471
them,0.7051482161295201
apple,0.7048289892349434
the system,0.698288322727114
mostly,0.6912332876649683
beyond,0.6843700912045777
niat utamanya,0.6824706419325167
ago,0.6682746553724539
in indonesia,0.6645881123684894
is just,0.6600695597793758
muda penataan,0.6520925996313662
kids,0.6476611848974929
like this,0.609625772495524
just one,0.6051147900037674
than,0.5858798626221365
isn,0.5834993381813599
children,0.5806577251402459
the government,0.5658080096756973
too,0.537586527308471
