trigram,frequency
self declare belum,35
declare belum final,32
data self declare,26
melindungi pemain muda,25
masih data self,20
siaran pers resmi,20
siaran pers resminya,17
belum final wajar,17
rating masih data,16
menata ekosistem game,13
masih tahap self,13
tahap self declare,13
pemain muda menata,12
self declare developer,11
baca siaran pers,11
wajar fase masih,11
muda menata ekosistem,11
developer belum final,11
belum final masih,10
resmi rating game,10
ekosistem game wajar,10
declare developer belum,10
sistem rating game,9
game siaran pers,9
rating game siaran,9
rating masih tahap,9
bahas rating game,8
rating muncul masih,8
fase masih disesuaikan,8
final wajar masih,8
