content_dup_score,lexical_similarity_score,semantic_dup_score,semantic_similarity_score,temporal_burst_score,posting_freq_per_hour,sna_out_deg,sna_in_deg
0.3316,0.008,0.8092543,0.38563088,1.0,2,2.0,0.0
0.6662,0.0179,0.79042095,0.40095502,1.0,1,1.0,1.0
0.3559,0.0052,0.66762704,0.35368422,1.0,1,0.0,0.0
0.3285,0.0114,0.7413713,0.32827717,0.6666666666666666,2,0.0,1.0
0.2705,0.0134,0.7839989,0.40624022,1.0,1,1.0,0.0
0.4082,0.0115,0.7194191,0.2552672,1.0,1,1.0,0.0
0.3733,0.0145,0.73376334,0.3507167,1.0,1,0.0,0.0
0.3282,0.0215,0.72290313,0.3667014,1.0,2,2.0,0.0
0.5321,0.0285,0.7690433,0.3350263,0.5,1,0.0,0.0
0.347,0.0061,0.615914,0.33304647,1.0,1,0.0,0.0
0.2416,0.0147,0.63226914,0.27647966,1.0,1,0.0,0.0
0.4021,0.0136,0.66462386,0.2934089,0.5,1,2.0,0.0
0.253,0.0146,0.67830783,0.37039945,1.0,1,0.0,0.0
1.0,0.0173,1.0000004,0.36745396,0.3333333333333333,1,0.0,0.0
0.5191,0.0105,0.65569127,0.15794452,1.0,1,0.0,0.0
0.4199,0.0105,0.710171,0.29133433,1.0,1,0.0,0.0
0.5657,0.0032,0.5695389,0.27675718,1.0,1,0.0,0.0
0.3118,0.0106,0.66526574,0.27073908,0.5,1,2.0,0.0
0.357,0.0118,0.66901886,0.2937235,1.0,1,0.0,0.0
0.3546,0.0131,0.557975,0.24417931,1.0,2,2.0,0.0
0.6679,0.0017,0.84865034,0.29539093,1.0,1,0.0,0.0
0.2705,0.0095,0.69299334,0.28825554,1.0,1,0.0,0.0
0.2099,0.0178,0.7743162,0.3864939,1.0,1,0.0,0.0
0.6019,0.021,0.7355926,0.36522844,1.0,1,0.0,0.0
0.336,0.0268,0.72959447,0.3726563,1.0,2,2.0,0.0
0.3886,0.0147,0.6927748,0.40155655,1.0,2,2.0,0.0
0.3753,0.033,0.7611474,0.39699653,1.0,2,2.0,0.0
0.6437,0.0373,0.94714737,0.4517325,0.6666666666666666,4,5.0,0.0
0.3227,0.007,0.58271587,0.2508562,1.0,1,1.0,0.0
0.3395,0.0088,0.6979971,0.35280436,1.0,1,0.0,0.0
0.24,0.0169,0.80308115,0.41196796,1.0,3,2.0,0.0
0.6303,0.0183,0.6719106,0.19703051,1.0,2,0.0,0.0
0.531,0.0231,0.69539624,0.29035652,1.0,1,1.0,0.0
0.5638,0.0015,0.5593008,0.20584457,1.0,2,0.0,0.0
0.2616,0.0192,0.8034821,0.39871532,1.0,1,1.0,0.0
0.3762,0.0157,0.8984697,0.411539,1.0,1,0.0,0.0
0.3423,0.0101,0.72778225,0.3049988,0.5,1,2.0,0.0
0.595,0.021,0.76360345,0.4289342,1.0,2,0.0,0.0
0.6335,0.0055,0.8830627,0.2827675,1.0,1,1.0,0.0
0.7266,0.0158,0.77919674,0.41728842,1.0,1,0.0,0.0
0.3182,0.0109,0.6551367,0.35463858,1.0,1,1.0,0.0
0.3827,0.0191,0.69477576,0.3381175,1.0,1,0.0,2.0
0.4754,0.0044,0.9043406,0.43616968,1.0,1,0.0,0.0
0.3201,0.0109,0.79025006,0.3650689,1.0,1,1.0,0.0
0.5988,0.02,0.81963897,0.41196927,1.0,1,1.0,0.0
0.4067,0.0372,0.77135634,0.46495214,1.0,1,0.0,0.0
0.5799,0.015,0.8657713,0.4527899,1.0,1,0.0,0.0
0.3596,0.019,0.8623805,0.47497293,1.0,1,0.0,0.0
0.309,0.0256,0.6975845,0.3513238,1.0,2,1.0,0.0
0.3896,0.0132,0.8336412,0.3709685,0.6666666666666666,2,1.0,1.0
0.2261,0.0054,0.7810588,0.3111811,1.0,1,0.0,0.0
0.3041,0.0239,0.6872611,0.32979465,1.0,2,2.0,0.0
0.3069,0.0224,0.64274955,0.26828995,1.0,1,0.0,0.0
0.467,0.0038,0.9043406,0.38674426,1.0,1,0.0,0.0
0.4775,0.0235,0.8437987,0.38812068,1.0,1,1.0,0.0
0.3059,0.006,0.7339362,0.26800877,1.0,1,0.0,0.0
0.604,0.0135,0.9237424,0.39334497,1.0,1,0.0,0.0
0.5693,0.0163,0.9236231,0.48303893,1.0,1,0.0,0.0
0.3625,0.0207,0.6947025,0.36703256,1.0,1,0.0,0.0
0.2742,0.0175,0.72798884,0.37941617,1.0,1,1.0,0.0
0.7725,0.0059,0.9216746,0.2589751,1.0,1,0.0,0.0
0.4619,0.0088,0.65784276,0.30130386,1.0,1,0.0,0.0
0.3866,0.0062,0.9195069,0.39548904,1.0,1,0.0,0.0
0.0,0.0,0.8688333,0.27479902,1.0,1,1.0,0.0
0.4556,0.0109,0.61406964,0.15598387,1.0,1,0.0,0.0
0.4928,0.032,0.75108564,0.3285583,1.0,2,0.0,0.0
0.0,0.0,0.5523244,0.1595737,1.0,1,1.0,0.0
0.3588,0.0133,0.5523244,0.15036012,0.5,1,1.0,0.0
0.7759,0.0126,0.697299,0.33895475,1.0,3,2.0,0.0
0.3897,0.0185,0.7374759,0.3128239,1.0,1,1.0,0.0
0.7799,0.0093,0.5692452,0.21530376,1.0,1,0.0,0.0
0.2976,0.0064,0.60455424,0.27653202,1.0,2,2.0,0.0
0.2657,0.0064,0.57586277,0.2707958,1.0,1,0.0,0.0
0.2937,0.0137,0.58956015,0.3072128,0.5,1,0.0,0.0
0.4652,0.0106,0.69151044,0.30069602,1.0,1,0.0,0.0
0.3899,0.0144,0.7077091,0.34559733,1.0,2,0.0,0.0
0.2681,0.0138,0.83311796,0.3751835,1.0,1,0.0,0.0
0.4928,0.021,0.8047563,0.45731732,1.0,1,1.0,0.0
0.4656,0.0107,0.7189188,0.32168165,1.0,1,0.0,0.0
0.4457,0.0112,0.7938155,0.4025224,1.0,2,0.0,0.0
0.2697,0.0145,0.6043127,0.22676006,1.0,1,1.0,0.0
0.4223,0.0071,0.59477705,0.19766228,1.0,1,1.0,0.0
0.255,0.0223,0.8153194,0.42616478,0.5,1,0.0,0.0
0.4439,0.0124,0.7240248,0.34818426,1.0,1,0.0,0.0
0.528,0.0191,0.7377802,0.4142791,1.0,2,1.0,0.0
0.4258,0.0192,0.78519976,0.37027538,1.0,1,1.0,0.0
0.4169,0.0038,0.5253625,0.16373046,1.0,1,0.0,0.0
0.7759,0.0175,0.7950894,0.38105842,1.0,3,2.0,0.0
0.625,0.0119,0.68293965,0.3318611,1.0,1,0.0,0.0
0.6124,0.0083,0.82401186,0.35784984,1.0,1,0.0,0.0
0.4779,0.0109,0.5694906,0.32389584,0.3333333333333333,1,3.0,1.0
0.2538,0.0059,0.6816437,0.347337,1.0,1,1.0,0.0
0.3891,0.0119,0.8130597,0.39432317,1.0,1,1.0,0.0
0.9376,0.0158,0.9581189,0.2901494,1.0,1,0.0,0.0
0.3454,0.0156,0.7458838,0.35845855,1.0,1,0.0,0.0
0.5159,0.0088,0.8645649,0.42008618,1.0,1,0.0,0.0
0.3231,0.0183,0.612608,0.21803539,1.0,1,1.0,0.0
0.3557,0.0188,0.75397015,0.3994248,1.0,1,0.0,0.0
0.3001,0.0179,0.7955937,0.40884653,0.5,1,2.0,0.0
0.371,0.0093,0.7612339,0.4442186,0.5,1,1.0,0.0
0.3704,0.0038,0.85421777,0.43148053,1.0,1,1.0,0.0
0.6333,0.0112,0.7395983,0.27987397,1.0,1,0.0,0.0
0.5232,0.007,0.7460891,0.27609506,1.0,1,1.0,0.0
0.4762,0.0074,0.8133566,0.33842024,1.0,1,0.0,0.0
0.625,0.007,0.6181384,0.28168306,1.0,1,1.0,0.0
0.6607,0.0091,0.6996728,0.29566947,1.0,1,1.0,0.0
0.2767,0.0117,0.6437472,0.27579138,1.0,1,1.0,0.0
0.5177,0.0093,0.7952253,0.2819887,1.0,1,0.0,0.0
0.5137,0.008,0.7896892,0.329274,1.0,1,1.0,0.0
0.3657,0.0233,0.7823219,0.45065117,1.0,1,1.0,0.0
0.5668,0.0177,0.9282067,0.41844037,1.0,1,0.0,0.0
0.2671,0.0187,0.7267161,0.37320164,1.0,1,1.0,0.0
0.2774,0.0122,0.66430736,0.32748112,1.0,1,0.0,0.0
0.3866,0.0104,0.8311374,0.28823525,1.0,1,0.0,0.0
0.4556,0.0295,0.8322818,0.43873268,0.6666666666666666,2,1.0,0.0
0.2515,0.0132,0.8489013,0.42308056,1.0,1,0.0,0.0
0.48,0.0154,0.9180511,0.42054412,1.0,1,0.0,0.0
0.3782,0.0109,0.7440712,0.39532697,1.0,1,1.0,0.0
0.4181,0.0121,0.8919585,0.42776796,1.0,1,0.0,0.0
0.381,0.001,0.61958295,0.21806958,1.0,1,1.0,0.0
0.2547,0.0124,0.815886,0.46897665,1.0,1,0.0,0.0
0.3306,0.0209,0.72077954,0.41512614,0.3333333333333333,1,2.0,0.0
0.3202,0.0021,0.7267182,0.26662883,1.0,1,0.0,0.0
0.7725,0.0071,0.74345946,0.35245517,1.0,1,0.0,0.0
0.3408,0.0256,0.8183727,0.42263216,0.6666666666666666,2,1.0,0.0
0.4483,0.0103,0.6963893,0.2221272,1.0,1,0.0,0.0
0.6021,0.0077,0.7846528,0.41233602,0.5,1,0.0,0.0
0.5986,0.0113,0.8942218,0.43844733,1.0,1,0.0,0.0
0.4091,0.0154,0.61641955,0.3576053,1.0,1,1.0,0.0
0.3317,0.0238,0.8101078,0.40773717,1.0,3,0.0,0.0
0.2801,0.0099,0.84774315,0.41543576,1.0,3,0.0,0.0
1.0,0.016,0.7761145,0.22762886,1.0,1,0.0,0.0
0.3384,0.018,0.7955937,0.3650776,1.0,1,1.0,0.0
0.406,0.017,0.6220097,0.3210789,1.0,1,1.0,0.0
0.2586,0.0105,0.74290526,0.3731229,0.5,1,0.0,0.0
0.6153,0.0312,0.9064754,0.4334221,0.8,4,4.0,0.0
0.5888,0.0021,0.9011446,0.3548218,1.0,1,0.0,0.0
0.2856,0.0129,0.6100051,0.2934626,1.0,1,1.0,0.0
0.9539,0.0141,0.9581189,0.30673525,1.0,1,0.0,0.0
0.4033,0.0056,0.58497,0.15767819,1.0,1,0.0,0.0
0.4519,0.0068,0.91005963,0.43871617,1.0,1,0.0,0.0
0.368,0.0173,0.84990513,0.40473077,1.0,1,1.0,0.0
0.3898,0.0089,0.7019889,0.30603546,1.0,3,0.0,0.0
0.4943,0.0252,0.86684763,0.4567092,1.0,1,1.0,0.0
0.34,0.0065,0.7704635,0.36395863,1.0,1,1.0,0.0
1.0,0.0035,0.93901145,0.3736698,1.0,1,0.0,0.0
0.3198,0.0184,0.72800696,0.40387988,0.5,1,0.0,0.0
0.7313,0.006,0.6979971,0.26791957,1.0,1,0.0,0.0
0.4041,0.0132,0.71202075,0.37164778,1.0,1,1.0,0.0
0.4358,0.0029,0.704978,0.25573084,0.5,1,1.0,0.0
0.3403,0.0123,0.6651052,0.32433733,1.0,1,0.0,0.0
1.0,0.0137,1.0000001,0.4404381,1.0,1,0.0,0.0
0.2822,0.0036,0.6503135,0.1736153,0.5,1,0.0,0.0
0.604,0.0153,0.91560125,0.37513924,1.0,1,0.0,0.0
0.5603,0.0026,0.9024346,0.33033288,1.0,1,0.0,0.0
0.2659,0.0129,0.8217305,0.38193294,0.5,1,0.0,0.0
0.4164,0.005,0.8789669,0.3245734,0.3333333333333333,1,1.0,0.0
0.3215,0.0074,0.61677885,0.29338023,1.0,1,0.0,0.0
0.3968,0.0203,0.81471574,0.3640052,1.0,1,0.0,0.0
0.2555,0.0068,0.6931101,0.390865,1.0,1,1.0,0.0
0.3295,0.0163,0.6338064,0.32200405,0.6,3,2.0,3.0
1.0,0.016,0.7952253,0.23853187,1.0,1,0.0,0.0
0.6214,0.0038,0.6212541,0.33950913,1.0,1,1.0,1.0
0.5624,0.0159,0.7944921,0.34602034,1.0,1,1.0,0.0
0.4566,0.0147,0.92528725,0.43459797,1.0,1,0.0,0.0
0.3754,0.0047,0.6912768,0.18966362,1.0,1,1.0,0.0
0.8088,0.0111,0.9335116,0.48532686,1.0,1,0.0,0.0
0.6592,0.0074,0.78024524,0.2743938,1.0,1,0.0,0.0
0.5144,0.0056,0.6951752,0.33408096,1.0,1,0.0,0.0
0.2976,0.0179,0.60103583,0.24864587,1.0,1,1.0,0.0
0.3735,0.0211,0.8036758,0.44772014,0.5,1,1.0,0.0
0.367,0.0194,0.71585107,0.29319468,1.0,2,1.0,0.0
0.5419,0.0077,0.851835,0.34025902,1.0,1,0.0,0.0
0.4034,0.0131,0.6486509,0.29406846,0.6666666666666666,2,0.0,1.0
0.4895,0.0101,0.7601621,0.41350472,0.6666666666666666,2,0.0,1.0
0.5638,0.0052,0.62683237,0.32856023,1.0,2,1.0,0.0
0.3969,0.0232,0.82882077,0.37234017,1.0,1,0.0,0.0
0.3546,0.016,0.6781084,0.33080423,1.0,1,0.0,0.0
0.3949,0.0184,0.7550508,0.35127366,0.5,1,2.0,0.0
0.3881,0.0026,0.7050584,0.29972127,1.0,1,1.0,1.0
0.0,0.0,0.7300024,0.16654699,1.0,1,0.0,0.0
0.4264,0.0089,0.64282966,0.28041682,1.0,1,0.0,0.0
0.4015,0.0092,0.7068049,0.36730772,1.0,1,0.0,0.0
0.3846,0.0112,0.6982905,0.2504536,1.0,1,0.0,5.0
0.4223,0.001,0.5213579,0.18130217,1.0,1,0.0,0.0
0.4947,0.0151,0.6963893,0.16258416,1.0,1,1.0,0.0
0.2637,0.0133,0.8228543,0.3815567,1.0,1,0.0,0.0
0.4298,0.0043,0.685973,0.25022292,1.0,1,0.0,0.0
0.7613,0.0103,0.782068,0.34996298,1.0,1,0.0,0.0
0.5638,0.0057,0.78777415,0.37624684,1.0,1,0.0,0.0
0.4221,0.0148,0.71860814,0.28611785,1.0,1,0.0,0.0
0.3036,0.0168,0.7623521,0.42753628,1.0,1,0.0,0.0
0.4866,0.0113,0.6587075,0.3752161,1.0,1,0.0,0.0
0.3162,0.0137,0.7229552,0.35941187,1.0,1,0.0,0.0
0.5767,0.0126,0.5318705,0.23380123,0.6666666666666666,2,3.0,0.0
0.3283,0.0101,0.84979534,0.44123536,1.0,1,1.0,0.0
0.6121,0.0015,0.5976577,0.1541404,1.0,1,0.0,0.0
0.5767,0.0244,0.7611474,0.33025363,0.6666666666666666,2,3.0,0.0
0.3882,0.0009,0.5272947,0.2783543,1.0,1,0.0,0.0
0.258,0.0016,0.66768813,0.19616745,1.0,2,0.0,0.0
0.4754,0.004,0.78618395,0.37630263,1.0,1,0.0,0.0
0.3108,0.0073,0.78704226,0.31840423,1.0,1,0.0,0.0
0.3456,0.013,0.6278293,0.35914844,0.6666666666666666,2,3.0,0.0
0.6794,0.0106,0.8338208,0.3012249,1.0,2,0.0,0.0
0.2801,0.0128,0.85538673,0.42627785,1.0,1,1.0,0.0
0.4159,0.0109,0.90917313,0.51997256,1.0,1,0.0,0.0
0.4656,0.0067,0.65603423,0.30776337,1.0,1,1.0,0.0
0.2618,0.016,0.7280106,0.30446723,1.0,1,0.0,0.0
0.776,0.003,0.64897674,0.18998855,1.0,1,0.0,0.0
0.5047,0.0068,0.7661372,0.3775575,0.5,1,0.0,0.0
0.2417,0.0144,0.73846906,0.42045292,1.0,1,1.0,0.0
0.4953,0.0147,0.6872366,0.31864604,1.0,1,0.0,0.0
0.2763,0.0192,0.7539524,0.35349065,1.0,1,0.0,0.0
0.5715,0.0295,0.9086136,0.40997842,1.0,1,0.0,0.0
0.3652,0.0255,0.8437987,0.37291616,1.0,1,1.0,0.0
0.4797,0.0213,0.69947815,0.2451535,1.0,1,0.0,0.0
0.4605,0.0168,0.5507317,0.20803374,1.0,1,1.0,0.0
0.4337,0.0095,0.5596932,0.16002601,0.5,1,0.0,0.0
0.4472,0.0271,0.72902334,0.23463695,1.0,1,0.0,0.0
0.304,0.0189,0.66722333,0.2647642,1.0,1,1.0,0.0
0.7847,0.0138,0.93953824,0.4061089,1.0,1,0.0,0.0
0.4681,0.0216,0.6783507,0.3164994,0.5,1,1.0,0.0
0.3125,0.0101,0.7695101,0.37507373,0.5,1,0.0,0.0
0.3106,0.0178,0.76310617,0.39415094,1.0,2,0.0,0.0
0.2464,0.014,0.7804953,0.4244779,1.0,1,0.0,6.0
0.2033,0.0179,0.7204286,0.3865613,1.0,2,0.0,0.0
1.0,0.0032,0.9680432,0.26929334,1.0,2,1.0,0.0
1.0,0.0032,0.9680432,0.29869455,1.0,2,1.0,0.0
0.6665,0.0032,0.8335643,0.3836547,1.0,1,0.0,0.0
0.386,0.0074,0.7031586,0.36226985,1.0,1,0.0,0.0
0.7209,0.0056,0.7564074,0.28212968,1.0,1,0.0,0.0
0.2305,0.0174,0.78916645,0.38799125,1.0,1,0.0,0.0
0.4924,0.0136,0.71989405,0.34327862,0.5,1,0.0,0.0
0.469,0.0149,0.70920694,0.34135655,1.0,1,0.0,0.0
0.5624,0.002,0.5829327,0.20062143,1.0,1,0.0,0.0
0.3363,0.0303,0.7887871,0.39925233,1.0,1,1.0,0.0
0.5877,0.0095,0.80943596,0.40185034,1.0,2,0.0,0.0
0.4323,0.0261,0.69944817,0.33643022,1.0,2,0.0,0.0
0.3146,0.0119,0.5796425,0.25806168,1.0,2,0.0,0.0
0.327,0.0164,0.7753817,0.42005497,1.0,1,0.0,0.0
1.0,0.0137,1.0000001,0.4404381,1.0,1,0.0,0.0
0.4521,0.0041,0.74878854,0.29144505,1.0,1,0.0,0.0
0.4819,0.0075,0.88723457,0.2848042,1.0,1,0.0,0.0
0.467,0.001,0.8755331,0.28974235,1.0,1,1.0,0.0
0.2042,0.0094,0.7004229,0.34677744,1.0,2,0.0,0.0
0.5475,0.0059,0.6198586,0.1780288,0.5,1,1.0,0.0
0.4263,0.0146,0.7708512,0.4404783,1.0,1,0.0,0.0
0.6021,0.0089,0.8115562,0.39473218,1.0,1,0.0,0.0
0.3879,0.0182,0.73994505,0.35563833,1.0,1,0.0,0.0
0.2781,0.0297,0.6515919,0.33273116,1.0,1,0.0,0.0
0.2786,0.0139,0.7521324,0.26275524,1.0,1,1.0,0.0
0.3114,0.0178,0.660934,0.3789597,1.0,1,0.0,0.0
0.5778,0.002,0.61951315,0.26092878,1.0,1,0.0,0.0
0.4052,0.0122,0.8021517,0.38706762,1.0,1,0.0,0.0
0.2747,0.015,0.83077323,0.43715978,1.0,2,2.0,0.0
0.5603,0.0042,0.83218634,0.2688173,1.0,1,0.0,0.0
0.3099,0.0068,0.612677,0.27224368,1.0,1,0.0,0.0
0.2148,0.012,0.6508224,0.32089344,0.3333333333333333,1,1.0,0.0
0.3469,0.0065,0.85010886,0.40429145,1.0,1,0.0,0.0
0.6626,0.017,0.9646963,0.47582042,0.6666666666666666,2,1.0,0.0
0.3555,0.0165,0.7323831,0.39609036,1.0,2,2.0,0.0
0.6419,0.0181,0.7660965,0.3978917,1.0,2,0.0,0.0
0.7368,0.0154,0.8739115,0.28139997,1.0,2,0.0,0.0
0.4796,0.0114,0.8937913,0.48572338,1.0,1,0.0,0.0
0.6679,0.0016,0.71969175,0.2533805,1.0,1,0.0,0.0
0.8165,0.0018,0.68063515,0.21158646,0.5,1,0.0,0.0
1.0,0.0156,1.0000001,0.3721,0.6666666666666666,2,1.0,0.0
0.7087,0.0036,0.822137,0.3281753,1.0,1,0.0,0.0
1.0,0.0156,1.0000001,0.3721,0.6666666666666666,2,1.0,0.0
0.2817,0.0225,0.8058332,0.4305216,1.0,1,1.0,0.0
0.5709,0.0137,0.93017316,0.47330043,1.0,1,0.0,0.0
1.0,0.0127,0.98954946,0.3280844,0.5,1,0.0,0.0
0.5045,0.0143,0.9462447,0.4642595,1.0,2,1.0,0.0
0.7017,0.0164,0.9485592,0.4118979,1.0,2,1.0,0.0
0.3069,0.013,0.61742276,0.36030123,1.0,1,1.0,0.0
1.0,0.0157,0.9137209,0.2749321,1.0,1,0.0,0.0
0.5641,0.004,0.8465426,0.3191785,1.0,1,0.0,0.0
0.3141,0.0139,0.8421556,0.45572433,1.0,1,1.0,0.0
0.3918,0.0189,0.7331184,0.2884738,1.0,1,0.0,0.0
0.714,0.0171,0.7002985,0.25692606,1.0,1,0.0,0.0
0.5888,0.0022,0.9011446,0.30895,1.0,2,0.0,0.0
0.5896,0.0155,0.9510437,0.4245659,1.0,1,0.0,0.0
0.3615,0.0121,0.81333745,0.28447947,1.0,2,0.0,0.0
0.3641,0.0127,0.7250734,0.34939626,1.0,1,0.0,0.0
0.3969,0.0058,0.7857504,0.3363957,1.0,1,0.0,0.0
0.3882,0.0031,0.7695101,0.31724083,1.0,1,0.0,0.0
0.2388,0.0245,0.7154536,0.33185056,1.0,1,1.0,0.0
0.3746,0.0181,0.75858265,0.42109054,1.0,1,0.0,0.0
0.5156,0.0112,0.7072464,0.37450543,0.5,1,1.0,0.0
0.4706,0.0124,0.87695783,0.3468687,1.0,1,0.0,0.0
0.3697,0.0153,0.71180665,0.3816626,1.0,1,1.0,0.0
0.457,0.015,0.86431193,0.2833937,0.6666666666666666,2,2.0,0.0
0.7847,0.0164,0.9485138,0.43242103,1.0,1,0.0,0.0
0.8577,0.0059,0.95869863,0.35940012,1.0,1,0.0,0.0
0.5653,0.0086,0.7517357,0.264138,1.0,1,0.0,0.0
0.6052,0.0029,0.86684763,0.41892105,1.0,1,1.0,0.0
0.5375,0.0254,0.8647488,0.4080048,0.5,2,3.0,0.0
0.4927,0.0213,0.8387089,0.37761837,0.5,2,3.0,0.0
0.8302,0.0088,0.9124925,0.32120454,1.0,1,0.0,0.0
1.0,0.0171,1.0,0.16987254,1.0,2,0.0,0.0
0.6214,0.0167,0.7050584,0.28667095,1.0,2,0.0,0.0
0.4041,0.0166,0.5995942,0.31698766,1.0,1,1.0,0.0
1.0,0.0171,1.0,0.16987254,1.0,2,0.0,0.0
0.5746,0.0155,0.9236231,0.4571276,1.0,1,0.0,0.0
0.3008,0.0085,0.74198294,0.3529369,0.5,1,1.0,0.0
0.5796,0.0233,0.7388034,0.37344366,1.0,1,0.0,0.0
0.528,0.012,0.7057065,0.35404766,1.0,1,1.0,0.0
0.5482,0.0092,0.7517357,0.2796712,1.0,1,0.0,0.0
1.0,0.0131,0.9999999,0.40412664,1.0,1,0.0,0.0
0.3174,0.0216,0.76706344,0.31876767,1.0,1,0.0,0.0
0.3061,0.0122,0.45714104,0.21424584,1.0,2,0.0,0.0
0.5378,0.01,0.8856393,0.33198407,1.0,1,1.0,0.0
0.5877,0.0017,0.89582217,0.34852323,1.0,1,0.0,0.0
0.4659,0.009,0.664166,0.28348735,0.5,1,1.0,0.0
0.4941,0.0257,0.8055407,0.3575329,1.0,2,0.0,8.0
0.4437,0.0172,0.80639386,0.4084664,1.0,1,1.0,3.0
0.359,0.0069,0.6724272,0.29937655,1.0,1,0.0,0.0
0.4659,0.0093,0.70369303,0.3649476,0.6666666666666666,6,7.0,0.0
0.4132,0.022,0.8583647,0.40686557,1.0,1,0.0,0.0
0.403,0.0158,0.66411793,0.25996432,1.0,2,0.0,8.0
0.629,0.0099,0.9066695,0.33370003,1.0,1,0.0,0.0
0.6534,0.0052,0.87617135,0.34606412,0.75,3,3.0,0.0
0.2477,0.0267,0.8852247,0.42878246,0.7,7,9.0,0.0
0.3747,0.0076,0.71791327,0.34020162,1.0,1,0.0,0.0
0.4278,0.0216,0.74671316,0.34652656,1.0,1,0.0,0.0
0.4029,0.0177,0.84752953,0.24911106,0.75,3,3.0,0.0
0.2648,0.0118,0.6437472,0.23249461,1.0,1,0.0,0.0
0.0,0.0,1.0000001,0.28146854,1.0,1,0.0,0.0
0.4825,0.0191,0.88185763,0.3078156,0.8333333333333334,5,5.0,0.0
0.3124,0.0153,0.7674196,0.2759621,0.8333333333333334,5,5.0,0.0
0.3314,0.0066,0.6872366,0.32231817,1.0,1,0.0,0.0
0.5238,0.021,0.7066437,0.25237334,1.0,1,0.0,0.0
0.2864,0.0148,0.7434937,0.27024132,0.6666666666666666,2,2.0,0.0
0.54,0.039,0.9114841,0.39489785,1.0,2,1.0,0.0
0.7314,0.005,0.87617135,0.32355335,0.6666666666666666,6,7.0,0.0
0.2736,0.013,0.79885924,0.2986304,0.8,4,4.0,0.0
0.628,0.0127,0.9202864,0.4790414,1.0,2,1.0,0.0
0.7314,0.0149,0.77452767,0.3369343,0.6666666666666666,4,5.0,0.0
0.7017,0.0186,0.9406271,0.45113084,1.0,2,1.0,0.0
0.457,0.0097,0.86431193,0.23942633,0.7777777777777778,7,8.0,0.0
0.3503,0.0162,0.71835047,0.31646693,0.6666666666666666,2,0.0,0.0
1.0,0.0154,0.9868238,0.41540876,1.0,1,0.0,0.0
0.4237,0.0118,0.81482804,0.32558367,1.0,1,1.0,0.0
0.4825,0.0179,0.88185763,0.30034003,0.6666666666666666,4,5.0,0.0
1.0,0.0109,0.99999976,0.42299807,1.0,2,1.0,0.0
0.6113,0.0181,0.7538089,0.33020028,1.0,1,0.0,0.0
1.0,0.0109,0.99999976,0.42299807,0.7,7,9.0,0.0
0.2699,0.0184,0.80595183,0.4286744,0.6666666666666666,2,0.0,0.0
0.6978,0.0182,0.80654144,0.30692926,1.0,1,0.0,0.0
1.0,0.0011,0.90744483,0.18582064,1.0,1,1.0,0.0
0.628,0.0016,0.7361418,0.3790598,1.0,1,0.0,0.0
0.6668,0.0101,0.5555724,0.122664064,1.0,1,0.0,0.0
0.425,0.0105,0.69588566,0.3253442,1.0,1,0.0,0.0
0.5364,0.0229,0.90115905,0.48582932,0.6666666666666666,2,0.0,0.0
0.3823,0.0068,0.76120317,0.28352177,1.0,1,0.0,0.0
0.4714,0.0187,0.92648107,0.4390107,0.5,1,1.0,0.0
0.6021,0.0107,0.7950894,0.3295747,1.0,1,0.0,0.0
0.6069,0.0154,0.6928706,0.33342937,1.0,1,0.0,0.0
0.6335,0.0062,0.8987917,0.3174835,1.0,1,0.0,0.0
0.4708,0.0271,0.83770096,0.3728778,1.0,2,1.0,0.0
0.3154,0.0168,0.77138054,0.31902868,1.0,1,0.0,0.0
0.4896,0.0164,0.7958196,0.32502115,1.0,2,1.0,0.0
1.0,0.0154,0.9868238,0.41771272,1.0,2,1.0,0.0
0.5215,0.0102,0.5685562,0.1659752,1.0,1,0.0,0.0
0.5658,0.0217,0.9646963,0.48906586,0.5,1,1.0,0.0
0.6551,0.0173,0.9652399,0.45790836,1.0,1,0.0,0.0
0.3469,0.0163,0.69757545,0.31551182,1.0,1,1.0,12.0
0.4875,0.0141,0.9138006,0.47082862,0.6666666666666666,2,2.0,0.0
0.3219,0.0293,0.7710855,0.4558845,0.5,1,2.0,0.0
1.0,0.0131,0.9999999,0.40412664,1.0,1,0.0,0.0
0.4078,0.0154,0.77073276,0.29373738,0.6666666666666666,2,0.0,0.0
0.3166,0.0052,0.6375022,0.30224973,1.0,1,0.0,0.0
0.6019,0.0186,0.88057506,0.37688437,1.0,1,0.0,0.0
0.6334,0.0131,0.918834,0.45170906,1.0,1,0.0,0.0
0.3378,0.0223,0.67738324,0.28970304,0.6666666666666666,2,0.0,0.0
0.6551,0.0174,0.9529735,0.47776183,1.0,1,0.0,0.0
0.2021,0.0003,0.7774706,0.2637978,0.5,1,1.0,0.0
0.4137,0.0063,0.73049426,0.3724805,1.0,1,0.0,0.0
0.7978,0.017,0.8997122,0.3387385,1.0,1,0.0,0.0
0.7423,0.0287,0.95791554,0.4405956,0.6666666666666666,2,2.0,0.0
0.6442,0.028,0.96498,0.46069872,0.8,4,4.0,0.0
0.434,0.0184,0.9051088,0.3890268,1.0,6,5.0,0.0
0.367,0.0148,0.57016355,0.24832028,1.0,1,1.0,0.0
0.5888,0.0103,0.6721858,0.34055758,1.0,1,0.0,0.0
0.282,0.0123,0.72155094,0.42490423,1.0,1,0.0,0.0
0.4171,0.0224,0.8541065,0.39220634,0.6666666666666666,4,5.0,0.0
0.3859,0.013,0.7884154,0.3372364,0.8,4,4.0,0.0
0.5062,0.0252,0.94541967,0.40495586,1.0,1,1.0,0.0
1.0,0.0277,0.9978963,0.40945697,0.6666666666666666,6,7.0,0.0
0.4132,0.0182,0.78732026,0.39659998,1.0,3,0.0,0.0
0.7423,0.0281,0.96376437,0.411599,0.6666666666666666,4,5.0,0.0
1.0,0.0207,0.99999964,0.4558667,0.7777777777777778,7,8.0,0.0
0.635,0.0187,0.7690433,0.3114689,0.4,2,2.0,0.0
0.5565,0.0196,0.83728254,0.3274183,1.0,3,2.0,0.0
0.6536,0.0315,0.95701987,0.43026963,0.8333333333333334,5,5.0,0.0
0.6311,0.0289,0.9730226,0.43213272,0.8,4,4.0,0.0
0.3506,0.0155,0.7969268,0.3632682,0.75,3,3.0,0.0
0.4163,0.0248,0.9025804,0.43825355,0.8333333333333334,5,5.0,0.0
0.3382,0.0082,0.7969268,0.3555987,0.7,7,9.0,0.0
0.6311,0.0276,0.9533112,0.48051873,1.0,6,5.0,0.0
0.4847,0.0259,0.915678,0.42960647,1.0,2,2.0,0.0
0.6324,0.0107,0.86802804,0.37820122,1.0,2,1.0,0.0
0.406,0.0189,0.78680825,0.34668177,1.0,1,1.0,0.0
0.2797,0.015,0.5949133,0.25426197,1.0,1,0.0,0.0
0.6666,0.0289,0.95316935,0.4609433,1.0,6,5.0,0.0
0.359,0.025,0.819927,0.3360323,1.0,3,0.0,0.0
0.5851,0.0231,0.91742,0.34665215,1.0,6,5.0,0.0
0.4875,0.0118,0.92528725,0.43862346,1.0,2,1.0,0.0
0.439,0.0219,0.8716819,0.4259156,1.0,6,5.0,0.0
0.4592,0.0164,0.93386424,0.45909718,1.0,1,0.0,0.0
0.5778,0.0128,0.70046556,0.19999486,1.0,1,0.0,0.0
0.3293,0.0061,0.7280106,0.31067082,1.0,1,0.0,0.0
0.3316,0.0137,0.64188516,0.28091946,1.0,1,0.0,0.0
0.3631,0.0159,0.9018359,0.4211659,0.75,3,3.0,0.0
0.628,0.0155,0.94243294,0.41249207,1.0,2,1.0,0.0
0.5282,0.0157,0.87445164,0.46205962,1.0,2,1.0,0.0
0.4613,0.0248,0.9086136,0.4350879,1.0,3,0.0,0.0
0.3915,0.0136,0.8693117,0.3872792,1.0,1,0.0,0.0
0.4582,0.0262,0.92080414,0.42125198,0.8333333333333334,5,5.0,0.0
0.5994,0.0313,0.920461,0.42737058,0.75,3,3.0,0.0
0.2363,0.0112,0.8250475,0.3313342,0.75,3,3.0,0.0
0.6822,0.0288,0.970326,0.4037575,1.0,2,1.0,0.0
0.6536,0.0307,0.9730226,0.44810805,0.8,4,4.0,0.0
0.4014,0.0182,0.85450566,0.40979332,1.0,2,2.0,0.0
1.0,0.0109,0.99999976,0.42299807,0.7,7,9.0,0.0
0.3889,0.0036,0.78492415,0.27261075,1.0,2,0.0,0.0
0.266,0.0189,0.78358144,0.3649425,1.0,2,2.0,0.0
0.5851,0.0232,0.8066801,0.31454316,0.8,4,4.0,0.0
1.0,0.0207,0.99999964,0.4558667,0.7777777777777778,7,8.0,0.0
0.5695,0.0272,0.70740014,0.34148756,0.5,1,1.0,0.0
0.5375,0.0285,0.91827637,0.38614297,0.8333333333333334,5,5.0,0.0
0.3676,0.0136,0.85481983,0.4532641,0.7,7,9.0,0.0
0.5749,0.0286,0.9500342,0.42675313,0.6666666666666666,4,5.0,0.0
0.653,0.0091,0.8856393,0.34582317,1.0,1,0.0,0.0
0.6416,0.0269,0.9354407,0.4370423,1.0,4,3.0,0.0
0.6144,0.02,0.8457847,0.32532182,0.8333333333333334,5,5.0,0.0
0.6276,0.0326,0.95316935,0.4305188,1.0,3,3.0,0.0
0.5464,0.0317,0.9340826,0.46724844,0.8333333333333334,5,5.0,0.0
0.6816,0.0245,0.8160366,0.36617297,0.75,3,3.0,0.0
1.0,0.0277,1.0000004,0.4021979,0.6666666666666666,6,7.0,0.0
0.5104,0.0255,0.9123367,0.41815388,0.8333333333333334,5,5.0,0.0
0.5567,0.0132,0.8979522,0.4413526,1.0,2,1.0,0.0
0.3291,0.013,0.8852247,0.43457225,1.0,6,5.0,0.0
0.3668,0.005,0.84019697,0.3172903,1.0,1,1.0,0.0
0.4797,0.0379,0.8434117,0.3849033,0.6666666666666666,4,5.0,0.0
0.5689,0.0156,0.9369527,0.43619812,0.8,4,4.0,0.0
0.6895,0.0207,0.89115703,0.447209,1.0,3,3.0,0.0
0.4447,0.0151,0.8265979,0.43217027,1.0,2,2.0,0.0
0.7287,0.0136,0.5815781,0.21493328,1.0,1,0.0,0.0
0.8778,0.0128,0.98153555,0.42424324,1.0,4,4.0,0.0
0.4437,0.0111,0.957374,0.39590287,0.6666666666666666,6,7.0,0.0
0.7613,0.0132,0.8879705,0.39982453,0.8,4,4.0,0.0
0.6151,0.0379,0.9404818,0.43527094,0.7777777777777778,7,8.0,0.0
0.2687,0.019,0.8587795,0.3987981,1.0,6,5.0,0.0
0.5998,0.0349,0.90352124,0.46418363,0.6666666666666666,4,5.0,0.0
0.5487,0.0268,0.9097849,0.4029798,0.5,1,1.0,0.0
0.5862,0.0013,0.722496,0.26628914,1.0,1,0.0,0.0
0.4542,0.0132,0.8160366,0.3273208,0.75,3,3.0,0.0
0.3173,0.0066,0.7125379,0.20131475,1.0,1,1.0,0.0
0.5945,0.0271,0.9197799,0.4745607,1.0,2,1.0,0.0
0.4132,0.0321,0.8202252,0.46948734,1.0,3,0.0,0.0
1.0,0.0125,0.9848784,0.32176873,1.0,1,1.0,0.0
0.406,0.0205,0.89662975,0.4373872,1.0,6,5.0,0.0
0.254,0.0215,0.80595183,0.41388142,1.0,3,0.0,0.0
0.3922,0.0158,0.80301464,0.3928229,1.0,3,2.0,0.0
0.4683,0.024,0.86967766,0.45329693,1.0,3,3.0,0.0
0.5278,0.0164,0.9128815,0.43720242,0.6666666666666666,2,2.0,0.0
0.5364,0.0215,0.90115905,0.45093483,1.0,3,0.0,0.0
1.0,0.0153,0.9999999,0.43088037,0.8333333333333334,5,5.0,0.0
0.7017,0.0153,0.94243294,0.43986243,0.75,3,3.0,0.0
0.3291,0.0132,0.8963289,0.46410248,0.7777777777777778,7,8.0,0.0
1.0,0.0277,1.0000004,0.4021979,0.6666666666666666,6,7.0,0.0
1.0,0.0153,0.9999999,0.43088037,0.8333333333333334,5,5.0,0.0
0.8778,0.0134,0.98153555,0.41958803,1.0,4,4.0,0.0
0.8445,0.0287,0.9782401,0.44583264,0.8,4,4.0,0.0
0.6144,0.0226,0.8703263,0.3912197,1.0,1,1.0,0.0
0.7017,0.0213,0.94939333,0.41756418,1.0,4,3.0,0.0
0.44,0.0112,0.7400419,0.33481303,1.0,1,0.0,0.0
0.5994,0.027,0.9529487,0.39910224,0.75,3,3.0,0.0
0.4276,0.0264,0.91003376,0.45667967,0.8,4,4.0,0.0
0.4867,0.0142,0.9448793,0.4205579,1.0,6,5.0,0.0
0.4877,0.016,0.8158221,0.41159767,0.7,7,9.0,0.0
1.0,0.0153,0.9999999,0.43088037,0.8,4,4.0,0.0
0.3351,0.0046,0.7399926,0.28017458,1.0,1,0.0,0.0
0.6895,0.0177,0.89115703,0.48050916,0.7777777777777778,7,8.0,0.0
0.8088,0.0096,0.93017316,0.47741002,0.75,3,3.0,0.0
0.6324,0.01,0.90666556,0.3678151,1.0,3,3.0,0.0
0.5278,0.0189,0.91003376,0.44444385,0.7,7,9.0,0.0
1.0,0.0284,1.0,0.4121436,0.8333333333333334,5,5.0,0.0
0.5689,0.0168,0.93045616,0.44001496,1.0,6,5.0,0.0
0.4651,0.0158,0.60293955,0.30712476,1.0,2,0.0,0.0
0.2981,0.0101,0.78088415,0.35982293,1.0,2,0.0,0.0
0.5965,0.0224,0.9243113,0.425262,1.0,2,0.0,0.0
0.3769,0.0123,0.72862756,0.2887047,1.0,2,0.0,0.0
0.4057,0.0152,0.9388064,0.43933907,1.0,6,5.0,0.0
0.3184,0.0266,0.72122204,0.41098398,1.0,1,0.0,0.0
0.6756,0.0232,0.95821214,0.40653798,1.0,3,3.0,0.0
0.7113,0.021,0.96593696,0.36350334,1.0,1,1.0,0.0
0.6666,0.034,0.9210035,0.41467866,0.75,3,3.0,0.0
1.0,0.0011,0.90744483,0.18226665,1.0,1,1.0,0.0
0.6459,0.0295,0.8900138,0.46347576,1.0,6,5.0,0.0
0.535,0.027,0.92879695,0.44832945,0.7777777777777778,7,8.0,0.0
0.8445,0.0295,0.9782401,0.4604583,0.8,4,4.0,0.0
0.6311,0.0283,0.88042766,0.4410873,1.0,3,3.0,0.0
0.3544,0.0099,0.75381345,0.3634251,1.0,1,0.0,0.0
0.4964,0.0243,0.9334223,0.4506286,1.0,4,3.0,0.0
1.0,0.0199,0.9999999,0.40938222,1.0,3,2.0,0.0
0.5285,0.028,0.9079288,0.45667267,1.0,3,2.0,0.0
0.6709,0.0297,0.942474,0.4491329,0.8333333333333334,5,5.0,0.0
0.4633,0.0293,0.7306889,0.31233764,1.0,1,0.0,0.0
0.9288,0.029,0.9815091,0.40797493,0.6666666666666666,6,7.0,0.0
0.5635,0.0267,0.9444276,0.41344514,0.8333333333333334,5,5.0,0.0
0.3651,0.0243,0.77529216,0.37643257,0.5,2,3.0,0.0
0.4475,0.0225,0.7153058,0.2825166,1.0,2,0.0,0.0
1.0,0.0284,1.0,0.4121436,0.8333333333333334,5,5.0,0.0
0.5017,0.0218,0.9120573,0.415508,0.8333333333333334,5,5.0,0.0
0.5071,0.0176,0.8353325,0.3824961,1.0,1,0.0,0.0
1.0,0.016,0.6120026,0.14228109,1.0,1,1.0,0.0
0.4896,0.0251,0.8747734,0.339385,1.0,4,4.0,0.0
0.5522,0.0282,0.8181304,0.3780589,0.7,7,9.0,0.0
0.5148,0.0255,0.94541967,0.38937876,0.75,3,3.0,0.0
0.4148,0.0086,0.833202,0.37306905,0.6666666666666666,4,5.0,0.0
0.3239,0.0092,0.6654273,0.30381194,1.0,1,0.0,0.0
0.7113,0.0222,0.96593696,0.37300536,0.6666666666666666,2,2.0,0.0
0.5108,0.0087,0.9251292,0.46994045,0.7,7,9.0,0.0
0.2792,0.0044,0.7851367,0.28992826,1.0,1,0.0,0.0
1.0,0.0199,0.9999999,0.40938222,1.0,3,2.0,0.0
0.5095,0.0294,0.92844427,0.380528,1.0,4,4.0,0.0
0.4308,0.0162,0.6869699,0.3663858,1.0,1,1.0,0.0
0.776,0.0011,0.64560306,0.26097852,1.0,1,0.0,0.0
0.0,0.0,0.85693187,0.3807758,1.0,1,0.0,0.0
0.6416,0.0307,0.9251847,0.4276417,0.6666666666666666,4,5.0,0.0
0.4157,0.0079,0.8134992,0.40314272,0.5,1,1.0,0.0
0.3063,0.0123,0.8145556,0.3232966,1.0,1,0.0,0.0
0.2553,0.0089,0.7595484,0.31877854,1.0,1,1.0,0.0
0.7798,0.0016,0.93541634,0.2811423,1.0,1,0.0,0.0
0.3558,0.004,0.78883064,0.25027812,1.0,1,1.0,0.0
0.5137,0.0034,0.861572,0.3748094,1.0,1,0.0,0.0
0.3946,0.0139,0.88035274,0.44776994,0.6666666666666666,2,2.0,0.0
0.6913,0.0341,0.8816502,0.42301455,0.6666666666666666,4,5.0,0.0
0.4332,0.0153,0.74325436,0.3607758,1.0,1,1.0,0.0
0.9288,0.0283,0.9815091,0.4045054,0.6666666666666666,6,7.0,0.0
0.5962,0.0158,0.9510437,0.45645085,0.8333333333333334,5,5.0,0.0
0.5926,0.0122,0.9381759,0.4445744,1.0,4,3.0,0.0
0.4896,0.0257,0.92983675,0.46852142,0.7777777777777778,7,8.0,0.0
0.5131,0.0139,0.93348926,0.43163207,0.8333333333333334,5,5.0,0.0
0.2984,0.0245,0.79125917,0.3651631,0.75,3,3.0,0.0
1.0,0.0199,0.9999999,0.40938222,1.0,3,2.0,0.0
0.4343,0.0242,0.92080414,0.40777215,0.8333333333333334,5,5.0,0.0
0.4447,0.0196,0.8199109,0.3621293,0.5,1,1.0,0.0
0.624,0.0306,0.9271908,0.4531123,0.8333333333333334,5,5.0,0.0
0.4328,0.0176,0.6217065,0.27349752,0.6666666666666666,2,1.0,0.0
0.4645,0.0116,0.9343042,0.44282,0.5,1,1.0,0.0
0.3723,0.0243,0.8733833,0.42122117,0.8333333333333334,5,5.0,0.0
0.4797,0.0295,0.81186557,0.394416,0.5,1,1.0,0.0
0.507,0.0257,0.93041205,0.4161139,0.8,4,4.0,0.0
0.3659,0.0225,0.8989959,0.41587287,0.8333333333333334,5,5.0,0.0
1.0,0.0123,0.9999999,0.47962722,0.6666666666666666,2,2.0,0.0
0.3572,0.0113,0.7036017,0.35943934,1.0,1,0.0,0.0
0.8306,0.0118,0.5188992,0.24267104,1.0,1,0.0,0.0
0.8346,0.0136,0.8984803,0.34068754,1.0,1,0.0,0.0
0.3096,0.0012,0.6570856,0.31413057,0.5,1,1.0,0.0
0.502,0.0192,0.6971693,0.38014933,0.5,1,2.0,1.0
0.4756,0.0095,0.7128125,0.34710446,1.0,1,1.0,0.0
0.595,0.0136,0.84177995,0.34234512,0.5,1,2.0,0.0
0.353,0.012,0.6992332,0.226757,1.0,1,0.0,0.0
0.9098,0.004,0.6352251,0.18583573,1.0,1,0.0,0.0
0.4172,0.0135,0.6371135,0.34973004,1.0,1,0.0,0.0
0.4133,0.0089,0.6044344,0.284488,1.0,1,0.0,0.0
1.0,0.0123,0.9999999,0.47962722,0.6666666666666666,2,2.0,0.0
0.2707,0.0258,0.76730025,0.41192442,0.5,1,1.0,0.0
0.0,0.0,0.6903259,0.29224005,1.0,1,0.0,0.0
0.5186,0.0119,0.64547634,0.3548287,1.0,1,0.0,0.0
0.0,0.0,0.82558787,0.38711032,1.0,1,1.0,0.0
0.6666,0.017,0.8952223,0.2738254,0.5,1,1.0,0.0
0.5269,0.0069,0.6917546,0.33513743,1.0,1,0.0,0.0
0.3831,0.0033,0.7077091,0.36530325,1.0,1,0.0,0.0
0.3733,0.0098,0.7762326,0.4371235,1.0,1,0.0,0.0
0.3343,0.0078,0.7170327,0.4503627,1.0,2,1.0,0.0
0.714,0.0193,0.99481845,0.31759462,1.0,1,1.0,0.0
0.568,0.0114,0.9351561,0.46591628,0.6666666666666666,4,5.0,0.0
0.4907,0.0047,0.9567666,0.3126687,1.0,1,0.0,0.0
0.7799,0.0048,0.61585724,0.18461908,1.0,1,0.0,0.0
0.5733,0.0104,0.84948397,0.31716645,1.0,3,2.0,0.0
0.4332,0.0147,0.59368694,0.28455344,1.0,1,0.0,0.0
0.5131,0.0171,0.93381524,0.46105888,0.5,1,1.0,0.0
0.783,0.0149,0.96638745,0.47555715,0.5,2,3.0,0.0
0.4446,0.0162,0.73611516,0.33562225,1.0,1,0.0,0.0
0.3454,0.0137,0.85864246,0.32888013,1.0,1,1.0,0.0
0.8281,0.0172,0.8952223,0.27679834,1.0,1,0.0,0.0
0.4007,0.005,0.7128125,0.40776616,1.0,1,0.0,0.0
0.5161,0.0198,0.89251554,0.50047207,1.0,1,0.0,0.0
0.3445,0.0136,0.94127953,0.49272063,0.8333333333333334,5,5.0,0.0
0.9527,0.014,0.9186771,0.29182023,1.0,1,0.0,0.0
0.3073,0.0184,0.7286407,0.3760043,1.0,1,0.0,0.0
0.6146,0.01,0.6605481,0.24466781,1.0,1,1.0,0.0
0.5139,0.0195,0.9652399,0.46222785,0.8,4,4.0,0.0
0.2915,0.0196,0.7660843,0.292235,1.0,1,1.0,0.0
0.3994,0.0104,0.64571404,0.28196627,1.0,3,2.0,0.0
1.0,0.0157,0.9517131,0.26788625,1.0,1,0.0,0.0
0.5522,0.0165,0.7664757,0.33419207,1.0,1,0.0,0.0
0.0,0.0,0.7177982,0.33804256,1.0,1,0.0,0.0
0.5668,0.0213,0.88254845,0.4121449,0.75,3,3.0,0.0
0.5896,0.0157,0.90726733,0.4711871,0.5,1,1.0,0.0
0.3149,0.014,0.8904904,0.41893077,0.7777777777777778,7,8.0,0.0
0.6626,0.0138,0.90917313,0.50134265,1.0,1,0.0,0.0
1.0,0.007,1.0000002,0.3143916,1.0,1,1.0,0.0
0.3173,0.013,0.41565388,0.09826836,1.0,1,0.0,0.0
1.0,0.007,1.0000002,0.3143916,1.0,1,1.0,0.0
0.513,0.0137,0.9480512,0.456417,0.8333333333333334,5,5.0,0.0
0.4614,0.0075,0.790546,0.23338635,1.0,3,2.0,0.0
0.3591,0.0136,0.703796,0.38967812,0.5,1,0.0,0.0
0.3275,0.0163,0.77914107,0.3778432,1.0,1,0.0,0.0
0.7025,0.0139,0.93386424,0.45171753,0.75,3,3.0,0.0
0.4475,0.0222,0.7047077,0.33949834,1.0,1,0.0,0.0
0.7368,0.0147,0.91637194,0.30361444,0.5,1,1.0,0.0
0.4597,0.0042,0.6142203,0.25758392,1.0,1,1.0,0.0
0.4833,0.0053,0.8716657,0.31029692,1.0,1,0.0,28.0
0.7171,0.0042,0.6930028,0.13562296,0.5,1,2.0,0.0
0.5555,0.0037,0.8185371,0.289189,1.0,1,0.0,0.0
0.4434,0.0169,0.6095817,0.3310913,1.0,1,0.0,0.0
0.3184,0.0016,0.7543248,0.32218742,1.0,1,1.0,0.0
0.5726,0.0083,0.99481845,0.3227866,1.0,1,0.0,0.0
0.5986,0.0093,0.92881066,0.41156128,0.6666666666666666,6,7.0,0.0
0.3153,0.0201,0.81526214,0.4032096,0.5,1,2.0,1.0
0.4016,0.0117,0.8338208,0.26736176,1.0,1,0.0,0.0
0.3546,0.0205,0.6582153,0.29189098,1.0,1,0.0,0.0
0.4278,0.0055,0.8362824,0.31630948,1.0,1,0.0,0.0
0.783,0.0138,0.96638745,0.45602477,0.7,7,9.0,0.0
0.5799,0.0146,0.8543409,0.46185076,0.5,1,1.0,0.0
0.6455,0.0112,0.80662584,0.33942655,1.0,2,1.0,1.0
0.9539,0.0139,0.9098203,0.35169277,1.0,1,0.0,0.0
0.5657,0.0167,0.7646421,0.37818086,1.0,1,1.0,0.0
0.4865,0.0091,0.8090288,0.23757207,0.5,1,2.0,0.0
0.0,0.0,0.6604638,0.20635614,1.0,1,0.0,0.0
0.3269,0.0257,0.72289705,0.31415337,1.0,1,0.0,0.0
0.7171,0.0066,0.64652455,0.23834103,1.0,1,0.0,0.0
0.432,0.0096,0.66876256,0.31792623,1.0,1,0.0,0.0
0.6163,0.0139,0.75797755,0.40196496,1.0,1,0.0,0.0
0.3763,0.0211,0.83779764,0.44751468,1.0,2,0.0,0.0
0.4553,0.0057,0.7207511,0.15391046,1.0,1,0.0,0.0
0.4213,0.0168,0.8277558,0.41787747,1.0,1,1.0,0.0
0.3395,0.0076,0.6188481,0.32773024,1.0,1,0.0,0.0
1.0,0.0418,0.8489013,0.3866696,1.0,1,1.0,0.0
0.0,0.0,0.6465946,0.1398602,1.0,1,0.0,0.0
0.4878,0.0046,0.717324,0.25200886,1.0,2,0.0,0.0
0.2139,0.0082,0.6958635,0.347602,1.0,1,1.0,0.0
0.6958,0.0038,0.7424133,0.36273992,1.0,1,0.0,0.0
0.2432,0.0129,0.7046792,0.3416997,1.0,1,0.0,0.0
0.653,0.0026,0.7884698,0.32291207,1.0,1,1.0,0.0
0.3999,0.0182,0.68504715,0.26863483,1.0,1,1.0,0.0
0.4226,0.0281,0.8130597,0.48728228,1.0,1,1.0,0.0
0.3719,0.0024,0.68476015,0.14660597,1.0,1,0.0,0.0
0.3731,0.0145,0.73625636,0.3437986,0.6666666666666666,2,1.0,0.0
0.5638,0.0023,0.47414845,0.21535672,1.0,1,0.0,0.0
0.5047,0.0044,0.8071251,0.38068584,1.0,1,1.0,0.0
0.4031,0.0116,0.6599715,0.34654605,1.0,2,1.0,1.0
0.5232,0.0017,0.7733816,0.3560896,1.0,1,1.0,0.0
0.4898,0.0212,0.8086011,0.39514282,1.0,1,1.0,0.0
0.5687,0.0066,0.7782981,0.27942136,1.0,1,0.0,0.0
0.351,0.005,0.8071251,0.3331739,1.0,2,1.0,0.0
0.2464,0.0161,0.6871022,0.35999516,1.0,1,0.0,0.0
0.3063,0.0085,0.6954607,0.23274055,1.0,1,0.0,0.0
0.3962,0.0175,0.6203901,0.23340318,1.0,1,1.0,0.0
0.5061,0.0059,0.6594073,0.20752607,0.5,1,1.0,0.0
0.3994,0.0131,0.7489233,0.26493853,1.0,1,0.0,0.0
0.361,0.0086,0.7030407,0.2958969,1.0,1,0.0,0.0
0.7555,0.0135,0.8430619,0.32042748,0.5,1,2.0,0.0
0.7475,0.013,0.987266,0.3243154,1.0,1,0.0,0.0
0.0,0.0,0.73021364,0.28244528,1.0,1,0.0,0.0
0.3148,0.0132,0.5989531,0.23131421,1.0,1,1.0,0.0
0.4148,0.0147,0.67470527,0.224599,1.0,1,0.0,0.0
0.2832,0.0064,0.65981066,0.35395443,0.5,1,0.0,0.0
0.4806,0.0061,0.9147392,0.190018,1.0,1,0.0,0.0
0.2547,0.0153,0.7284109,0.23035035,1.0,1,0.0,0.0
0.0,0.0,0.84817356,0.3261423,1.0,1,0.0,0.0
0.3764,0.011,0.87106407,0.42236733,1.0,2,2.0,0.0
0.3495,0.011,0.6896074,0.32843056,1.0,1,1.0,0.0
0.2975,0.0187,0.6960488,0.29004884,1.0,1,0.0,0.0
0.6389,0.0114,0.6882074,0.34032223,1.0,1,1.0,0.0
0.3496,0.0162,0.70187724,0.3720497,1.0,1,1.0,0.0
0.5384,0.0109,0.9216746,0.25321028,1.0,1,0.0,0.0
0.6965,0.008,0.78024524,0.2718541,1.0,1,0.0,0.0
0.4881,0.0138,0.84019697,0.25359938,0.5,1,0.0,0.0
0.5029,0.0301,0.5846863,0.28553504,1.0,1,1.0,0.0
0.3274,0.0258,0.5595952,0.244919,0.3333333333333333,1,1.0,8.0
0.3314,0.0123,0.7088706,0.35587564,1.0,1,0.0,0.0
0.6158,0.0044,0.8802484,0.24674124,1.0,1,0.0,0.0
0.252,0.0031,0.6198251,0.31665128,1.0,1,0.0,0.0
0.4199,0.0097,0.77160794,0.40946284,1.0,1,1.0,0.0
0.4649,0.001,0.68333006,0.33165503,1.0,1,0.0,0.0
0.5796,0.0147,0.6427706,0.2501215,0.5,1,1.0,0.0
0.2476,0.0198,0.62641037,0.3263492,1.0,1,1.0,0.0
0.4799,0.0095,0.75185645,0.35580504,0.5,1,0.0,0.0
0.3633,0.0105,0.51634777,0.22848542,1.0,1,0.0,0.0
0.628,0.0131,0.70244205,0.43670902,1.0,3,0.0,0.0
0.4328,0.0187,0.77506423,0.33311868,1.0,3,0.0,0.0
0.3176,0.0154,0.7901839,0.4250182,1.0,3,0.0,0.0
0.3186,0.0182,0.54476017,0.24611439,1.0,1,1.0,0.0
0.3578,0.0143,0.6712039,0.29113603,1.0,2,0.0,0.0
0.3798,0.0159,0.87106407,0.40081927,1.0,2,2.0,0.0
0.2604,0.0086,0.6308954,0.2787597,1.0,2,1.0,0.0
0.4483,0.0126,0.52253175,0.17648704,1.0,1,0.0,0.0
0.6987,0.014,0.62542176,0.3136974,0.5,1,1.0,0.0
0.3537,0.0153,0.55687565,0.2949287,1.0,1,0.0,0.0
0.4036,0.0052,0.7733816,0.30935457,1.0,2,0.0,0.0
0.4249,0.0107,0.69245267,0.3432246,1.0,2,2.0,0.0
0.4189,0.0046,0.9338811,0.33504513,1.0,1,0.0,0.0
0.3765,0.0132,0.66841674,0.2759612,1.0,2,2.0,0.0
0.5972,0.0072,0.677936,0.30329543,1.0,1,1.0,0.0
0.4026,0.0088,0.61401206,0.2768951,1.0,2,1.0,0.0
0.6121,0.004,0.6252489,0.22015001,1.0,1,0.0,0.0
0.4705,0.0023,0.6567557,0.40135092,1.0,7,0.0,0.0
0.2867,0.0084,0.7457713,0.3156456,1.0,7,0.0,0.0
0.3255,0.0279,0.82320195,0.3883092,1.0,7,0.0,0.0
0.4517,0.0185,0.7024593,0.374544,1.0,7,0.0,0.0
0.326,0.0296,0.7741879,0.4448169,1.0,7,0.0,0.0
0.7978,0.0187,0.8997122,0.34921408,1.0,7,0.0,0.0
0.5306,0.0162,0.66462964,0.37505138,1.0,7,0.0,0.0
1.0,0.0215,0.9054595,0.28202042,1.0,1,1.0,0.0
0.4895,0.0008,0.4915276,0.20056449,1.0,1,0.0,0.0
0.6023,0.0007,0.7300024,0.19025907,1.0,1,0.0,0.0
0.3148,0.0204,0.73179036,0.41726184,1.0,1,0.0,0.0
0.6389,0.0104,0.7439076,0.4041939,1.0,1,0.0,0.0
0.0,0.0,0.8637794,0.35557342,1.0,1,0.0,0.0
0.4638,0.0201,0.7803466,0.3328043,1.0,1,0.0,0.0
0.3083,0.0116,0.7929163,0.39774394,1.0,1,0.0,0.0
0.0,0.0,0.48142552,0.109577335,1.0,1,0.0,0.0
0.4081,0.0156,0.6137879,0.22969824,1.0,1,0.0,0.0
0.4183,0.0211,0.82002,0.40991282,1.0,1,0.0,0.0
1.0,0.0215,0.85728395,0.2830991,1.0,1,0.0,0.0
1.0,0.0092,0.96901083,0.29011792,1.0,1,0.0,0.0
0.5903,0.0098,0.74028194,0.29439327,0.6666666666666666,2,1.0,0.0
1.0,0.0125,1.0,0.31197426,1.0,1,0.0,0.0
0.3294,0.009,0.5286872,0.21442553,1.0,1,0.0,0.0
0.292,0.0023,0.8456025,0.26825532,1.0,1,0.0,0.0
0.3983,0.0135,0.80550563,0.38342676,1.0,1,1.0,0.0
0.4194,0.0219,0.6595999,0.27854624,0.6666666666666666,2,1.0,0.0
0.0,0.0,0.7855524,0.26670927,1.0,1,0.0,0.0
0.4094,0.0057,0.7010322,0.32245612,1.0,1,1.0,0.0
0.0,0.0,0.5668081,0.141827,1.0,1,0.0,0.0
0.3607,0.0248,0.7555443,0.36072615,1.0,1,0.0,0.0
0.3823,0.0203,0.78955257,0.35015926,0.6666666666666666,2,2.0,24.0
0.3367,0.0122,0.7267655,0.34630823,1.0,1,1.0,0.0
0.4833,0.0122,0.62264365,0.30523658,1.0,1,0.0,0.0
0.4049,0.0075,0.6712039,0.303722,1.0,1,0.0,0.0
0.3155,0.018,0.7706239,0.40392303,0.5,2,2.0,0.0
0.3346,0.0156,0.76883245,0.32882544,0.3333333333333333,1,2.0,0.0
0.0,0.0,0.82058287,0.29378575,1.0,1,1.0,0.0
0.5849,0.0115,0.7705871,0.35126254,1.0,2,0.0,0.0
0.5419,0.014,0.82166064,0.41477826,1.0,1,0.0,0.0
0.5499,0.0012,0.5941676,0.2774571,1.0,1,1.0,0.0
0.4929,0.0055,0.8525187,0.2727154,1.0,1,0.0,0.0
0.6117,0.0047,0.8123517,0.35225767,1.0,1,1.0,0.0
0.4605,0.0135,0.75211716,0.28711614,1.0,1,0.0,0.0
0.3648,0.0262,0.7424724,0.37820143,1.0,1,1.0,0.0
0.4315,0.0135,0.68060863,0.34708422,0.5,1,1.0,0.0
0.442,0.0214,0.5826798,0.27078375,1.0,1,1.0,0.0
0.7111,0.0075,0.5804546,0.28951746,1.0,1,0.0,0.0
0.3588,0.0151,0.6344718,0.34259835,1.0,1,0.0,0.0
1.0,0.0125,1.0,0.31197426,1.0,1,0.0,0.0
0.3228,0.0122,0.75586176,0.2068181,1.0,1,0.0,0.0
0.3712,0.0111,0.6447679,0.34596992,1.0,1,1.0,0.0
0.3274,0.0093,0.52739805,0.20972341,1.0,1,0.0,0.0
0.5186,0.0099,0.62901556,0.3448449,1.0,1,0.0,0.0
0.4878,0.0056,0.9567666,0.32877308,1.0,1,0.0,0.0
0.0,0.0,0.73835075,0.38455522,1.0,1,0.0,0.0
0.5921,0.0043,0.6888814,0.19124629,1.0,1,0.0,0.0
0.3896,0.0053,0.6723505,0.30950037,1.0,1,0.0,0.0
0.2764,0.0139,0.63469017,0.2909507,1.0,1,0.0,1.0
0.5509,0.0077,0.73185146,0.3856867,1.0,1,1.0,0.0
0.4606,0.0128,0.76984096,0.267583,1.0,1,1.0,0.0
0.4697,0.0155,0.64822364,0.23412172,1.0,1,1.0,0.0
0.6685,0.0183,0.68060863,0.3266483,0.5,1,1.0,0.0
0.4938,0.0128,0.75169325,0.24563518,1.0,1,1.0,0.0
0.338,0.0194,0.6989677,0.3399101,1.0,1,0.0,0.0
0.3309,0.0123,0.7728339,0.4305972,1.0,2,0.0,0.0
1.0,0.0111,0.70864844,0.29724813,1.0,1,0.0,0.0
0.4841,0.0075,0.7209193,0.27349246,1.0,1,1.0,0.0
0.3394,0.0143,0.8217305,0.398866,1.0,1,0.0,0.0
0.3753,0.0168,0.7339412,0.32722092,0.8,4,3.0,0.0
0.6095,0.0074,0.70277846,0.28123334,1.0,1,0.0,0.0
0.3099,0.003,0.7485889,0.35395375,1.0,1,0.0,0.0
0.0,0.0,0.9024346,0.31451857,1.0,1,1.0,0.0
0.605,0.0027,0.88057506,0.32837817,0.5,1,0.0,0.0
0.3715,0.0168,0.829972,0.46068308,0.5,1,0.0,0.0
0.7002,0.0079,0.58508384,0.22301787,1.0,1,0.0,0.0
1.0,0.0061,0.66887933,0.28191736,1.0,1,1.0,0.0
0.405,0.0233,0.74200547,0.36443847,1.0,1,0.0,0.0
0.3849,0.017,0.6312852,0.32073972,1.0,1,1.0,0.0
0.7528,0.0046,0.5996946,0.30914932,1.0,1,1.0,0.0
0.5763,0.0095,0.76655555,0.23562494,1.0,1,0.0,0.0
0.2939,0.0116,0.7721717,0.43877444,0.8,4,3.0,0.0
0.4597,0.0033,0.69299334,0.31280556,1.0,1,0.0,0.0
0.4444,0.0083,0.93025863,0.3561048,1.0,1,1.0,0.0
0.7111,0.0028,0.62634015,0.2934365,1.0,1,0.0,0.0
0.2834,0.0115,0.7387991,0.43265414,1.0,1,1.0,0.0
0.0,0.0,0.807808,0.41010082,1.0,1,0.0,0.0
0.4405,0.0185,0.8333571,0.38878724,0.5,1,2.0,0.0
0.4363,0.0102,0.7460891,0.23470141,1.0,1,0.0,0.0
0.7798,0.006,0.93541634,0.35083452,1.0,1,0.0,0.0
0.3029,0.0133,0.657176,0.28359023,0.8,4,3.0,0.0
0.7982,0.0029,0.7377955,0.25309095,1.0,1,0.0,0.0
0.3467,0.0118,0.74970555,0.36471987,1.0,1,0.0,0.0
0.7313,0.0086,0.82401186,0.34274578,1.0,1,1.0,0.0
0.3586,0.0165,0.7355855,0.41143534,0.8,4,3.0,0.0
0.4,0.012,0.7837282,0.3225925,1.0,1,0.0,0.0
0.4162,0.0291,0.6930943,0.34855562,1.0,1,0.0,0.0
0.3782,0.0015,0.7308594,0.28388423,1.0,1,1.0,0.0
0.628,0.0156,0.6952378,0.37333325,1.0,3,3.0,1.0
0.6597,0.0077,0.5965044,0.32503474,1.0,2,2.0,0.0
0.5531,0.017,0.8007339,0.40645915,1.0,3,3.0,1.0
0.6597,0.0167,0.73376334,0.35703558,1.0,2,2.0,0.0
0.3606,0.0049,0.7487757,0.21020827,1.0,1,1.0,0.0
0.0,0.0,1.0000001,0.28146854,1.0,1,0.0,0.0
0.3586,0.0179,0.78069663,0.41586408,1.0,1,0.0,0.0
0.5857,0.0076,0.65082055,0.27157885,1.0,1,0.0,0.0
0.3611,0.0135,0.7639463,0.36869153,1.0,1,0.0,0.0
0.5531,0.0117,0.79042095,0.36074308,1.0,3,3.0,1.0
0.2699,0.0073,0.49387276,0.21844223,0.5,1,0.0,0.0
1.0,0.0418,0.7397636,0.31357196,1.0,1,0.0,0.0
0.3452,0.019,0.5685562,0.27328938,1.0,1,0.0,0.0
0.5884,0.0092,0.7924025,0.3311292,0.5,1,1.0,0.0
0.8368,0.0069,0.80821943,0.19181931,1.0,1,0.0,0.0
0.3362,0.0069,0.71183807,0.25540337,1.0,1,1.0,0.0
0.4712,0.0085,0.6287714,0.28785986,1.0,1,1.0,1.0
1.0,0.0092,0.9550136,0.2878627,1.0,1,0.0,0.0
0.5972,0.0107,0.7424528,0.3550078,1.0,1,1.0,0.0
0.4249,0.0088,0.8695514,0.3832004,1.0,1,1.0,0.0
1.0,0.0035,0.93901145,0.36270097,1.0,1,1.0,0.0
0.771,0.0131,0.81895757,0.40680593,1.0,1,0.0,0.0
0.3294,0.0129,0.69806594,0.32185292,1.0,1,0.0,0.0
0.7475,0.0126,0.8555075,0.27913412,1.0,2,0.0,0.0
1.0,0.0111,0.78160965,0.33207038,1.0,1,0.0,0.0
0.3011,0.0135,0.69925094,0.3717278,1.0,1,0.0,0.0
0.5763,0.0114,0.84944344,0.33783293,1.0,1,0.0,0.0
0.7087,0.0068,0.8695514,0.36598796,1.0,1,0.0,1.0
0.2881,0.0053,0.542856,0.21270059,0.5,1,2.0,0.0
0.4078,0.0113,0.6401505,0.21902746,1.0,1,1.0,0.0
0.3713,0.0118,0.64571404,0.3059288,1.0,1,0.0,0.0
0.4444,0.0154,0.4432586,0.14485452,1.0,1,0.0,0.0
0.6603,0.0092,0.7185093,0.43678257,0.5,1,2.0,0.0
0.3336,0.0145,0.7611327,0.40714967,0.5,1,0.0,0.0
0.0,0.0,0.92275417,0.28863433,0.5,1,1.0,0.0
0.4715,0.019,0.80692995,0.36816388,1.0,1,0.0,0.0
0.5466,0.0069,0.83933324,0.21903804,1.0,2,0.0,0.0
0.0,0.0,0.78950775,0.34747908,1.0,1,0.0,0.0
0.2559,0.0044,0.6487272,0.19919418,1.0,1,0.0,0.0
0.4298,0.0069,0.4823478,0.1791449,1.0,1,0.0,0.0
0.2955,0.0072,0.72063386,0.36596623,1.0,1,1.0,0.0
0.8577,0.006,0.95869863,0.35909182,1.0,1,0.0,0.0
0.3214,0.0118,0.7426852,0.43164527,1.0,1,0.0,0.0
0.4506,0.0121,0.65372455,0.2891331,1.0,1,1.0,0.0
0.7352,0.0024,0.72953814,0.2137025,1.0,1,0.0,0.0
0.8302,0.0128,0.8802897,0.3620657,0.4,2,2.0,0.0
0.4597,0.0032,0.7704635,0.30492404,1.0,1,0.0,0.0
0.4305,0.0095,0.64501345,0.34171075,1.0,1,0.0,2.0
0.3719,0.0115,0.6654273,0.28984952,1.0,1,0.0,0.0
0.7209,0.0128,0.63004154,0.32077357,1.0,1,0.0,0.0
0.6003,0.0019,0.7162689,0.20956056,1.0,1,0.0,0.0
0.9098,0.0063,0.6352251,0.28431752,1.0,1,0.0,0.0
0.3443,0.0139,0.7421932,0.31310505,1.0,1,1.0,0.0
0.2752,0.0179,0.6721833,0.28383046,0.8,4,3.0,0.0
0.2863,0.0113,0.73139024,0.35996652,1.0,1,0.0,0.0
0.6607,0.0094,0.96901083,0.2660461,1.0,1,0.0,0.0
0.4049,0.008,0.629656,0.29932734,1.0,1,0.0,0.0
0.3885,0.0127,0.5860481,0.2998918,1.0,1,0.0,0.0
0.5986,0.013,0.5764345,0.22205916,1.0,1,1.0,0.0
0.3778,0.0088,0.70269287,0.3285074,1.0,1,0.0,0.0
0.4139,0.0101,0.7217994,0.36968198,1.0,1,0.0,0.0
0.3525,0.0056,0.8263737,0.42439812,0.5,1,1.0,0.0
0.351,0.012,0.7682064,0.31055173,1.0,1,0.0,0.0
0.3749,0.0118,0.58126247,0.2580203,1.0,1,0.0,0.0
0.4305,0.0124,0.6214055,0.23800687,1.0,1,0.0,0.0
0.4317,0.0076,0.6974764,0.27845764,1.0,1,0.0,0.0
0.5353,0.0094,0.9197844,0.33056656,1.0,1,1.0,0.0
0.4312,0.0038,0.4542936,0.16505006,1.0,1,0.0,0.0
0.6226,0.0036,0.86540806,0.27375424,1.0,1,1.0,0.0
0.3779,0.0148,0.822134,0.31675386,0.5,1,0.0,0.0
0.4653,0.0067,0.6253656,0.19523266,1.0,1,0.0,0.0
0.3703,0.0098,0.7493317,0.3023809,1.0,1,0.0,0.0
0.3924,0.0114,0.7944533,0.44150454,1.0,2,0.0,0.0
0.3617,0.0119,0.70960563,0.41601828,1.0,1,0.0,0.0
0.3282,0.0024,0.61742043,0.25810125,1.0,1,1.0,0.0
0.3985,0.0082,0.7227296,0.38351423,1.0,2,0.0,0.0
0.3068,0.0297,0.6350516,0.26926357,0.5,1,0.0,0.0
0.5017,0.0099,0.73777604,0.24924834,1.0,1,0.0,0.0
0.2211,0.0121,0.7455897,0.3594273,1.0,1,0.0,0.0
0.2539,0.005,0.62973773,0.2643602,0.3333333333333333,1,0.0,0.0
0.4199,0.0128,0.67734885,0.32365724,1.0,1,0.0,0.0
0.4882,0.0316,0.51238483,0.14709347,1.0,1,0.0,0.0
0.4193,0.0056,0.80662584,0.3407145,1.0,2,2.0,0.0
0.0,0.0,0.8384458,0.3269982,1.0,1,1.0,0.0
0.666,0.0064,0.71055317,0.25066578,1.0,2,2.0,0.0
0.3851,0.0127,0.571656,0.32299355,1.0,1,1.0,0.0
0.3191,0.0292,0.8389987,0.43265903,1.0,1,0.0,0.0
0.5125,0.0255,0.8201644,0.4215049,1.0,1,1.0,0.0
0.7038,0.0146,0.7101751,0.33749714,1.0,1,0.0,0.0
0.5431,0.0045,0.773166,0.44345874,1.0,1,1.0,0.0
0.3568,0.015,0.7161173,0.35152206,0.3333333333333333,1,1.0,0.0
0.3812,0.0158,0.80550563,0.3983291,1.0,1,1.0,0.0
0.531,0.0331,0.75006133,0.36731425,1.0,1,1.0,0.0
0.5305,0.0305,0.84234494,0.36368734,0.5,1,2.0,0.0
0.7671,0.0206,0.7646421,0.2657838,1.0,1,0.0,0.0
0.2279,0.0094,0.6571169,0.31678784,1.0,2,0.0,0.0
0.2907,0.0153,0.78351057,0.37698042,1.0,2,0.0,0.0
0.4349,0.0093,0.7077185,0.3045723,1.0,1,0.0,0.0
0.4788,0.0071,0.50315344,0.23171753,1.0,1,0.0,0.0
0.4477,0.0267,0.8201644,0.40594274,0.5,1,0.0,0.0
0.378,0.0075,0.797698,0.37147275,1.0,1,1.0,0.0
0.2702,0.0035,0.65491545,0.28388888,1.0,1,1.0,0.0
0.3432,0.0161,0.708397,0.32519025,0.5,2,1.0,1.0
0.2925,0.0046,0.583779,0.24069338,0.5,1,0.0,0.0
0.2879,0.0193,0.7857269,0.34591183,0.5,1,2.0,1.0
0.4726,0.0033,0.6641661,0.24684033,1.0,1,0.0,0.0
0.3102,0.0252,0.5958823,0.3018474,0.6666666666666666,2,1.0,1.0
0.4553,0.0051,0.7207511,0.22422303,1.0,1,0.0,0.0
0.3576,0.0083,0.8013695,0.4135889,1.0,1,0.0,0.0
0.455,0.0122,0.5959717,0.32294193,1.0,1,0.0,0.0
0.8111,0.0086,0.7655866,0.30256742,1.0,1,0.0,0.0
0.3072,0.0201,0.80755204,0.40381438,0.6666666666666666,2,1.0,1.0
0.4098,0.0166,0.8110441,0.36826667,0.5,1,2.0,0.0
0.5246,0.0205,0.7319279,0.4122873,1.0,1,1.0,0.0
0.3774,0.0093,0.6321285,0.30141312,1.0,1,0.0,0.0
0.3384,0.0195,0.74670625,0.33042207,0.6666666666666666,2,1.0,1.0
0.0,0.0,0.82558787,0.30148578,1.0,1,1.0,0.0
0.3282,0.018,0.7736181,0.40820727,1.0,1,0.0,0.0
0.2676,0.0142,0.7830732,0.43554065,1.0,1,1.0,0.0
0.265,0.0175,0.6192876,0.23161377,1.0,1,1.0,0.0
0.3201,0.013,0.6695357,0.34144253,1.0,1,1.0,0.0
0.4048,0.0086,0.67974335,0.2933607,1.0,1,0.0,0.0
0.5792,0.0038,0.797698,0.39920717,0.5,1,0.0,0.0
0.2993,0.0253,0.77138054,0.2821586,1.0,2,1.0,1.0
0.273,0.0159,0.6920014,0.37124407,0.5,1,1.0,0.0
0.3901,0.0051,0.80331933,0.33059368,1.0,1,0.0,0.0
0.3159,0.0151,0.76721436,0.2682566,0.5,1,2.0,0.0
0.3684,0.019,0.66427755,0.310692,1.0,1,1.0,0.0
0.2892,0.024,0.62638474,0.26411414,1.0,1,0.0,0.0
0.3909,0.0092,0.74948573,0.36078355,1.0,1,1.0,0.0
0.3747,0.005,0.62754965,0.3505119,1.0,1,0.0,0.0
0.3936,0.0102,0.64235646,0.29258636,1.0,1,0.0,0.0
0.4358,0.0075,0.6452439,0.3915543,0.5,2,2.0,0.0
0.7044,0.0253,0.7928627,0.36439568,0.3333333333333333,1,3.0,5.0
0.4424,0.0209,0.7826715,0.39989403,0.5,2,2.0,0.0
0.5146,0.0204,0.8133566,0.32024688,1.0,2,1.0,1.0
0.2794,0.0046,0.71231496,0.3620901,0.5,1,2.0,0.0
0.3886,0.0181,0.42681646,0.10388788,1.0,1,0.0,0.0
0.3713,0.0149,0.6465039,0.27900517,1.0,1,1.0,0.0
0.502,0.0191,0.7274576,0.3797378,1.0,1,1.0,0.0
0.2514,0.0102,0.7267373,0.37540135,1.0,1,0.0,0.0
0.3844,0.0091,0.6554446,0.32259232,0.5,1,2.0,1.0
0.2907,0.0012,0.8386104,0.25571054,1.0,1,0.0,0.0
1.0,0.0111,1.0000001,0.42593682,0.5,1,0.0,23.0
0.4928,0.0085,0.8032743,0.21036465,1.0,1,0.0,0.0
0.3132,0.0182,0.74226975,0.3492786,0.6666666666666666,2,2.0,1.0
0.2967,0.0128,0.75124913,0.32402846,1.0,1,1.0,0.0
0.3408,0.0179,0.7497754,0.37973347,1.0,1,0.0,0.0
0.3871,0.018,0.75447446,0.36343265,0.5,2,3.0,2.0
0.2833,0.0094,0.6930953,0.35015824,0.5,1,2.0,0.0
0.0,0.0,0.698226,0.23467205,1.0,1,1.0,0.0
0.339,0.0218,0.65831184,0.3158693,0.5,2,2.0,0.0
0.3871,0.0229,0.70205885,0.30360675,0.6666666666666666,2,2.0,1.0
0.4973,0.0057,0.746506,0.28309456,0.5,1,2.0,0.0
0.388,0.0079,0.7851367,0.3620411,1.0,1,0.0,0.0
0.5446,0.0131,0.7788143,0.3468036,1.0,1,1.0,0.0
0.5306,0.011,0.767913,0.38225764,1.0,1,1.0,0.0
0.2627,0.014,0.7623521,0.4065532,1.0,1,1.0,0.0
0.266,0.0049,0.7614815,0.39657626,1.0,1,0.0,0.0
0.523,0.0144,0.68409383,0.28795266,1.0,2,1.0,0.0
0.2789,0.0157,0.6506006,0.3167145,1.0,2,1.0,0.0
0.4696,0.0175,0.69248235,0.36744484,1.0,1,0.0,0.0
0.2967,0.0198,0.71189415,0.37156922,1.0,1,0.0,0.0
0.0,0.0,0.7250364,0.33248883,1.0,1,1.0,0.0
0.2267,0.0127,0.6705401,0.28472462,0.5,2,3.0,2.0
0.4475,0.0226,0.83077323,0.43983388,1.0,1,1.0,0.0
0.6653,0.0054,0.7177982,0.29855713,0.3333333333333333,1,3.0,5.0
0.447,0.0008,0.72731423,0.22556281,1.0,1,1.0,0.0
0.4381,0.0224,0.7395115,0.31945568,0.5,1,1.0,3.0
0.4874,0.0207,0.7072189,0.29011703,1.0,1,0.0,0.0
0.3312,0.0208,0.8322818,0.44560322,0.5,1,2.0,1.0
0.3599,0.0191,0.78948665,0.3322102,1.0,1,1.0,0.0
0.2975,0.0178,0.78948665,0.3320662,1.0,1,0.0,0.0
0.2772,0.017,0.73424065,0.3300816,1.0,1,0.0,0.0
0.3924,0.016,0.6407768,0.323839,0.3333333333333333,1,1.0,8.0
0.307,0.0198,0.7642105,0.38315615,1.0,1,0.0,0.0
0.5135,0.0154,0.7688681,0.3917,1.0,1,0.0,0.0
0.4184,0.0153,0.5785992,0.3358815,1.0,1,1.0,1.0
0.2702,0.0174,0.6754447,0.34260404,0.5,1,1.0,3.0
0.2264,0.0079,0.5474379,0.20802768,0.6666666666666666,2,2.0,1.0
0.5862,0.0082,0.78093886,0.41166624,1.0,2,0.0,0.0
0.4303,0.0214,0.8389987,0.40915713,1.0,1,1.0,0.0
0.2803,0.0125,0.5875521,0.22240143,1.0,1,0.0,0.0
0.2946,0.0113,0.777679,0.38200244,1.0,2,0.0,0.0
0.3137,0.0174,0.7466214,0.333392,1.0,1,0.0,0.0
0.2257,0.0087,0.7361909,0.403053,0.5,1,2.0,1.0
0.5653,0.0159,0.7198734,0.24123691,1.0,1,0.0,0.0
0.2794,0.0213,0.749966,0.44378445,1.0,1,0.0,0.0
0.4041,0.0159,0.7227179,0.41335946,1.0,1,1.0,0.0
0.2219,0.0081,0.7429757,0.4145748,0.4,2,2.0,0.0
0.3463,0.0041,0.8380736,0.26020887,1.0,1,1.0,0.0
1.0,0.0111,1.0000001,0.42593682,1.0,1,0.0,0.0
0.7025,0.0114,0.65918016,0.24615195,0.6,3,2.0,3.0
0.3703,0.0131,0.784444,0.4062807,1.0,1,1.0,0.0
0.5562,0.0225,0.6991937,0.3374225,1.0,1,1.0,0.0
0.7671,0.0067,0.72455645,0.37796497,1.0,1,1.0,0.0
0.3415,0.0184,0.7928627,0.3740666,1.0,1,1.0,0.0
0.0,0.0,0.5829327,0.10611174,1.0,1,1.0,0.0
0.2572,0.014,0.76631737,0.38379687,1.0,1,1.0,0.0
0.4057,0.0143,0.6929504,0.33514017,1.0,2,1.0,0.0
0.285,0.0135,0.78960264,0.40831468,1.0,2,1.0,0.0
0.3673,0.0125,0.71665996,0.27056378,1.0,1,1.0,0.0
0.5678,0.0084,0.6095882,0.2604661,1.0,1,0.0,1.0
0.511,0.011,0.74015945,0.30240557,0.6666666666666666,2,2.0,0.0
0.3377,0.0125,0.54504496,0.20170267,1.0,1,1.0,0.0
0.3669,0.0125,0.6609298,0.3241049,0.6666666666666666,2,2.0,0.0
0.4733,0.0087,0.7655866,0.33944905,0.3333333333333333,1,0.0,0.0
0.277,0.0169,0.7598648,0.3358977,1.0,1,1.0,0.0
0.6229,0.019,0.80943596,0.30826795,1.0,1,1.0,0.0
0.7955,0.0084,0.6419225,0.3237883,1.0,1,0.0,0.0
0.3652,0.0249,0.78022575,0.40622225,1.0,1,0.0,0.0
0.2394,0.0178,0.72630405,0.41321072,0.5,1,2.0,0.0
0.2772,0.0241,0.762656,0.454187,0.5,2,3.0,2.0
0.2559,0.012,0.7267145,0.40169194,0.5,1,2.0,0.0
0.238,0.018,0.64483804,0.30313846,1.0,1,1.0,0.0
0.4475,0.0084,0.62324315,0.22983982,0.5,1,0.0,0.0
0.3052,0.0136,0.7035251,0.2982439,1.0,1,1.0,0.0
0.3634,0.0108,0.79472756,0.37226856,1.0,1,1.0,0.0
0.4158,0.0125,0.73366857,0.2623759,1.0,1,1.0,0.0
0.3031,0.0122,0.74980605,0.4044326,1.0,1,1.0,0.0
0.3704,0.0065,0.75586176,0.22764316,1.0,1,0.0,0.0
0.4644,0.0206,0.6061643,0.25492948,0.3333333333333333,1,1.0,8.0
0.4491,0.011,0.8090288,0.2123721,1.0,1,0.0,0.0
0.4619,0.0189,0.770946,0.38129145,1.0,1,1.0,0.0
0.2885,0.0189,0.79123557,0.41821578,0.6666666666666666,2,1.0,0.0
0.3041,0.0176,0.7724822,0.44842023,0.6666666666666666,2,1.0,0.0
0.2657,0.0164,0.6847298,0.328826,0.5,1,0.0,1.0
0.4105,0.0169,0.64320374,0.260596,0.6,3,2.0,3.0
0.4881,0.0057,0.65372455,0.38514644,1.0,1,0.0,0.0
0.3221,0.0144,0.7820811,0.40539077,1.0,1,1.0,0.0
0.3881,0.0172,0.7096914,0.38502154,1.0,1,0.0,0.0
0.7025,0.0132,0.6816437,0.30663365,0.6,3,2.0,3.0
0.4633,0.0165,0.84839606,0.41744286,1.0,1,1.0,0.0
0.3209,0.0088,0.50222313,0.14624855,1.0,1,0.0,0.0
0.4447,0.0084,0.7501247,0.3899236,1.0,1,0.0,0.0
0.4175,0.0088,0.5893816,0.2000559,0.5,1,1.0,0.0
1.0,0.0061,0.6957414,0.3509551,1.0,1,0.0,0.0
0.5225,0.0087,0.7040423,0.250912,1.0,1,1.0,0.0
0.2231,0.0015,0.63821137,0.30699885,1.0,1,0.0,0.0
0.281,0.0213,0.6286179,0.32159105,1.0,1,0.0,0.0
0.5562,0.0166,0.72372854,0.3227786,0.6,3,2.0,3.0
0.3877,0.0119,0.5657854,0.2537181,1.0,1,0.0,0.0
0.2867,0.009,0.78704226,0.34376174,1.0,9,1.0,0.0
0.447,0.0138,0.8058128,0.36214668,0.3333333333333333,1,2.0,0.0
0.3345,0.0032,0.73114204,0.382424,1.0,9,1.0,0.0
0.3259,0.0141,0.55170226,0.23338678,1.0,9,1.0,0.0
0.3823,0.0044,0.85538673,0.45635775,1.0,9,1.0,0.0
0.6653,0.0075,0.85864246,0.30843174,1.0,9,1.0,0.0
0.7933,0.014,0.63932335,0.26085588,1.0,1,1.0,0.0
0.4907,0.0094,0.8094148,0.42805937,1.0,9,1.0,0.0
0.3324,0.0152,0.8149087,0.42834473,1.0,9,1.0,0.0
1.0,0.0125,1.0,0.31197426,1.0,1,1.0,1.0
0.3611,0.0145,0.7273531,0.37385556,1.0,9,1.0,0.0
0.3949,0.0059,0.7971536,0.37227273,1.0,1,1.0,0.0
0.44,0.0097,0.69806594,0.29118335,1.0,1,0.0,0.0
0.3324,0.011,0.8350386,0.43219742,1.0,9,1.0,0.0
0.3792,0.0272,0.76644695,0.33300206,1.0,1,1.0,0.0
0.5208,0.0255,0.82609373,0.25490433,1.0,1,0.0,0.0
0.2616,0.0114,0.78818154,0.42086238,1.0,1,0.0,0.0
0.6958,0.0029,0.7876804,0.36727658,1.0,1,0.0,0.0
0.6372,0.0164,0.6159338,0.3188105,1.0,1,1.0,0.0
0.6978,0.0153,0.702013,0.34679028,0.5,1,2.0,0.0
0.6022,0.0097,0.89829576,0.21531874,1.0,2,0.0,0.0
0.3495,0.0176,0.7380425,0.33785877,1.0,2,0.0,0.0
1.0,0.0173,1.0000004,0.36745396,1.0,1,0.0,0.0
0.3362,0.0084,0.5238844,0.23432568,1.0,3,0.0,0.0
0.3369,0.0176,0.6261,0.27211466,1.0,3,0.0,0.0
0.3656,0.0171,0.656757,0.31884068,1.0,3,0.0,0.0
0.3081,0.012,0.7422968,0.34702808,1.0,2,0.0,0.0
0.5549,0.0241,0.9243113,0.43509227,1.0,2,0.0,0.0
0.3295,0.0023,0.70719635,0.20438968,1.0,1,1.0,1.0
0.2462,0.0044,0.6404941,0.25696382,1.0,1,1.0,0.0
0.5431,0.0177,0.79350173,0.4327525,1.0,2,0.0,0.0
0.3814,0.0121,0.55753285,0.26829663,1.0,1,1.0,0.0
0.3433,0.0249,0.6011404,0.24345668,1.0,1,1.0,0.0
0.4091,0.0159,0.62275994,0.3645693,1.0,1,0.0,0.0
0.3759,0.0166,0.7098528,0.39727035,1.0,1,1.0,0.0
0.328,0.0167,0.787887,0.40224203,0.5,1,0.0,0.0
0.3556,0.0112,0.70539004,0.30728564,0.6666666666666666,2,0.0,0.0
0.3423,0.024,0.70881784,0.3541778,1.0,1,1.0,0.0
0.6668,0.0101,0.8135321,0.28295106,1.0,1,1.0,0.0
0.6229,0.0185,0.6997467,0.33238935,1.0,1,1.0,0.0
0.4627,0.0253,0.7995211,0.3928917,1.0,2,0.0,0.0
0.4506,0.0056,0.7938155,0.41834328,1.0,1,1.0,0.0
0.359,0.0106,0.7004229,0.31549895,1.0,1,0.0,0.0
0.3696,0.017,0.70350444,0.39873534,1.0,2,2.0,0.0
0.2983,0.0162,0.72809374,0.4105125,0.4,2,3.0,2.0
0.2783,0.0247,0.8145556,0.33973208,1.0,1,1.0,0.0
0.373,0.0129,0.58271587,0.25414774,1.0,2,2.0,0.0
0.3367,0.0152,0.77569425,0.39676327,1.0,1,1.0,0.0
0.4705,0.0007,0.7759237,0.38647172,1.0,1,0.0,0.0
0.2859,0.0139,0.5939142,0.29080582,0.6666666666666666,2,2.0,0.0
0.5146,0.0112,0.58856636,0.2074711,1.0,1,1.0,0.0
0.3132,0.0231,0.74967575,0.41720375,0.5,1,0.0,0.0
0.333,0.0245,0.7958196,0.36140212,1.0,1,1.0,0.0
0.5587,0.0019,0.5834611,0.26339725,1.0,1,1.0,0.0
0.3715,0.0188,0.8094148,0.40990195,0.5,1,0.0,1.0
1.0,0.0127,1.0,0.3211511,0.5,1,1.0,0.0
0.6158,0.01,0.72794026,0.28212345,1.0,1,0.0,0.0
0.3274,0.0005,0.6036693,0.1802267,1.0,1,1.0,0.0
0.605,0.0069,0.70628196,0.35903692,1.0,1,1.0,0.0
0.5855,0.0063,0.53532577,0.21426804,1.0,1,1.0,0.0
0.381,0.0188,0.4685779,0.18279113,1.0,1,1.0,0.0
0.2501,0.0214,0.7856877,0.43169045,1.0,1,0.0,0.0
0.3225,0.0066,0.79857224,0.43877,0.5,2,1.0,1.0
1.0,0.0127,1.0,0.3211511,0.5,1,1.0,0.0
0.4337,0.0216,0.6451607,0.21057017,1.0,1,1.0,0.0
0.5225,0.0093,0.8008474,0.36840713,1.0,1,1.0,0.0
0.3566,0.0156,0.72798884,0.36004373,1.0,1,0.0,0.0
0.3701,0.0059,0.66980267,0.22022375,0.5,2,1.0,1.0
0.4088,0.0277,0.73187464,0.3849597,1.0,1,0.0,4.0
0.6022,0.0025,0.9147392,0.21952498,1.0,1,0.0,0.0
0.3234,0.0183,0.7429,0.30918968,0.6666666666666666,2,1.0,1.0
0.4015,0.0162,0.7597043,0.37683508,1.0,2,1.0,0.0
0.3321,0.0195,0.8092543,0.32039058,1.0,1,0.0,0.0
0.5539,0.0109,0.75971735,0.36838347,0.5,1,1.0,0.0
0.2687,0.0143,0.7592039,0.3978311,0.6666666666666666,2,1.0,1.0
0.3447,0.0159,0.7436228,0.27671593,1.0,1,0.0,0.0
0.4107,0.0189,0.74392945,0.33080384,1.0,2,1.0,0.0
0.3113,0.0208,0.58237934,0.3198585,1.0,1,0.0,0.0
0.3382,0.007,0.7148419,0.35262832,1.0,1,0.0,0.0
0.2969,0.0062,0.6654725,0.3549528,1.0,1,1.0,0.0
0.2863,0.01,0.79109025,0.39479086,1.0,1,1.0,2.0
0.3804,0.017,0.8718303,0.375927,1.0,1,0.0,0.0
0.306,0.0197,0.801027,0.34120014,0.5,1,1.0,2.0
0.432,0.0143,0.6921868,0.25493115,1.0,1,1.0,0.0
0.6326,0.0112,0.7944921,0.3529909,0.4,2,2.0,0.0
0.3503,0.0109,0.7884154,0.2720256,0.4,2,2.0,0.0
0.4973,0.0062,0.84583855,0.32911175,1.0,1,1.0,3.0
0.3656,0.0189,0.68374497,0.2976647,1.0,1,1.0,0.0
0.388,0.0014,0.7606859,0.36814103,1.0,1,0.0,0.0
0.3483,0.0075,0.6121925,0.19899382,1.0,1,1.0,0.0
0.3787,0.0082,0.7991295,0.38221437,0.5,1,1.0,0.0
0.2927,0.0116,0.7975139,0.40547243,0.3333333333333333,1,0.0,0.0
0.2562,0.0104,0.615358,0.20612645,1.0,1,0.0,0.0
0.5965,0.0158,0.7203317,0.33454645,1.0,1,0.0,0.0
0.8368,0.0052,0.80821943,0.2607967,1.0,1,1.0,0.0
0.7287,0.0139,0.69765806,0.25834036,1.0,1,1.0,0.0
0.4715,0.0115,0.7295122,0.26648173,1.0,1,1.0,0.0
0.4057,0.0214,0.82166064,0.47173777,1.0,1,1.0,0.0
1.0,0.0139,0.9999995,0.42334053,1.0,1,1.0,0.0
0.3087,0.0216,0.66240734,0.329689,1.0,1,1.0,0.0
0.3396,0.0076,0.8056885,0.42313737,1.0,1,0.0,0.0
0.3806,0.0108,0.7436228,0.33154947,0.3333333333333333,1,3.0,5.0
0.431,0.0154,0.79824567,0.31560943,1.0,1,0.0,0.0
0.7933,0.0065,0.8076972,0.3058996,0.5,1,2.0,1.0
0.6095,0.0081,0.58312756,0.285906,1.0,1,1.0,1.0
0.3533,0.0224,0.77618825,0.33485293,1.0,1,1.0,0.0
0.4357,0.0123,0.7842527,0.27245653,1.0,1,1.0,0.0
0.8165,0.0014,0.60306287,0.17454118,0.5,1,0.0,0.0
0.7352,0.0037,0.6911081,0.35633373,1.0,1,1.0,0.0
0.2364,0.0088,0.73203564,0.28513142,1.0,1,1.0,0.0
0.511,0.0007,0.593639,0.1598176,1.0,1,0.0,0.0
0.3274,0.012,0.73662376,0.28681856,1.0,1,0.0,0.0
0.3968,0.0292,0.7624488,0.35842413,1.0,1,0.0,0.0
0.3447,0.0158,0.78519976,0.35468698,0.5,1,0.0,2.0
0.4279,0.013,0.72285944,0.36624968,1.0,1,0.0,0.0
0.7955,0.0068,0.70596486,0.24679254,0.5,1,1.0,0.0
0.6987,0.0096,0.76524043,0.23095177,1.0,1,0.0,0.0
0.3602,0.011,0.7242676,0.21796952,1.0,1,0.0,0.0
1.0,0.0139,0.9999995,0.42334053,1.0,1,1.0,0.0
0.3661,0.0118,0.7153058,0.3056796,1.0,1,0.0,0.0
0.6108,0.0126,0.7830318,0.3416132,0.5,1,2.0,1.0
0.3657,0.0152,0.59894127,0.2698013,0.5,1,2.0,0.0
1.0,0.007,1.0000002,0.3143916,1.0,1,1.0,4.0
0.2886,0.0048,0.72794026,0.2668082,1.0,1,1.0,0.0
0.2794,0.0161,0.77138114,0.34762052,1.0,1,1.0,0.0
0.2543,0.0085,0.6654725,0.27762678,1.0,1,1.0,0.0
0.4817,0.0082,0.67077243,0.32597142,0.5,1,0.0,2.0
0.3844,0.0071,0.6498342,0.30468896,0.5,1,2.0,1.0
0.3801,0.0023,0.7796531,0.41024745,0.3333333333333333,1,0.0,0.0
0.0,0.0,0.7254495,0.30499023,1.0,1,1.0,0.0
0.3344,0.0239,0.7361909,0.43981203,1.0,1,1.0,0.0
0.6226,0.0029,0.86540806,0.2927796,1.0,1,1.0,1.0
0.4085,0.0011,0.77073276,0.26824096,1.0,1,1.0,1.0
0.3643,0.0118,0.839326,0.39292383,0.5,1,2.0,1.0
0.2719,0.0142,0.6947741,0.2658893,1.0,1,1.0,0.0
0.3925,0.0141,0.74028194,0.3322723,0.5,1,1.0,1.0
0.2581,0.0136,0.7260114,0.42397484,0.4,2,3.0,2.0
0.2878,0.0094,0.7591444,0.39923012,0.5,1,0.0,23.0
0.3712,0.005,0.6571149,0.3540967,1.0,1,1.0,0.0
0.3557,0.0176,0.89251554,0.447302,1.0,1,1.0,0.0
0.3937,0.0038,0.7459236,0.37311178,1.0,1,1.0,1.0
0.5878,0.015,0.71665996,0.22287999,1.0,1,1.0,0.0
0.2946,0.0054,0.720881,0.4077803,0.5,2,3.0,2.0
0.2807,0.0258,0.7267373,0.39886054,1.0,1,1.0,0.0
0.5587,0.0018,0.5841824,0.3311546,1.0,1,1.0,0.0
0.2325,0.0131,0.6565733,0.36021692,0.6666666666666666,4,1.0,1.0
0.4294,0.0055,0.76811075,0.35668504,0.5,1,2.0,0.0
0.3589,0.023,0.83182406,0.44374743,1.0,1,0.0,0.0
0.4788,0.0071,0.7269416,0.3663595,1.0,1,1.0,0.0
0.3043,0.0144,0.7342019,0.3983436,0.6666666666666666,4,1.0,1.0
0.3772,0.0218,0.7214334,0.37352425,0.6666666666666666,4,1.0,1.0
0.3737,0.025,0.6969265,0.35325187,0.6666666666666666,4,1.0,1.0
0.2524,0.0169,0.73652565,0.40988225,1.0,1,0.0,0.0
0.3546,0.0015,0.5098052,0.14450479,1.0,1,0.0,0.0
0.7982,0.0009,0.72849643,0.18943073,1.0,2,1.0,0.0
0.3161,0.01,0.6617173,0.33286923,1.0,1,1.0,0.0
0.5246,0.0153,0.7158773,0.3680091,1.0,1,1.0,0.0
0.2898,0.0243,0.6582153,0.34406894,1.0,2,1.0,0.0
0.4357,0.0142,0.79824567,0.3916886,0.4,2,3.0,2.0
0.2241,0.0111,0.7595484,0.35312638,1.0,1,1.0,0.0
0.4866,0.0142,0.6214287,0.32217214,1.0,1,1.0,0.0
0.3973,0.0109,0.77610296,0.30608213,0.4,2,3.0,2.0
0.435,0.0157,0.8165078,0.46079576,1.0,1,0.0,0.0
0.3427,0.0104,0.8095027,0.36131984,0.3333333333333333,1,3.0,1.0
0.4107,0.0048,0.70800185,0.28903872,1.0,1,1.0,0.0
0.4447,0.0115,0.6874646,0.2377611,1.0,1,1.0,0.0
0.3518,0.0142,0.7155017,0.31088805,1.0,1,1.0,0.0
0.6157,0.0088,0.62801147,0.3614557,1.0,1,1.0,1.0
0.8293,0.0124,0.91293764,0.30707598,1.0,1,0.0,0.0
1.0,0.0215,0.6996728,0.2480159,1.0,1,0.0,0.0
0.6603,0.0157,0.7137077,0.36973152,0.5,1,2.0,0.0
0.4457,0.0219,0.6857861,0.3963874,0.5,1,0.0,0.0
0.2555,0.008,0.60522664,0.31659606,1.0,1,0.0,20.0
0.3145,0.0294,0.8180171,0.4401501,1.0,1,1.0,0.0
0.2606,0.0072,0.7842527,0.36447126,1.0,1,1.0,0.0
1.0,0.0153,0.99999976,0.22779432,0.6666666666666666,2,2.0,24.0
0.3121,0.0069,0.6546671,0.24764971,1.0,1,1.0,0.0
0.5678,0.0153,0.6893366,0.39021352,0.3333333333333333,1,3.0,1.0
0.7528,0.0022,0.8226806,0.38030565,1.0,1,1.0,0.0
0.4928,0.0106,0.7661372,0.37743393,1.0,1,0.0,0.0
0.2534,0.0042,0.6083758,0.31434232,0.5,1,1.0,1.0
0.5034,0.0096,0.75003195,0.4333658,1.0,1,0.0,0.0
0.3973,0.007,0.79784024,0.38429785,0.4,2,3.0,2.0
0.413,0.0057,0.61643827,0.28750062,0.5,1,1.0,2.0
0.5076,0.022,0.6409532,0.26640204,1.0,1,1.0,0.0
0.2582,0.0081,0.76537794,0.34821534,0.6666666666666666,4,1.0,1.0
0.6662,0.0059,0.80266136,0.32027826,1.0,1,1.0,0.0
0.6978,0.0129,0.76120317,0.23252486,1.0,1,0.0,0.0
0.3656,0.0138,0.72687685,0.33124626,1.0,1,1.0,0.0
0.3572,0.0119,0.65981066,0.31144166,0.5,1,1.0,0.0
0.456,0.0075,0.6874646,0.20091672,0.6666666666666666,2,1.0,4.0
0.3296,0.0084,0.6894134,0.35128695,1.0,1,1.0,0.0
1.0,0.0153,0.99999976,0.22779432,0.6666666666666666,2,2.0,24.0
0.3012,0.0039,0.57682383,0.32615826,1.0,1,1.0,0.0
0.2736,0.0071,0.5693855,0.27654117,1.0,1,0.0,0.0
0.34,0.0096,0.730209,0.3358266,0.5,1,2.0,0.0
0.2972,0.0176,0.78176475,0.35034218,0.6666666666666666,4,1.0,1.0
0.3109,0.019,0.7998046,0.3858254,1.0,1,0.0,0.0
0.5687,0.0127,0.7940583,0.38692713,1.0,1,0.0,0.0
0.3572,0.0053,0.7762971,0.41477665,1.0,1,0.0,0.0
0.3828,0.019,0.7764792,0.43205363,1.0,2,1.0,0.0
0.2477,0.0086,0.50478303,0.23714817,1.0,2,1.0,0.0
0.3528,0.0206,0.6876002,0.3468889,1.0,1,1.0,1.0
0.3449,0.0139,0.67375576,0.26583576,1.0,1,1.0,0.0
0.3529,0.0276,0.78585136,0.37650037,1.0,1,1.0,0.0
0.3894,0.0066,0.62398434,0.31976107,0.6666666666666666,2,1.0,4.0
0.456,0.0045,0.5665418,0.29742002,0.6666666666666666,2,1.0,4.0
0.3668,0.0167,0.5524869,0.26411384,1.0,1,0.0,0.0
0.4489,0.0218,0.76916313,0.382548,0.3333333333333333,1,0.0,0.0
0.3879,0.0005,0.60546017,0.2128254,1.0,1,1.0,0.0
0.6978,0.0169,0.702013,0.28874776,0.5,1,1.0,0.0
0.3159,0.0094,0.6202533,0.23961575,0.5,2,1.0,1.0
0.448,0.0185,0.8277558,0.39643568,0.6666666666666666,2,1.0,0.0
